Neo4j starting on bolt port 20000, PID=901
wait for another moment
wait for another moment
wait for another moment
wait for another moment
wait for another moment
wait for another moment
wait for another moment
wait for another moment
wait for another moment
wait for another moment
wait for another moment
wait for another moment
wait for another moment
wait for another moment
wait for another moment
wait for another moment
wait for another moment
wait for another moment
wait for another moment
wait for another moment
wait for another moment
wait for another moment
wait for another moment
wait for another moment
wait for another moment
Neo4j starting on bolt port 20000, PID=1541
wait for another moment
wait for another moment
wait for another moment
wait for another moment
wait for another moment
wait for another moment
wait for another moment
wait for another moment
wait for another moment
wait for another moment
wait for another moment
wait for another moment
wait for another moment
wait for another moment
wait for another moment
wait for another moment
wait for another moment
wait for another moment
wait for another moment
wait for another moment
wait for another moment
wait for another moment
wait for another moment
wait for another moment
wait for another moment
wait for another moment
wait for another moment
wait for another moment
wait for another moment
wait for another moment
wait for another moment
wait for another moment
wait for another moment
new global state
Database Name:neo4jdatabase0-1774882390919-0
CREATE CONSTRAINT c0 IF NOT EXISTS FOR (n:L0) REQUIRE (n.id) IS UNIQUE
CREATE CONSTRAINT c1 IF NOT EXISTS FOR (n:L1) REQUIRE (n.k8) IS UNIQUE
CREATE CONSTRAINT c2 IF NOT EXISTS FOR (n:L1) REQUIRE (n.id) IS UNIQUE
CREATE CONSTRAINT c3 IF NOT EXISTS FOR (n:L2) REQUIRE (n.k15) IS UNIQUE
CREATE CONSTRAINT c4 IF NOT EXISTS FOR (n:L3) REQUIRE (n.k19) IS UNIQUE
CREATE CONSTRAINT c5 IF NOT EXISTS FOR (n:L3) REQUIRE (n.k20) IS UNIQUE
CREATE CONSTRAINT c6 IF NOT EXISTS FOR (n:L3) REQUIRE (n.id) IS UNIQUE
CREATE CONSTRAINT c7 IF NOT EXISTS FOR (n:L4) REQUIRE (n.id) IS UNIQUE
CREATE CONSTRAINT c8 IF NOT EXISTS FOR (n:L5) REQUIRE (n.k28) IS UNIQUE
CREATE CONSTRAINT c9 IF NOT EXISTS FOR (n:L5) REQUIRE (n.k32) IS UNIQUE
CREATE INDEX i10 IF NOT EXISTS FOR (n:L0) ON (n.k3)
CREATE TEXT INDEX i11 IF NOT EXISTS FOR (n:L0) ON (n.k3)
CREATE INDEX i12 IF NOT EXISTS FOR (n:L0) ON (n.id)
CREATE INDEX i13 IF NOT EXISTS FOR (n:L1) ON (n.k6)
CREATE TEXT INDEX i14 IF NOT EXISTS FOR (n:L1) ON (n.k6)
CREATE INDEX i15 IF NOT EXISTS FOR (n:L1) ON (n.k8)
CREATE TEXT INDEX i16 IF NOT EXISTS FOR (n:L1) ON (n.k8)
CREATE INDEX i17 IF NOT EXISTS FOR (n:L1) ON (n.k10)
CREATE TEXT INDEX i18 IF NOT EXISTS FOR (n:L1) ON (n.k10)
CREATE INDEX i19 IF NOT EXISTS FOR (n:L1) ON (n.id)
CREATE INDEX i20 IF NOT EXISTS FOR (n:L2) ON (n.k13)
CREATE INDEX i21 IF NOT EXISTS FOR (n:L2) ON (n.k14)
CREATE TEXT INDEX i22 IF NOT EXISTS FOR (n:L2) ON (n.k14)
CREATE INDEX i23 IF NOT EXISTS FOR (n:L2) ON (n.k15)
CREATE INDEX i24 IF NOT EXISTS FOR (n:L2) ON (n.k16)
CREATE INDEX i25 IF NOT EXISTS FOR (n:L2) ON (n.id)
CREATE INDEX i26 IF NOT EXISTS FOR (n:L3) ON (n.k19)
CREATE TEXT INDEX i27 IF NOT EXISTS FOR (n:L3) ON (n.k19)
CREATE INDEX i28 IF NOT EXISTS FOR (n:L3) ON (n.k20)
CREATE INDEX i29 IF NOT EXISTS FOR (n:L3) ON (n.k21)
CREATE TEXT INDEX i30 IF NOT EXISTS FOR (n:L3) ON (n.k21)
CREATE INDEX i31 IF NOT EXISTS FOR (n:L3) ON (n.id)
CREATE INDEX i32 IF NOT EXISTS FOR (n:L4) ON (n.id)
CREATE INDEX i33 IF NOT EXISTS FOR (n:L5) ON (n.k28)
CREATE TEXT INDEX i34 IF NOT EXISTS FOR (n:L5) ON (n.k28)
CREATE INDEX i35 IF NOT EXISTS FOR (n:L5) ON (n.k30)
CREATE TEXT INDEX i36 IF NOT EXISTS FOR (n:L5) ON (n.k30)
CREATE INDEX i37 IF NOT EXISTS FOR (n:L5) ON (n.k32)
CREATE INDEX i38 IF NOT EXISTS FOR (n:L5) ON (n.id)
CREATE CONSTRAINT c39 IF NOT EXISTS FOR (n:L1) REQUIRE (n.k10, n.k8) IS UNIQUE
CREATE INDEX i40 IF NOT EXISTS FOR (n:L2) ON (n.k13, n.k15, n.k14)
CREATE INDEX i41 IF NOT EXISTS FOR (n:L3) ON (n.k19, n.k18)
CREATE CONSTRAINT c42 IF NOT EXISTS FOR (r:T0) REQUIRE (r.id) IS UNIQUE
CREATE CONSTRAINT c43 IF NOT EXISTS FOR (r:T1) REQUIRE (r.k41) IS UNIQUE
CREATE CONSTRAINT c44 IF NOT EXISTS FOR (r:T1) REQUIRE (r.k42) IS UNIQUE
CREATE CONSTRAINT c45 IF NOT EXISTS FOR (r:T1) REQUIRE (r.id) IS UNIQUE
CREATE CONSTRAINT c46 IF NOT EXISTS FOR (r:T2) REQUIRE (r.id) IS UNIQUE
CREATE CONSTRAINT c47 IF NOT EXISTS FOR (r:T3) REQUIRE (r.k56) IS UNIQUE
CREATE CONSTRAINT c48 IF NOT EXISTS FOR (r:T3) REQUIRE (r.id) IS UNIQUE
CREATE CONSTRAINT c49 IF NOT EXISTS FOR (r:T4) REQUIRE (r.k62) IS UNIQUE
CREATE CONSTRAINT c50 IF NOT EXISTS FOR (r:T4) REQUIRE (r.id) IS UNIQUE
CREATE CONSTRAINT c51 IF NOT EXISTS FOR (r:T5) REQUIRE (r.k64) IS UNIQUE
CREATE CONSTRAINT c52 IF NOT EXISTS FOR (r:T5) REQUIRE (r.k66) IS UNIQUE
CREATE CONSTRAINT c53 IF NOT EXISTS FOR (r:T5) REQUIRE (r.id) IS UNIQUE
CREATE CONSTRAINT c54 IF NOT EXISTS FOR (r:T6) REQUIRE (r.k71) IS UNIQUE
CREATE CONSTRAINT c55 IF NOT EXISTS FOR (r:T6) REQUIRE (r.k76) IS UNIQUE
CREATE CONSTRAINT c56 IF NOT EXISTS FOR (r:T6) REQUIRE (r.id) IS UNIQUE
CREATE CONSTRAINT c57 IF NOT EXISTS FOR (r:T7) REQUIRE (r.id) IS UNIQUE
CREATE CONSTRAINT c58 IF NOT EXISTS FOR (r:T10) REQUIRE (r.k99) IS UNIQUE
CREATE CONSTRAINT c59 IF NOT EXISTS FOR (r:T10) REQUIRE (r.id) IS UNIQUE
CREATE CONSTRAINT c60 IF NOT EXISTS FOR (r:T11) REQUIRE (r.id) IS UNIQUE
CREATE CONSTRAINT c61 IF NOT EXISTS FOR (r:T12) REQUIRE (r.k112) IS UNIQUE
CREATE CONSTRAINT c62 IF NOT EXISTS FOR (r:T12) REQUIRE (r.id) IS UNIQUE
CREATE CONSTRAINT c63 IF NOT EXISTS FOR (r:T15) REQUIRE (r.k126) IS UNIQUE
CREATE CONSTRAINT c64 IF NOT EXISTS FOR (r:T16) REQUIRE (r.k130) IS UNIQUE
CREATE CONSTRAINT c65 IF NOT EXISTS FOR (r:T16) REQUIRE (r.k133) IS UNIQUE
CREATE CONSTRAINT c66 IF NOT EXISTS FOR (r:T17) REQUIRE (r.id) IS UNIQUE
CREATE INDEX i67 IF NOT EXISTS FOR (n:T0) ON (n.k34)
CREATE INDEX i68 IF NOT EXISTS FOR (n:T0) ON (n.k37)
CREATE INDEX i69 IF NOT EXISTS FOR (n:T0) ON (n.id)
CREATE INDEX i70 IF NOT EXISTS FOR (n:T1) ON (n.k41)
CREATE TEXT INDEX i71 IF NOT EXISTS FOR (n:T1) ON (n.k41)
CREATE INDEX i72 IF NOT EXISTS FOR (n:T1) ON (n.k42)
CREATE INDEX i73 IF NOT EXISTS FOR (n:T1) ON (n.id)
CREATE INDEX i74 IF NOT EXISTS FOR (n:T2) ON (n.id)
CREATE INDEX i75 IF NOT EXISTS FOR (n:T3) ON (n.k53)
CREATE INDEX i76 IF NOT EXISTS FOR (n:T3) ON (n.k54)
CREATE TEXT INDEX i77 IF NOT EXISTS FOR (n:T3) ON (n.k54)
CREATE INDEX i78 IF NOT EXISTS FOR (n:T3) ON (n.k56)
CREATE INDEX i79 IF NOT EXISTS FOR (n:T3) ON (n.k57)
CREATE TEXT INDEX i80 IF NOT EXISTS FOR (n:T3) ON (n.k57)
CREATE INDEX i81 IF NOT EXISTS FOR (n:T3) ON (n.id)
CREATE INDEX i82 IF NOT EXISTS FOR (n:T4) ON (n.k60)
CREATE INDEX i83 IF NOT EXISTS FOR (n:T4) ON (n.k62)
CREATE TEXT INDEX i84 IF NOT EXISTS FOR (n:T4) ON (n.k62)
CREATE INDEX i85 IF NOT EXISTS FOR (n:T4) ON (n.id)
CREATE INDEX i86 IF NOT EXISTS FOR (n:T5) ON (n.k64)
CREATE INDEX i87 IF NOT EXISTS FOR (n:T5) ON (n.k66)
CREATE TEXT INDEX i88 IF NOT EXISTS FOR (n:T5) ON (n.k66)
CREATE INDEX i89 IF NOT EXISTS FOR (n:T5) ON (n.id)
CREATE INDEX i90 IF NOT EXISTS FOR (n:T6) ON (n.k71)
CREATE TEXT INDEX i91 IF NOT EXISTS FOR (n:T6) ON (n.k71)
CREATE INDEX i92 IF NOT EXISTS FOR (n:T6) ON (n.k76)
CREATE TEXT INDEX i93 IF NOT EXISTS FOR (n:T6) ON (n.k76)
CREATE INDEX i94 IF NOT EXISTS FOR (n:T6) ON (n.id)
CREATE INDEX i95 IF NOT EXISTS FOR (n:T7) ON (n.id)
CREATE INDEX i96 IF NOT EXISTS FOR (n:T8) ON (n.id)
CREATE INDEX i97 IF NOT EXISTS FOR (n:T9) ON (n.id)
CREATE INDEX i98 IF NOT EXISTS FOR (n:T10) ON (n.k98)
CREATE TEXT INDEX i99 IF NOT EXISTS FOR (n:T10) ON (n.k98)
CREATE INDEX i100 IF NOT EXISTS FOR (n:T10) ON (n.k99)
CREATE INDEX i101 IF NOT EXISTS FOR (n:T10) ON (n.id)
CREATE INDEX i102 IF NOT EXISTS FOR (n:T11) ON (n.id)
CREATE INDEX i103 IF NOT EXISTS FOR (n:T12) ON (n.k108)
CREATE TEXT INDEX i104 IF NOT EXISTS FOR (n:T12) ON (n.k108)
CREATE INDEX i105 IF NOT EXISTS FOR (n:T12) ON (n.k109)
CREATE TEXT INDEX i106 IF NOT EXISTS FOR (n:T12) ON (n.k109)
CREATE INDEX i107 IF NOT EXISTS FOR (n:T12) ON (n.k112)
CREATE INDEX i108 IF NOT EXISTS FOR (n:T12) ON (n.id)
CREATE INDEX i109 IF NOT EXISTS FOR (n:T13) ON (n.k116)
CREATE INDEX i110 IF NOT EXISTS FOR (n:T13) ON (n.id)
CREATE INDEX i111 IF NOT EXISTS FOR (n:T14) ON (n.k121)
CREATE TEXT INDEX i112 IF NOT EXISTS FOR (n:T14) ON (n.k121)
CREATE INDEX i113 IF NOT EXISTS FOR (n:T14) ON (n.k123)
CREATE TEXT INDEX i114 IF NOT EXISTS FOR (n:T14) ON (n.k123)
CREATE INDEX i115 IF NOT EXISTS FOR (n:T14) ON (n.id)
CREATE INDEX i116 IF NOT EXISTS FOR (n:T15) ON (n.k124)
CREATE INDEX i117 IF NOT EXISTS FOR (n:T15) ON (n.k126)
CREATE INDEX i118 IF NOT EXISTS FOR (n:T15) ON (n.k129)
CREATE INDEX i119 IF NOT EXISTS FOR (n:T15) ON (n.id)
CREATE INDEX i120 IF NOT EXISTS FOR (n:T16) ON (n.k130)
CREATE TEXT INDEX i121 IF NOT EXISTS FOR (n:T16) ON (n.k130)
CREATE INDEX i122 IF NOT EXISTS FOR (n:T16) ON (n.k133)
CREATE INDEX i123 IF NOT EXISTS FOR (n:T16) ON (n.id)
CREATE INDEX i124 IF NOT EXISTS FOR (n:T17) ON (n.k137)
CREATE INDEX i125 IF NOT EXISTS FOR (n:T17) ON (n.id)
CREATE INDEX i126 IF NOT EXISTS FOR (r:T1) ON (r.k42, r.k41, r.k44)
CREATE CONSTRAINT c127 IF NOT EXISTS FOR (r:T3) REQUIRE (r.k53, r.k54, r.k57, r.k56) IS UNIQUE
CREATE INDEX i128 IF NOT EXISTS FOR (r:T4) ON (r.k60, r.k61, r.k63, r.k59, r.k58)
CREATE CONSTRAINT c129 IF NOT EXISTS FOR (r:T14) REQUIRE (r.k121, r.k123) IS UNIQUE
CREATE CONSTRAINT c130 IF NOT EXISTS FOR (r:T15) REQUIRE (r.k126, r.k129) IS UNIQUE
CREATE (n0 {id : 0})
CREATE (n0 :L4:L1{k27 : 3713585577528553195, k11 : -3277066961358393522, id : 1, k6 : "siTAolym", k10 : "NwfSsP", k24 : -2183272727184230369, k7 : false, k23 : true, k26 : true, k25 : "EcgH58FjF"})
CREATE (n0 :L3:L4:L0{k0 : -7223332656055975924, k1 : false, k2 : true, k20 : 1856697345870378026, k3 : "jJFYtTKH0", k4 : false, k22 : true, k5 : -7031296008091444360, k21 : "wrRqM", k24 : -7118683206989594401, k23 : false, k26 : true, k25 : "gl9xODUev", k17 : false, k27 : 5025119976512672665, k19 : "KqODXG", k18 : "plaPr7", id : 2})
CREATE (n0 :L3{k17 : true, k19 : "x7gkNBQoa", k18 : "ZRFW7Qoh8", k20 : 560110834405966370, k22 : false, k21 : "QtVhVKzyt", id : 3})
CREATE (n0 :L4{k27 : 5152307153983100313, id : 4, k24 : 5157797385140753263, k23 : true, k26 : false, k25 : "Ufjqpxmy"})
CREATE (n0 :L0{k0 : -6402810782527270575, k1 : true, k2 : true, k3 : "kDxfTT", k4 : false, k5 : 3083853730288828287, id : 5})
CREATE (n0 {id : 6})
CREATE (n0 :L0{k0 : -2788497548223605922, k1 : true, k2 : true, k3 : "gOjwW5bv5", k4 : true, k5 : -1557809144609821335, id : 7})
CREATE (n0 :L3{k17 : false, k19 : "LvMmy", k18 : "FLLKqZ", k20 : 5827986166403710992, k22 : false, k21 : "CHsbf", id : 8})
CREATE (n0 :L3{k17 : true, k19 : "5D4dz4", k18 : "dDMjm", k20 : -6333423319469246791, k22 : false, k21 : "LZubD", id : 9})
CREATE (n0 :L3{k17 : false, k19 : "Mf4N1j", k18 : "6snkzud", k20 : 7782765454344299500, k22 : true, k21 : "yqDGC", id : 10})
CREATE (n0 :L4:L0{k27 : 3620353785462430217, k0 : -8213916946028623397, k1 : false, k2 : false, k3 : "qA3oVTj", k4 : true, k5 : 6559188466144312179, id : 11, k24 : 3117901645055031132, k23 : true, k26 : true, k25 : "f5IWXc"})
CREATE (n0 :L0{k0 : 1517818918570856787, k1 : false, k2 : false, k3 : "58rP5cUm", k4 : true, k5 : 4128107237142853927, id : 12})
CREATE (n0 :L4:L0{k27 : -3011174550942918281, k0 : 8721228943181311951, k1 : false, k2 : false, k3 : "h1BBb", k4 : false, k5 : 7654783806296344602, id : 13, k23 : false, k26 : false, k25 : "PCqji9r"})
CREATE (n0 :L3{k17 : true, k19 : "WdAiT", k18 : "dzJCCz90", k20 : -4629296567605876112, k22 : false, k21 : "mltw2N8fN", id : 14})
CREATE (n0 :L1{k11 : -6156702553130705803, k6 : "Nq5QrKC7U", k10 : "uUvxrGc", id : 15, k7 : true, k8 : "as7sAq1wQ", k9 : false})
CREATE (n0 {id : 16})
CREATE (n0 :L1{k11 : 6241350026828215034, k6 : "a4mv4uz", k10 : "GRBTQ33", id : 17, k7 : true, k8 : "3hYsFYx", k9 : false})
MATCH (n0 {id : 10}), (n1 {id : 4}) MERGE(n0)-[r :T12{k110 : true, k112 : -3378752913820554668, k111 : -5663895844729075932, k113 : true, id : 18, k107 : 477420371427431175, k109 : "CiPUJxF", k108 : "qA5PXYQ"}]->(n1)
MATCH (n0 {id : 17}), (n1 {id : 7}) MERGE(n0)-[r :T16{k130 : "6vEy2", k132 : "BndPu", k131 : "LZt960M8", k134 : 3869752120493986610, k133 : 6898630105734387470, k136 : true, k135 : false, id : 19}]->(n1)
MATCH (n0 {id : 13}), (n1 {id : 11}) MERGE(n0)-[r :T6{k71 : "9e7FZ", k73 : false, k72 : "ND55v8", k75 : -8631615301920843579, k74 : false, k76 : "IcKcH7XsF", id : 20}]->(n1)
MATCH (n0 {id : 12}), (n1 {id : 2}) MERGE(n0)-[r :T14{k121 : "mpsGzUwu", k120 : true, k123 : "ya4Wgii", k122 : false, id : 21, k119 : -7082008430590290133}]->(n1)
MATCH (n0 {id : 14}), (n1 {id : 7}) MERGE(n0)-[r :T7{k81 : "9e4kD7LxB", k77 : false, id : 22, k79 : false, k78 : "DKyfR"}]->(n1)
MATCH (n0 {id : 6}), (n1 {id : 11}) MERGE(n0)-[r :T3{k51 : 6255357416136009786, k53 : 2733035444819501109, k52 : false, k55 : true, id : 23, k57 : "b8n9E", k56 : -1711414863190879335}]->(n1)
MATCH (n0 {id : 15}), (n1 {id : 10}) MERGE(n0)-[r :T6{k71 : "ryIGif5xO", k73 : false, k72 : "uxZO2YeJu", k75 : -607074071017002302, k74 : true, k76 : "czGISBMF", id : 24}]->(n1)
MATCH (n0 {id : 11}), (n1 {id : 12}) MERGE(n0)-[r :T9{k91 : "gLt69wvB", k90 : "vp8AHf", k93 : true, k92 : "Vn8t77Z", k94 : "7DSz57Dc", id : 25, k89 : "WJ2i8o1t"}]->(n1)
MATCH (n0 {id : 16}), (n1 {id : 10}) MERGE(n0)-[r :T9{k91 : "U04XYd", k90 : "ILf6rq6", k93 : false, k92 : "ui4io", k94 : "ovzv7", id : 26, k89 : "OKiliJ7"}]->(n1)
MATCH (n0 {id : 9}), (n1 {id : 0}) MERGE(n0)-[r :T4{k60 : 7067447734392942801, k62 : "uJ8lZ5i", k61 : false, k63 : 1587656375500050671, id : 27, k59 : false, k58 : 6732867415671729961}]->(n1)
MATCH (n0 {id : 8}), (n1 {id : 15}) MERGE(n0)-[r :T1{k40 : "gbAGLsE58", k42 : 2353664738755371251, k41 : "zFN8l2qJ", k44 : "kaNTrKzR", k43 : false, id : 28}]->(n1)
MATCH (n0 {id : 0}), (n1 {id : 16}) MERGE(n0)-[r :T17{k141 : 5529427835593115695, k140 : true, k138 : -2439708929156769625, k137 : 2579538534339860803, id : 29, k139 : -5593153580039494184}]->(n1)
MATCH (n0 {id : 15}), (n1 {id : 13}) MERGE(n0)-[r :T1{k39 : 2601654799469177563, k40 : "VrbksKu", k42 : 9218211142592582637, k41 : "z3FVRE", k44 : "g37ShHn", k43 : true, id : 30}]->(n1)
MATCH (n0 {id : 15}), (n1 {id : 7}) MERGE(n0)-[r :T1{k39 : 8930604973632453097, k40 : "FiN7dN", k42 : -7141545872318464521, k41 : "2J6hsDms", k44 : "7ULF6", k43 : true, id : 31}]->(n1)
MATCH (n0 {id : 16}), (n1 {id : 0}) MERGE(n0)-[r :T2{k49 : -5358219138744773962, k50 : false, id : 32, k46 : "YDwPQ3oX", k45 : false, k48 : true, k47 : -5727853092904911478}]->(n1)
MATCH (n0 {id : 2}), (n1 {id : 12}) MERGE(n0)-[r :T9{k91 : "wNhzsBJUI", k90 : "B18wgNMhn", k93 : false, k92 : "D2dy9fEcx", k94 : "LXTjB", id : 33, k89 : "OpTaknLWL"}]->(n1)
MATCH (n0 {id : 16}), (n1 {id : 12}) MERGE(n0)-[r :T7{k80 : "3m5oG", k81 : "X7q56gyG4", k77 : true, id : 34, k79 : false, k78 : "lyWbEJe6"}]->(n1)
MATCH (n0 {id : 9}), (n1 {id : 16}) MERGE(n0)-[r :T15{k124 : 3678029797360296202, k127 : "jndH5wB", k126 : -6364645711101105470, id : 35, k129 : -6825866098568018082}]->(n1)
MATCH (n0 {id : 13}), (n1 {id : 11}) MERGE(n0)-[r :T4{k60 : 7360957799401541558, k62 : "cYQoTL5D", k61 : false, k63 : -4324425941094513930, id : 36, k59 : true, k58 : 833770284211984953}]->(n1)
MATCH (n0 {id : 3}), (n1 {id : 11}) MERGE(n0)-[r :T5{k70 : true, k64 : -3696412676821908739, k66 : "jfdOLFU", k65 : false, id : 37, k68 : true, k67 : false, k69 : "XqgpZcL"}]->(n1)
MATCH (n0 {id : 7}), (n1 {id : 8}) MERGE(n0)-[r :T5{k70 : false, k66 : "jDM05EDk9", k65 : false, id : 38, k68 : true, k67 : true, k69 : "jM1qVLM"}]->(n1)
MATCH (n0 {id : 10}), (n1 {id : 15}) MERGE(n0)-[r :T2{k50 : false, id : 39, k48 : true}]->(n1)
MATCH (n0 {id : 1}), (n1 {id : 10}) MERGE(n0)-[r :T17{k141 : -9158097217772649125, k140 : true, k138 : 6583577225943428868, k137 : -2962357231297697649, id : 40, k139 : -6974911957119327959}]->(n1)
MATCH (n0 {id : 0}), (n1 {id : 1}) MERGE(n0)-[r :T6{k71 : "IZoHg9i4F", k73 : false, k72 : "eY38awp", k75 : -8385687129329844106, k74 : false, k76 : "wglgkLRs", id : 41}]->(n1)
MATCH (n0 {id : 8}), (n1 {id : 6}) MERGE(n0)-[r :T15{k125 : false, k124 : 1795831089711487547, k127 : "QTDWkC", k126 : 3133262644124385555, id : 42, k129 : 7690249837418197927, k128 : -8377983641505445411}]->(n1)
MATCH (n0 {id : 12}), (n1 {id : 14}) MERGE(n0)-[r :T2{k49 : -6202190235467067437, k50 : false, id : 43, k46 : "QuTIwM", k45 : true, k48 : false, k47 : 7295755450435738035}]->(n1)
MATCH (n0 {id : 1}), (n1 {id : 13}) MERGE(n0)-[r :T6{k71 : "53g6MnyTh", k73 : true, k72 : "tlgIhwBRq", k75 : 2834661261562338691, k74 : true, k76 : "NeZaGUZiw", id : 44}]->(n1)
MATCH (n0 {id : 4}), (n1 {id : 2}) MERGE(n0)-[r :T10{k95 : false, k101 : false, k100 : false, k97 : 1373683926660114601, k99 : -5265096335283736153, k98 : "PBEbt", id : 45}]->(n1)
MATCH (n0 {id : 5}), (n1 {id : 1}) MERGE(n0)-[r :T12{k110 : false, k112 : -1977829223642273678, k111 : 3826550511700822209, k113 : false, id : 46, k107 : 4472650507516502923, k109 : "8MUZhytF", k108 : "VfC18yuF"}]->(n1)
MATCH (n0 {id : 7}), (n1 {id : 16}) MERGE(n0)-[r :T1{k39 : -7993700106571915717, k42 : -3432091618314882161, k41 : "DrMP5o7px", k44 : "rfoPYJlo", k43 : false, id : 47}]->(n1)
MATCH (n0 {id : 12}), (n1 {id : 5}) MERGE(n0)-[r :T4{k60 : 370755148622008977, k62 : "Jrp4Tu", k61 : true, k63 : 2900165842860852818, id : 48, k59 : true, k58 : -7371418310159141924}]->(n1)
MATCH (n0 {id : 11}), (n1 {id : 3}) MERGE(n0)-[r :T12{k110 : false, k112 : -7453573208265632546, k111 : 7765651445439283097, k113 : false, id : 49, k107 : 8795540233265148566, k109 : "Pzh0qM", k108 : "U9NFEfG"}]->(n1)
MATCH (n0 {id : 7}), (n1 {id : 10}) MERGE(n0)-[r :T0{k38 : false, k33 : false, id : 50, k35 : true, k37 : 1375665396818790932, k36 : true}]->(n1)
MATCH (n0 {id : 12}), (n1 {id : 7}) MERGE(n0)-[r :T8{k82 : 5678740312202421711, k84 : true, k83 : "uwb0V6nXG", k86 : 706322019043732657, k85 : "0Jitt", k88 : true, k87 : true, id : 51}]->(n1)
MATCH (n0 {id : 12}), (n1 {id : 10}) MERGE(n0)-[r :T10{k95 : false, k101 : false, k100 : true, k97 : -7553169982688286830, k96 : "OEWscN", k99 : -7579751077123091337, k98 : "dvgBtxO0", id : 52}]->(n1)
MATCH (n0 {id : 11}), (n1 {id : 17}) MERGE(n0)-[r :T14{k121 : "TQtuf", k120 : true, k123 : "2Q3to", id : 53, k119 : -1774591347999099142}]->(n1)
MATCH (n0)-[r0 :T9]->(n1 :L3{k20:7782765454344299500})-[r1 :T12]-(n2 :L4)-[r2 :T10]->(n3 :L3 :L4 :L0)-[r3 :T9]->(n4 :L0{k4:true})-[r4 :T8]->(n5 :L0)-[r5 :T5]-(n6 :L3)-[r6 :T1]->(n7 :L1)-[r7 :T1]->(n8 :L4 :L0{k27:-3011174550942918281})-[r8 :T6]->(n9 :L4 :L0{k27:3620353785462430217})-[r9 :T12]->(n10 :L3{k20:560110834405966370}), (n11 :L3)-[r10 :T4]-(n12{id:0})-[r11 :T17]->(n0{id:16})-[r12 :T7]-(n4 :L0{k0:1517818918570856787})-[r13 :T14]->(n3 :L4{k21:'wrRqM'}) WHERE (((r1.k110) = true) AND (((((((((((((((((((((((n0.id) = 16) AND (((((((r0.k89) > 'OKiliI7') AND ((r0.k89) < 'OKiliK7')) AND (((r0.k92) > 'ui4in') AND ((r0.k92) < 'ui4ip'))) AND ((r0.k92) CONTAINS 'ui4i')) AND ((r0.k89) STARTS WITH 'OKili')) AND (((r0.k90) > 'ILf6rp6') AND ((r0.k90) < 'ILf6rr6')))) AND ((n1.k19) ENDS WITH 'Mf4N1j')) AND (((((((r1.k108) CONTAINS 'qA5PXY') AND ((r1.k108) CONTAINS 'qA5PXY')) AND ((r1.k108) STARTS WITH 'qA5PXY')) AND ((r1.k109) ENDS WITH 'CiPUJxF')) AND ((r1.k108) STARTS WITH 'qA5PXY')) AND (((r1.k108) > 'qA5PXXQ') AND ((r1.k108) < 'qA5PXZQ')))) AND ((n2.k25) STARTS WITH 'Ufjqpxm')) AND ((r4.k85) ENDS WITH '0Jitt')) AND ((((((((r5.k66) > 'jDM05EDj9') AND ((r5.k66) < 'jDM05EDl9')) AND (((r5.k69) > 'jM1qVLL') AND ((r5.k69) < 'jM1qVLN'))) AND ((r5.k69) STARTS WITH 'jM1qVL')) AND (((r5.k69) > 'jM1qVKM') AND ((r5.k69) < 'jM1qVMM'))) AND ((r5.k69) CONTAINS '1qVL')) AND (((r5.k69) > 'jM1qVLL') AND ((r5.k69) < 'jM1qVLN')))) AND ((n6.k21) CONTAINS 'CHsb')) AND (((r6.k42) = 2353664738755371251) AND ((r6.id) = 28))) AND (((n7.k11) > -6156702553130705804) AND ((n7.k11) < -6156702553130705802))) AND (((((r7.k42) = 9218211142592582637) AND ((r7.k44) STARTS WITH 'g37Sh')) AND (((r7.k39) > 2601654799469177561) AND ((r7.k39) < 2601654799469177565))) AND ((r7.id) = 30))) AND (((n8.k25) > 'PCqji9q') AND ((n8.k25) < 'PCqji9s'))) AND ((((r8.id) = 20) AND ((r8.id) = 20)) AND (((r8.k71) > '9e7FY') AND ((r8.k71) < '9e7F[')))) AND ((n9.k25) STARTS WITH 'f5IWX')) AND ((r9.k109) CONTAINS 'Pzh0q')) AND ((n11.id) = 9)) AND ((r10.k58) = 6732867415671729961)) AND ((n12.id) = 0)) AND ((r11.k141) = 5529427835593115695)) AND ((((((r12.k80) ENDS WITH '3m5oG') AND ((r12.k81) CONTAINS '7q56gy')) AND ((r12.k78) ENDS WITH 'bEJe6')) AND (((r12.k78) > 'lyWbEJe5') AND ((r12.k78) < 'lyWbEJe7'))) AND ((r12.id) = 34))) AND ((n4.id) = 12)) AND (((r13.k119) > -7082008430590290134) AND ((r13.k119) < -7082008430590290132)))) UNWIND [((n11.k19)+('ruS3ZXIs'+(r8.k71))), ((r7.k41)+((r9.k109)+(r7.k41))), (r9.k109)] AS a0 RETURN toBoolean(-589670839) AS a1, toBoolean(-1157199019) AS a2, toBoolean(844571862) AS a3
java.lang.NoClassDefFoundError: com/kuzudb/KuzuObjectRefDestroyedException
	at org.example.gqs.cypher.standard_ast.Return.getActualResult(Return.java:386)
	at org.example.gqs.cypher.oracle.DifferentialNonEmptyBranchOracle.check(DifferentialNonEmptyBranchOracle.java:806)
	at org.example.gqs.cypher.algorithm.Compared3AlgorithmNew.generateAndTestDatabase(Compared3AlgorithmNew.java:238)
	at org.example.gqs.cypher.CypherProviderAdapter.generateAndTestDatabase(CypherProviderAdapter.java:56)
	at org.example.gqs.cypher.CypherProviderAdapter.generateAndTestDatabase(CypherProviderAdapter.java:1)
	at org.example.gqs.Main$DBMSExecutor.run(Main.java:409)
	at org.example.gqs.Main$2.run(Main.java:1115)
	at org.example.gqs.Main$2.runThread(Main.java:1092)
	at org.example.gqs.Main$2.run(Main.java:1013)
	at java.base/java.util.concurrent.ThreadPoolExecutor.runWorker(ThreadPoolExecutor.java:1144)
	at java.base/java.util.concurrent.ThreadPoolExecutor$Worker.run(ThreadPoolExecutor.java:642)
	at java.base/java.lang.Thread.run(Thread.java:1583)
Caused by: java.lang.ClassNotFoundException: com.kuzudb.KuzuObjectRefDestroyedException
	at java.base/jdk.internal.loader.BuiltinClassLoader.loadClass(BuiltinClassLoader.java:641)
	at java.base/jdk.internal.loader.ClassLoaders$AppClassLoader.loadClass(ClassLoaders.java:188)
	at java.base/java.lang.ClassLoader.loadClass(ClassLoader.java:526)
	... 12 more
--java.lang.NoClassDefFoundError: com/kuzudb/KuzuObjectRefDestroyedException
--	at org.example.gqs.cypher.standard_ast.Return.getActualResult(Return.java:386)
--	at org.example.gqs.cypher.oracle.DifferentialNonEmptyBranchOracle.check(DifferentialNonEmptyBranchOracle.java:806)
--	at org.example.gqs.cypher.algorithm.Compared3AlgorithmNew.generateAndTestDatabase(Compared3AlgorithmNew.java:238)
--	at org.example.gqs.cypher.CypherProviderAdapter.generateAndTestDatabase(CypherProviderAdapter.java:56)
--	at org.example.gqs.cypher.CypherProviderAdapter.generateAndTestDatabase(CypherProviderAdapter.java:1)
--	at org.example.gqs.Main$DBMSExecutor.run(Main.java:409)
--	at org.example.gqs.Main$2.run(Main.java:1115)
--	at org.example.gqs.Main$2.runThread(Main.java:1092)
--	at org.example.gqs.Main$2.run(Main.java:1013)
--	at java.base/java.util.concurrent.ThreadPoolExecutor.runWorker(ThreadPoolExecutor.java:1144)
--	at java.base/java.util.concurrent.ThreadPoolExecutor$Worker.run(ThreadPoolExecutor.java:642)
--	at java.base/java.lang.Thread.run(Thread.java:1583)
--Caused by: java.lang.ClassNotFoundException: com.kuzudb.KuzuObjectRefDestroyedException
--	at java.base/jdk.internal.loader.BuiltinClassLoader.loadClass(BuiltinClassLoader.java:641)
--	at java.base/jdk.internal.loader.ClassLoaders$AppClassLoader.loadClass(ClassLoaders.java:188)
--	at java.base/java.lang.ClassLoader.loadClass(ClassLoader.java:526)
--	... 12 more
--
-- Time: 2026/03/30 16:53:42
-- Database: neo4jdatabase0-1774882390919-0
-- seed value: 1774882390919
CREATE CONSTRAINT c0 IF NOT EXISTS FOR (n:L0) REQUIRE (n.id) IS UNIQUE
CREATE CONSTRAINT c1 IF NOT EXISTS FOR (n:L1) REQUIRE (n.k8) IS UNIQUE
CREATE CONSTRAINT c2 IF NOT EXISTS FOR (n:L1) REQUIRE (n.id) IS UNIQUE
CREATE CONSTRAINT c3 IF NOT EXISTS FOR (n:L2) REQUIRE (n.k15) IS UNIQUE
CREATE CONSTRAINT c4 IF NOT EXISTS FOR (n:L3) REQUIRE (n.k19) IS UNIQUE
CREATE CONSTRAINT c5 IF NOT EXISTS FOR (n:L3) REQUIRE (n.k20) IS UNIQUE
CREATE CONSTRAINT c6 IF NOT EXISTS FOR (n:L3) REQUIRE (n.id) IS UNIQUE
CREATE CONSTRAINT c7 IF NOT EXISTS FOR (n:L4) REQUIRE (n.id) IS UNIQUE
CREATE CONSTRAINT c8 IF NOT EXISTS FOR (n:L5) REQUIRE (n.k28) IS UNIQUE
CREATE CONSTRAINT c9 IF NOT EXISTS FOR (n:L5) REQUIRE (n.k32) IS UNIQUE
CREATE INDEX i10 IF NOT EXISTS FOR (n:L0) ON (n.k3)
CREATE TEXT INDEX i11 IF NOT EXISTS FOR (n:L0) ON (n.k3)
CREATE INDEX i12 IF NOT EXISTS FOR (n:L0) ON (n.id)
CREATE INDEX i13 IF NOT EXISTS FOR (n:L1) ON (n.k6)
CREATE TEXT INDEX i14 IF NOT EXISTS FOR (n:L1) ON (n.k6)
CREATE INDEX i15 IF NOT EXISTS FOR (n:L1) ON (n.k8)
CREATE TEXT INDEX i16 IF NOT EXISTS FOR (n:L1) ON (n.k8)
CREATE INDEX i17 IF NOT EXISTS FOR (n:L1) ON (n.k10)
CREATE TEXT INDEX i18 IF NOT EXISTS FOR (n:L1) ON (n.k10)
CREATE INDEX i19 IF NOT EXISTS FOR (n:L1) ON (n.id)
CREATE INDEX i20 IF NOT EXISTS FOR (n:L2) ON (n.k13)
CREATE INDEX i21 IF NOT EXISTS FOR (n:L2) ON (n.k14)
CREATE TEXT INDEX i22 IF NOT EXISTS FOR (n:L2) ON (n.k14)
CREATE INDEX i23 IF NOT EXISTS FOR (n:L2) ON (n.k15)
CREATE INDEX i24 IF NOT EXISTS FOR (n:L2) ON (n.k16)
CREATE INDEX i25 IF NOT EXISTS FOR (n:L2) ON (n.id)
CREATE INDEX i26 IF NOT EXISTS FOR (n:L3) ON (n.k19)
CREATE TEXT INDEX i27 IF NOT EXISTS FOR (n:L3) ON (n.k19)
CREATE INDEX i28 IF NOT EXISTS FOR (n:L3) ON (n.k20)
CREATE INDEX i29 IF NOT EXISTS FOR (n:L3) ON (n.k21)
CREATE TEXT INDEX i30 IF NOT EXISTS FOR (n:L3) ON (n.k21)
CREATE INDEX i31 IF NOT EXISTS FOR (n:L3) ON (n.id)
CREATE INDEX i32 IF NOT EXISTS FOR (n:L4) ON (n.id)
CREATE INDEX i33 IF NOT EXISTS FOR (n:L5) ON (n.k28)
CREATE TEXT INDEX i34 IF NOT EXISTS FOR (n:L5) ON (n.k28)
CREATE INDEX i35 IF NOT EXISTS FOR (n:L5) ON (n.k30)
CREATE TEXT INDEX i36 IF NOT EXISTS FOR (n:L5) ON (n.k30)
CREATE INDEX i37 IF NOT EXISTS FOR (n:L5) ON (n.k32)
CREATE INDEX i38 IF NOT EXISTS FOR (n:L5) ON (n.id)
CREATE CONSTRAINT c39 IF NOT EXISTS FOR (n:L1) REQUIRE (n.k10, n.k8) IS UNIQUE
CREATE INDEX i40 IF NOT EXISTS FOR (n:L2) ON (n.k13, n.k15, n.k14)
CREATE INDEX i41 IF NOT EXISTS FOR (n:L3) ON (n.k19, n.k18)
CREATE CONSTRAINT c42 IF NOT EXISTS FOR (r:T0) REQUIRE (r.id) IS UNIQUE
CREATE CONSTRAINT c43 IF NOT EXISTS FOR (r:T1) REQUIRE (r.k41) IS UNIQUE
CREATE CONSTRAINT c44 IF NOT EXISTS FOR (r:T1) REQUIRE (r.k42) IS UNIQUE
CREATE CONSTRAINT c45 IF NOT EXISTS FOR (r:T1) REQUIRE (r.id) IS UNIQUE
CREATE CONSTRAINT c46 IF NOT EXISTS FOR (r:T2) REQUIRE (r.id) IS UNIQUE
CREATE CONSTRAINT c47 IF NOT EXISTS FOR (r:T3) REQUIRE (r.k56) IS UNIQUE
CREATE CONSTRAINT c48 IF NOT EXISTS FOR (r:T3) REQUIRE (r.id) IS UNIQUE
CREATE CONSTRAINT c49 IF NOT EXISTS FOR (r:T4) REQUIRE (r.k62) IS UNIQUE
CREATE CONSTRAINT c50 IF NOT EXISTS FOR (r:T4) REQUIRE (r.id) IS UNIQUE
CREATE CONSTRAINT c51 IF NOT EXISTS FOR (r:T5) REQUIRE (r.k64) IS UNIQUE
CREATE CONSTRAINT c52 IF NOT EXISTS FOR (r:T5) REQUIRE (r.k66) IS UNIQUE
CREATE CONSTRAINT c53 IF NOT EXISTS FOR (r:T5) REQUIRE (r.id) IS UNIQUE
CREATE CONSTRAINT c54 IF NOT EXISTS FOR (r:T6) REQUIRE (r.k71) IS UNIQUE
CREATE CONSTRAINT c55 IF NOT EXISTS FOR (r:T6) REQUIRE (r.k76) IS UNIQUE
CREATE CONSTRAINT c56 IF NOT EXISTS FOR (r:T6) REQUIRE (r.id) IS UNIQUE
CREATE CONSTRAINT c57 IF NOT EXISTS FOR (r:T7) REQUIRE (r.id) IS UNIQUE
CREATE CONSTRAINT c58 IF NOT EXISTS FOR (r:T10) REQUIRE (r.k99) IS UNIQUE
CREATE CONSTRAINT c59 IF NOT EXISTS FOR (r:T10) REQUIRE (r.id) IS UNIQUE
CREATE CONSTRAINT c60 IF NOT EXISTS FOR (r:T11) REQUIRE (r.id) IS UNIQUE
CREATE CONSTRAINT c61 IF NOT EXISTS FOR (r:T12) REQUIRE (r.k112) IS UNIQUE
CREATE CONSTRAINT c62 IF NOT EXISTS FOR (r:T12) REQUIRE (r.id) IS UNIQUE
CREATE CONSTRAINT c63 IF NOT EXISTS FOR (r:T15) REQUIRE (r.k126) IS UNIQUE
CREATE CONSTRAINT c64 IF NOT EXISTS FOR (r:T16) REQUIRE (r.k130) IS UNIQUE
CREATE CONSTRAINT c65 IF NOT EXISTS FOR (r:T16) REQUIRE (r.k133) IS UNIQUE
CREATE CONSTRAINT c66 IF NOT EXISTS FOR (r:T17) REQUIRE (r.id) IS UNIQUE
CREATE INDEX i67 IF NOT EXISTS FOR (n:T0) ON (n.k34)
CREATE INDEX i68 IF NOT EXISTS FOR (n:T0) ON (n.k37)
CREATE INDEX i69 IF NOT EXISTS FOR (n:T0) ON (n.id)
CREATE INDEX i70 IF NOT EXISTS FOR (n:T1) ON (n.k41)
CREATE TEXT INDEX i71 IF NOT EXISTS FOR (n:T1) ON (n.k41)
CREATE INDEX i72 IF NOT EXISTS FOR (n:T1) ON (n.k42)
CREATE INDEX i73 IF NOT EXISTS FOR (n:T1) ON (n.id)
CREATE INDEX i74 IF NOT EXISTS FOR (n:T2) ON (n.id)
CREATE INDEX i75 IF NOT EXISTS FOR (n:T3) ON (n.k53)
CREATE INDEX i76 IF NOT EXISTS FOR (n:T3) ON (n.k54)
CREATE TEXT INDEX i77 IF NOT EXISTS FOR (n:T3) ON (n.k54)
CREATE INDEX i78 IF NOT EXISTS FOR (n:T3) ON (n.k56)
CREATE INDEX i79 IF NOT EXISTS FOR (n:T3) ON (n.k57)
CREATE TEXT INDEX i80 IF NOT EXISTS FOR (n:T3) ON (n.k57)
CREATE INDEX i81 IF NOT EXISTS FOR (n:T3) ON (n.id)
CREATE INDEX i82 IF NOT EXISTS FOR (n:T4) ON (n.k60)
CREATE INDEX i83 IF NOT EXISTS FOR (n:T4) ON (n.k62)
CREATE TEXT INDEX i84 IF NOT EXISTS FOR (n:T4) ON (n.k62)
CREATE INDEX i85 IF NOT EXISTS FOR (n:T4) ON (n.id)
CREATE INDEX i86 IF NOT EXISTS FOR (n:T5) ON (n.k64)
CREATE INDEX i87 IF NOT EXISTS FOR (n:T5) ON (n.k66)
CREATE TEXT INDEX i88 IF NOT EXISTS FOR (n:T5) ON (n.k66)
CREATE INDEX i89 IF NOT EXISTS FOR (n:T5) ON (n.id)
CREATE INDEX i90 IF NOT EXISTS FOR (n:T6) ON (n.k71)
CREATE TEXT INDEX i91 IF NOT EXISTS FOR (n:T6) ON (n.k71)
CREATE INDEX i92 IF NOT EXISTS FOR (n:T6) ON (n.k76)
CREATE TEXT INDEX i93 IF NOT EXISTS FOR (n:T6) ON (n.k76)
CREATE INDEX i94 IF NOT EXISTS FOR (n:T6) ON (n.id)
CREATE INDEX i95 IF NOT EXISTS FOR (n:T7) ON (n.id)
CREATE INDEX i96 IF NOT EXISTS FOR (n:T8) ON (n.id)
CREATE INDEX i97 IF NOT EXISTS FOR (n:T9) ON (n.id)
CREATE INDEX i98 IF NOT EXISTS FOR (n:T10) ON (n.k98)
CREATE TEXT INDEX i99 IF NOT EXISTS FOR (n:T10) ON (n.k98)
CREATE INDEX i100 IF NOT EXISTS FOR (n:T10) ON (n.k99)
CREATE INDEX i101 IF NOT EXISTS FOR (n:T10) ON (n.id)
CREATE INDEX i102 IF NOT EXISTS FOR (n:T11) ON (n.id)
CREATE INDEX i103 IF NOT EXISTS FOR (n:T12) ON (n.k108)
CREATE TEXT INDEX i104 IF NOT EXISTS FOR (n:T12) ON (n.k108)
CREATE INDEX i105 IF NOT EXISTS FOR (n:T12) ON (n.k109)
CREATE TEXT INDEX i106 IF NOT EXISTS FOR (n:T12) ON (n.k109)
CREATE INDEX i107 IF NOT EXISTS FOR (n:T12) ON (n.k112)
CREATE INDEX i108 IF NOT EXISTS FOR (n:T12) ON (n.id)
CREATE INDEX i109 IF NOT EXISTS FOR (n:T13) ON (n.k116)
CREATE INDEX i110 IF NOT EXISTS FOR (n:T13) ON (n.id)
CREATE INDEX i111 IF NOT EXISTS FOR (n:T14) ON (n.k121)
CREATE TEXT INDEX i112 IF NOT EXISTS FOR (n:T14) ON (n.k121)
CREATE INDEX i113 IF NOT EXISTS FOR (n:T14) ON (n.k123)
CREATE TEXT INDEX i114 IF NOT EXISTS FOR (n:T14) ON (n.k123)
CREATE INDEX i115 IF NOT EXISTS FOR (n:T14) ON (n.id)
CREATE INDEX i116 IF NOT EXISTS FOR (n:T15) ON (n.k124)
CREATE INDEX i117 IF NOT EXISTS FOR (n:T15) ON (n.k126)
CREATE INDEX i118 IF NOT EXISTS FOR (n:T15) ON (n.k129)
CREATE INDEX i119 IF NOT EXISTS FOR (n:T15) ON (n.id)
CREATE INDEX i120 IF NOT EXISTS FOR (n:T16) ON (n.k130)
CREATE TEXT INDEX i121 IF NOT EXISTS FOR (n:T16) ON (n.k130)
CREATE INDEX i122 IF NOT EXISTS FOR (n:T16) ON (n.k133)
CREATE INDEX i123 IF NOT EXISTS FOR (n:T16) ON (n.id)
CREATE INDEX i124 IF NOT EXISTS FOR (n:T17) ON (n.k137)
CREATE INDEX i125 IF NOT EXISTS FOR (n:T17) ON (n.id)
CREATE INDEX i126 IF NOT EXISTS FOR (r:T1) ON (r.k42, r.k41, r.k44)
CREATE CONSTRAINT c127 IF NOT EXISTS FOR (r:T3) REQUIRE (r.k53, r.k54, r.k57, r.k56) IS UNIQUE
CREATE INDEX i128 IF NOT EXISTS FOR (r:T4) ON (r.k60, r.k61, r.k63, r.k59, r.k58)
CREATE CONSTRAINT c129 IF NOT EXISTS FOR (r:T14) REQUIRE (r.k121, r.k123) IS UNIQUE
CREATE CONSTRAINT c130 IF NOT EXISTS FOR (r:T15) REQUIRE (r.k126, r.k129) IS UNIQUE
CREATE (n0 {id : 0})
CREATE (n0 :L4:L1{k27 : 3713585577528553195, k11 : -3277066961358393522, id : 1, k6 : "siTAolym", k10 : "NwfSsP", k24 : -2183272727184230369, k7 : false, k23 : true, k26 : true, k25 : "EcgH58FjF"})
CREATE (n0 :L3:L4:L0{k0 : -7223332656055975924, k1 : false, k2 : true, k20 : 1856697345870378026, k3 : "jJFYtTKH0", k4 : false, k22 : true, k5 : -7031296008091444360, k21 : "wrRqM", k24 : -7118683206989594401, k23 : false, k26 : true, k25 : "gl9xODUev", k17 : false, k27 : 5025119976512672665, k19 : "KqODXG", k18 : "plaPr7", id : 2})
CREATE (n0 :L3{k17 : true, k19 : "x7gkNBQoa", k18 : "ZRFW7Qoh8", k20 : 560110834405966370, k22 : false, k21 : "QtVhVKzyt", id : 3})
CREATE (n0 :L4{k27 : 5152307153983100313, id : 4, k24 : 5157797385140753263, k23 : true, k26 : false, k25 : "Ufjqpxmy"})
CREATE (n0 :L0{k0 : -6402810782527270575, k1 : true, k2 : true, k3 : "kDxfTT", k4 : false, k5 : 3083853730288828287, id : 5})
CREATE (n0 {id : 6})
CREATE (n0 :L0{k0 : -2788497548223605922, k1 : true, k2 : true, k3 : "gOjwW5bv5", k4 : true, k5 : -1557809144609821335, id : 7})
CREATE (n0 :L3{k17 : false, k19 : "LvMmy", k18 : "FLLKqZ", k20 : 5827986166403710992, k22 : false, k21 : "CHsbf", id : 8})
CREATE (n0 :L3{k17 : true, k19 : "5D4dz4", k18 : "dDMjm", k20 : -6333423319469246791, k22 : false, k21 : "LZubD", id : 9})
CREATE (n0 :L3{k17 : false, k19 : "Mf4N1j", k18 : "6snkzud", k20 : 7782765454344299500, k22 : true, k21 : "yqDGC", id : 10})
CREATE (n0 :L4:L0{k27 : 3620353785462430217, k0 : -8213916946028623397, k1 : false, k2 : false, k3 : "qA3oVTj", k4 : true, k5 : 6559188466144312179, id : 11, k24 : 3117901645055031132, k23 : true, k26 : true, k25 : "f5IWXc"})
CREATE (n0 :L0{k0 : 1517818918570856787, k1 : false, k2 : false, k3 : "58rP5cUm", k4 : true, k5 : 4128107237142853927, id : 12})
CREATE (n0 :L4:L0{k27 : -3011174550942918281, k0 : 8721228943181311951, k1 : false, k2 : false, k3 : "h1BBb", k4 : false, k5 : 7654783806296344602, id : 13, k23 : false, k26 : false, k25 : "PCqji9r"})
CREATE (n0 :L3{k17 : true, k19 : "WdAiT", k18 : "dzJCCz90", k20 : -4629296567605876112, k22 : false, k21 : "mltw2N8fN", id : 14})
CREATE (n0 :L1{k11 : -6156702553130705803, k6 : "Nq5QrKC7U", k10 : "uUvxrGc", id : 15, k7 : true, k8 : "as7sAq1wQ", k9 : false})
CREATE (n0 {id : 16})
CREATE (n0 :L1{k11 : 6241350026828215034, k6 : "a4mv4uz", k10 : "GRBTQ33", id : 17, k7 : true, k8 : "3hYsFYx", k9 : false})
MATCH (n0 {id : 10}), (n1 {id : 4}) MERGE(n0)-[r :T12{k110 : true, k112 : -3378752913820554668, k111 : -5663895844729075932, k113 : true, id : 18, k107 : 477420371427431175, k109 : "CiPUJxF", k108 : "qA5PXYQ"}]->(n1)
MATCH (n0 {id : 17}), (n1 {id : 7}) MERGE(n0)-[r :T16{k130 : "6vEy2", k132 : "BndPu", k131 : "LZt960M8", k134 : 3869752120493986610, k133 : 6898630105734387470, k136 : true, k135 : false, id : 19}]->(n1)
MATCH (n0 {id : 13}), (n1 {id : 11}) MERGE(n0)-[r :T6{k71 : "9e7FZ", k73 : false, k72 : "ND55v8", k75 : -8631615301920843579, k74 : false, k76 : "IcKcH7XsF", id : 20}]->(n1)
MATCH (n0 {id : 12}), (n1 {id : 2}) MERGE(n0)-[r :T14{k121 : "mpsGzUwu", k120 : true, k123 : "ya4Wgii", k122 : false, id : 21, k119 : -7082008430590290133}]->(n1)
MATCH (n0 {id : 14}), (n1 {id : 7}) MERGE(n0)-[r :T7{k81 : "9e4kD7LxB", k77 : false, id : 22, k79 : false, k78 : "DKyfR"}]->(n1)
MATCH (n0 {id : 6}), (n1 {id : 11}) MERGE(n0)-[r :T3{k51 : 6255357416136009786, k53 : 2733035444819501109, k52 : false, k55 : true, id : 23, k57 : "b8n9E", k56 : -1711414863190879335}]->(n1)
MATCH (n0 {id : 15}), (n1 {id : 10}) MERGE(n0)-[r :T6{k71 : "ryIGif5xO", k73 : false, k72 : "uxZO2YeJu", k75 : -607074071017002302, k74 : true, k76 : "czGISBMF", id : 24}]->(n1)
MATCH (n0 {id : 11}), (n1 {id : 12}) MERGE(n0)-[r :T9{k91 : "gLt69wvB", k90 : "vp8AHf", k93 : true, k92 : "Vn8t77Z", k94 : "7DSz57Dc", id : 25, k89 : "WJ2i8o1t"}]->(n1)
MATCH (n0 {id : 16}), (n1 {id : 10}) MERGE(n0)-[r :T9{k91 : "U04XYd", k90 : "ILf6rq6", k93 : false, k92 : "ui4io", k94 : "ovzv7", id : 26, k89 : "OKiliJ7"}]->(n1)
MATCH (n0 {id : 9}), (n1 {id : 0}) MERGE(n0)-[r :T4{k60 : 7067447734392942801, k62 : "uJ8lZ5i", k61 : false, k63 : 1587656375500050671, id : 27, k59 : false, k58 : 6732867415671729961}]->(n1)
MATCH (n0 {id : 8}), (n1 {id : 15}) MERGE(n0)-[r :T1{k40 : "gbAGLsE58", k42 : 2353664738755371251, k41 : "zFN8l2qJ", k44 : "kaNTrKzR", k43 : false, id : 28}]->(n1)
MATCH (n0 {id : 0}), (n1 {id : 16}) MERGE(n0)-[r :T17{k141 : 5529427835593115695, k140 : true, k138 : -2439708929156769625, k137 : 2579538534339860803, id : 29, k139 : -5593153580039494184}]->(n1)
MATCH (n0 {id : 15}), (n1 {id : 13}) MERGE(n0)-[r :T1{k39 : 2601654799469177563, k40 : "VrbksKu", k42 : 9218211142592582637, k41 : "z3FVRE", k44 : "g37ShHn", k43 : true, id : 30}]->(n1)
MATCH (n0 {id : 15}), (n1 {id : 7}) MERGE(n0)-[r :T1{k39 : 8930604973632453097, k40 : "FiN7dN", k42 : -7141545872318464521, k41 : "2J6hsDms", k44 : "7ULF6", k43 : true, id : 31}]->(n1)
MATCH (n0 {id : 16}), (n1 {id : 0}) MERGE(n0)-[r :T2{k49 : -5358219138744773962, k50 : false, id : 32, k46 : "YDwPQ3oX", k45 : false, k48 : true, k47 : -5727853092904911478}]->(n1)
MATCH (n0 {id : 2}), (n1 {id : 12}) MERGE(n0)-[r :T9{k91 : "wNhzsBJUI", k90 : "B18wgNMhn", k93 : false, k92 : "D2dy9fEcx", k94 : "LXTjB", id : 33, k89 : "OpTaknLWL"}]->(n1)
MATCH (n0 {id : 16}), (n1 {id : 12}) MERGE(n0)-[r :T7{k80 : "3m5oG", k81 : "X7q56gyG4", k77 : true, id : 34, k79 : false, k78 : "lyWbEJe6"}]->(n1)
MATCH (n0 {id : 9}), (n1 {id : 16}) MERGE(n0)-[r :T15{k124 : 3678029797360296202, k127 : "jndH5wB", k126 : -6364645711101105470, id : 35, k129 : -6825866098568018082}]->(n1)
MATCH (n0 {id : 13}), (n1 {id : 11}) MERGE(n0)-[r :T4{k60 : 7360957799401541558, k62 : "cYQoTL5D", k61 : false, k63 : -4324425941094513930, id : 36, k59 : true, k58 : 833770284211984953}]->(n1)
MATCH (n0 {id : 3}), (n1 {id : 11}) MERGE(n0)-[r :T5{k70 : true, k64 : -3696412676821908739, k66 : "jfdOLFU", k65 : false, id : 37, k68 : true, k67 : false, k69 : "XqgpZcL"}]->(n1)
MATCH (n0 {id : 7}), (n1 {id : 8}) MERGE(n0)-[r :T5{k70 : false, k66 : "jDM05EDk9", k65 : false, id : 38, k68 : true, k67 : true, k69 : "jM1qVLM"}]->(n1)
MATCH (n0 {id : 10}), (n1 {id : 15}) MERGE(n0)-[r :T2{k50 : false, id : 39, k48 : true}]->(n1)
MATCH (n0 {id : 1}), (n1 {id : 10}) MERGE(n0)-[r :T17{k141 : -9158097217772649125, k140 : true, k138 : 6583577225943428868, k137 : -2962357231297697649, id : 40, k139 : -6974911957119327959}]->(n1)
MATCH (n0 {id : 0}), (n1 {id : 1}) MERGE(n0)-[r :T6{k71 : "IZoHg9i4F", k73 : false, k72 : "eY38awp", k75 : -8385687129329844106, k74 : false, k76 : "wglgkLRs", id : 41}]->(n1)
MATCH (n0 {id : 8}), (n1 {id : 6}) MERGE(n0)-[r :T15{k125 : false, k124 : 1795831089711487547, k127 : "QTDWkC", k126 : 3133262644124385555, id : 42, k129 : 7690249837418197927, k128 : -8377983641505445411}]->(n1)
MATCH (n0 {id : 12}), (n1 {id : 14}) MERGE(n0)-[r :T2{k49 : -6202190235467067437, k50 : false, id : 43, k46 : "QuTIwM", k45 : true, k48 : false, k47 : 7295755450435738035}]->(n1)
MATCH (n0 {id : 1}), (n1 {id : 13}) MERGE(n0)-[r :T6{k71 : "53g6MnyTh", k73 : true, k72 : "tlgIhwBRq", k75 : 2834661261562338691, k74 : true, k76 : "NeZaGUZiw", id : 44}]->(n1)
MATCH (n0 {id : 4}), (n1 {id : 2}) MERGE(n0)-[r :T10{k95 : false, k101 : false, k100 : false, k97 : 1373683926660114601, k99 : -5265096335283736153, k98 : "PBEbt", id : 45}]->(n1)
MATCH (n0 {id : 5}), (n1 {id : 1}) MERGE(n0)-[r :T12{k110 : false, k112 : -1977829223642273678, k111 : 3826550511700822209, k113 : false, id : 46, k107 : 4472650507516502923, k109 : "8MUZhytF", k108 : "VfC18yuF"}]->(n1)
MATCH (n0 {id : 7}), (n1 {id : 16}) MERGE(n0)-[r :T1{k39 : -7993700106571915717, k42 : -3432091618314882161, k41 : "DrMP5o7px", k44 : "rfoPYJlo", k43 : false, id : 47}]->(n1)
MATCH (n0 {id : 12}), (n1 {id : 5}) MERGE(n0)-[r :T4{k60 : 370755148622008977, k62 : "Jrp4Tu", k61 : true, k63 : 2900165842860852818, id : 48, k59 : true, k58 : -7371418310159141924}]->(n1)
MATCH (n0 {id : 11}), (n1 {id : 3}) MERGE(n0)-[r :T12{k110 : false, k112 : -7453573208265632546, k111 : 7765651445439283097, k113 : false, id : 49, k107 : 8795540233265148566, k109 : "Pzh0qM", k108 : "U9NFEfG"}]->(n1)
MATCH (n0 {id : 7}), (n1 {id : 10}) MERGE(n0)-[r :T0{k38 : false, k33 : false, id : 50, k35 : true, k37 : 1375665396818790932, k36 : true}]->(n1)
MATCH (n0 {id : 12}), (n1 {id : 7}) MERGE(n0)-[r :T8{k82 : 5678740312202421711, k84 : true, k83 : "uwb0V6nXG", k86 : 706322019043732657, k85 : "0Jitt", k88 : true, k87 : true, id : 51}]->(n1)
MATCH (n0 {id : 12}), (n1 {id : 10}) MERGE(n0)-[r :T10{k95 : false, k101 : false, k100 : true, k97 : -7553169982688286830, k96 : "OEWscN", k99 : -7579751077123091337, k98 : "dvgBtxO0", id : 52}]->(n1)
MATCH (n0 {id : 11}), (n1 {id : 17}) MERGE(n0)-[r :T14{k121 : "TQtuf", k120 : true, k123 : "2Q3to", id : 53, k119 : -1774591347999099142}]->(n1)

Neo4j starting on bolt port 20000, PID=2418
wait for another moment
wait for another moment
wait for another moment
wait for another moment
wait for another moment
wait for another moment
wait for another moment
wait for another moment
wait for another moment
wait for another moment
wait for another moment
wait for another moment
wait for another moment
wait for another moment
wait for another moment
wait for another moment
wait for another moment
wait for another moment
wait for another moment
wait for another moment
wait for another moment
new global state
Database Name:neo4jdatabase0-1774882458203-0
CREATE CONSTRAINT c0 IF NOT EXISTS FOR (n:L0) REQUIRE (n.k4) IS UNIQUE
CREATE CONSTRAINT c1 IF NOT EXISTS FOR (n:L0) REQUIRE (n.id) IS UNIQUE
CREATE CONSTRAINT c2 IF NOT EXISTS FOR (n:L1) REQUIRE (n.k8) IS UNIQUE
CREATE CONSTRAINT c3 IF NOT EXISTS FOR (n:L2) REQUIRE (n.id) IS UNIQUE
CREATE CONSTRAINT c4 IF NOT EXISTS FOR (n:L3) REQUIRE (n.id) IS UNIQUE
CREATE CONSTRAINT c5 IF NOT EXISTS FOR (n:L4) REQUIRE (n.k24) IS UNIQUE
CREATE CONSTRAINT c6 IF NOT EXISTS FOR (n:L4) REQUIRE (n.id) IS UNIQUE
CREATE INDEX i7 IF NOT EXISTS FOR (n:L0) ON (n.k4)
CREATE TEXT INDEX i8 IF NOT EXISTS FOR (n:L0) ON (n.k4)
CREATE INDEX i9 IF NOT EXISTS FOR (n:L0) ON (n.id)
CREATE INDEX i10 IF NOT EXISTS FOR (n:L1) ON (n.k8)
CREATE TEXT INDEX i11 IF NOT EXISTS FOR (n:L1) ON (n.k8)
CREATE INDEX i12 IF NOT EXISTS FOR (n:L1) ON (n.k10)
CREATE TEXT INDEX i13 IF NOT EXISTS FOR (n:L1) ON (n.k10)
CREATE INDEX i14 IF NOT EXISTS FOR (n:L1) ON (n.id)
CREATE INDEX i15 IF NOT EXISTS FOR (n:L2) ON (n.k11)
CREATE TEXT INDEX i16 IF NOT EXISTS FOR (n:L2) ON (n.k11)
CREATE INDEX i17 IF NOT EXISTS FOR (n:L2) ON (n.id)
CREATE INDEX i18 IF NOT EXISTS FOR (n:L3) ON (n.id)
CREATE INDEX i19 IF NOT EXISTS FOR (n:L4) ON (n.k24)
CREATE INDEX i20 IF NOT EXISTS FOR (n:L4) ON (n.id)
CREATE INDEX i21 IF NOT EXISTS FOR (n:L0) ON (n.k0, n.k1, n.k3, n.k4)
CREATE INDEX i22 IF NOT EXISTS FOR (n:L1) ON (n.k6, n.k7, n.k9)
CREATE INDEX i23 IF NOT EXISTS FOR (n:L3) ON (n.k17, n.k16)
CREATE INDEX i24 IF NOT EXISTS FOR (n:L4) ON (n.k22, n.k24, n.k23, n.k25)
CREATE CONSTRAINT c25 IF NOT EXISTS FOR (r:T0) REQUIRE (r.k28) IS UNIQUE
CREATE CONSTRAINT c26 IF NOT EXISTS FOR (r:T0) REQUIRE (r.id) IS UNIQUE
CREATE CONSTRAINT c27 IF NOT EXISTS FOR (r:T1) REQUIRE (r.id) IS UNIQUE
CREATE CONSTRAINT c28 IF NOT EXISTS FOR (r:T2) REQUIRE (r.k38) IS UNIQUE
CREATE CONSTRAINT c29 IF NOT EXISTS FOR (r:T2) REQUIRE (r.k41) IS UNIQUE
CREATE CONSTRAINT c30 IF NOT EXISTS FOR (r:T2) REQUIRE (r.id) IS UNIQUE
CREATE CONSTRAINT c31 IF NOT EXISTS FOR (r:T3) REQUIRE (r.k48) IS UNIQUE
CREATE CONSTRAINT c32 IF NOT EXISTS FOR (r:T4) REQUIRE (r.id) IS UNIQUE
CREATE CONSTRAINT c33 IF NOT EXISTS FOR (r:T5) REQUIRE (r.k60) IS UNIQUE
CREATE CONSTRAINT c34 IF NOT EXISTS FOR (r:T6) REQUIRE (r.k61) IS UNIQUE
CREATE CONSTRAINT c35 IF NOT EXISTS FOR (r:T7) REQUIRE (r.k71) IS UNIQUE
CREATE CONSTRAINT c36 IF NOT EXISTS FOR (r:T8) REQUIRE (r.id) IS UNIQUE
CREATE CONSTRAINT c37 IF NOT EXISTS FOR (r:T9) REQUIRE (r.k83) IS UNIQUE
CREATE CONSTRAINT c38 IF NOT EXISTS FOR (r:T9) REQUIRE (r.id) IS UNIQUE
CREATE CONSTRAINT c39 IF NOT EXISTS FOR (r:T10) REQUIRE (r.k90) IS UNIQUE
CREATE CONSTRAINT c40 IF NOT EXISTS FOR (r:T10) REQUIRE (r.k92) IS UNIQUE
CREATE CONSTRAINT c41 IF NOT EXISTS FOR (r:T10) REQUIRE (r.id) IS UNIQUE
CREATE CONSTRAINT c42 IF NOT EXISTS FOR (r:T11) REQUIRE (r.k96) IS UNIQUE
CREATE CONSTRAINT c43 IF NOT EXISTS FOR (r:T11) REQUIRE (r.id) IS UNIQUE
CREATE CONSTRAINT c44 IF NOT EXISTS FOR (r:T12) REQUIRE (r.k103) IS UNIQUE
CREATE CONSTRAINT c45 IF NOT EXISTS FOR (r:T12) REQUIRE (r.id) IS UNIQUE
CREATE CONSTRAINT c46 IF NOT EXISTS FOR (r:T13) REQUIRE (r.id) IS UNIQUE
CREATE CONSTRAINT c47 IF NOT EXISTS FOR (r:T14) REQUIRE (r.k116) IS UNIQUE
CREATE INDEX i48 IF NOT EXISTS FOR (n:T0) ON (n.k28)
CREATE TEXT INDEX i49 IF NOT EXISTS FOR (n:T0) ON (n.k28)
CREATE INDEX i50 IF NOT EXISTS FOR (n:T0) ON (n.k32)
CREATE TEXT INDEX i51 IF NOT EXISTS FOR (n:T0) ON (n.k32)
CREATE INDEX i52 IF NOT EXISTS FOR (n:T0) ON (n.id)
CREATE INDEX i53 IF NOT EXISTS FOR (n:T1) ON (n.k34)
CREATE INDEX i54 IF NOT EXISTS FOR (n:T1) ON (n.k36)
CREATE TEXT INDEX i55 IF NOT EXISTS FOR (n:T1) ON (n.k36)
CREATE INDEX i56 IF NOT EXISTS FOR (n:T1) ON (n.k37)
CREATE INDEX i57 IF NOT EXISTS FOR (n:T1) ON (n.id)
CREATE INDEX i58 IF NOT EXISTS FOR (n:T2) ON (n.k38)
CREATE TEXT INDEX i59 IF NOT EXISTS FOR (n:T2) ON (n.k38)
CREATE INDEX i60 IF NOT EXISTS FOR (n:T2) ON (n.k41)
CREATE TEXT INDEX i61 IF NOT EXISTS FOR (n:T2) ON (n.k41)
CREATE INDEX i62 IF NOT EXISTS FOR (n:T2) ON (n.id)
CREATE INDEX i63 IF NOT EXISTS FOR (n:T3) ON (n.k44)
CREATE TEXT INDEX i64 IF NOT EXISTS FOR (n:T3) ON (n.k44)
CREATE INDEX i65 IF NOT EXISTS FOR (n:T3) ON (n.k47)
CREATE TEXT INDEX i66 IF NOT EXISTS FOR (n:T3) ON (n.k47)
CREATE INDEX i67 IF NOT EXISTS FOR (n:T3) ON (n.k48)
CREATE INDEX i68 IF NOT EXISTS FOR (n:T3) ON (n.id)
CREATE INDEX i69 IF NOT EXISTS FOR (n:T4) ON (n.id)
CREATE INDEX i70 IF NOT EXISTS FOR (n:T5) ON (n.k60)
CREATE INDEX i71 IF NOT EXISTS FOR (n:T5) ON (n.id)
CREATE INDEX i72 IF NOT EXISTS FOR (n:T6) ON (n.k61)
CREATE TEXT INDEX i73 IF NOT EXISTS FOR (n:T6) ON (n.k61)
CREATE INDEX i74 IF NOT EXISTS FOR (n:T6) ON (n.k63)
CREATE TEXT INDEX i75 IF NOT EXISTS FOR (n:T6) ON (n.k63)
CREATE INDEX i76 IF NOT EXISTS FOR (n:T6) ON (n.k64)
CREATE TEXT INDEX i77 IF NOT EXISTS FOR (n:T6) ON (n.k64)
CREATE INDEX i78 IF NOT EXISTS FOR (n:T6) ON (n.k65)
CREATE TEXT INDEX i79 IF NOT EXISTS FOR (n:T6) ON (n.k65)
CREATE INDEX i80 IF NOT EXISTS FOR (n:T6) ON (n.id)
CREATE INDEX i81 IF NOT EXISTS FOR (n:T7) ON (n.k67)
CREATE TEXT INDEX i82 IF NOT EXISTS FOR (n:T7) ON (n.k67)
CREATE INDEX i83 IF NOT EXISTS FOR (n:T7) ON (n.k69)
CREATE TEXT INDEX i84 IF NOT EXISTS FOR (n:T7) ON (n.k69)
CREATE INDEX i85 IF NOT EXISTS FOR (n:T7) ON (n.k71)
CREATE TEXT INDEX i86 IF NOT EXISTS FOR (n:T7) ON (n.k71)
CREATE INDEX i87 IF NOT EXISTS FOR (n:T7) ON (n.id)
CREATE INDEX i88 IF NOT EXISTS FOR (n:T8) ON (n.k78)
CREATE TEXT INDEX i89 IF NOT EXISTS FOR (n:T8) ON (n.k78)
CREATE INDEX i90 IF NOT EXISTS FOR (n:T8) ON (n.k79)
CREATE INDEX i91 IF NOT EXISTS FOR (n:T8) ON (n.id)
CREATE INDEX i92 IF NOT EXISTS FOR (n:T9) ON (n.k81)
CREATE TEXT INDEX i93 IF NOT EXISTS FOR (n:T9) ON (n.k81)
CREATE INDEX i94 IF NOT EXISTS FOR (n:T9) ON (n.k83)
CREATE TEXT INDEX i95 IF NOT EXISTS FOR (n:T9) ON (n.k83)
CREATE INDEX i96 IF NOT EXISTS FOR (n:T9) ON (n.id)
CREATE INDEX i97 IF NOT EXISTS FOR (n:T10) ON (n.k86)
CREATE TEXT INDEX i98 IF NOT EXISTS FOR (n:T10) ON (n.k86)
CREATE INDEX i99 IF NOT EXISTS FOR (n:T10) ON (n.k88)
CREATE TEXT INDEX i100 IF NOT EXISTS FOR (n:T10) ON (n.k88)
CREATE INDEX i101 IF NOT EXISTS FOR (n:T10) ON (n.k90)
CREATE TEXT INDEX i102 IF NOT EXISTS FOR (n:T10) ON (n.k90)
CREATE INDEX i103 IF NOT EXISTS FOR (n:T10) ON (n.k91)
CREATE INDEX i104 IF NOT EXISTS FOR (n:T10) ON (n.k92)
CREATE INDEX i105 IF NOT EXISTS FOR (n:T10) ON (n.id)
CREATE INDEX i106 IF NOT EXISTS FOR (n:T11) ON (n.k94)
CREATE TEXT INDEX i107 IF NOT EXISTS FOR (n:T11) ON (n.k94)
CREATE INDEX i108 IF NOT EXISTS FOR (n:T11) ON (n.k96)
CREATE TEXT INDEX i109 IF NOT EXISTS FOR (n:T11) ON (n.k96)
CREATE INDEX i110 IF NOT EXISTS FOR (n:T11) ON (n.id)
CREATE INDEX i111 IF NOT EXISTS FOR (n:T12) ON (n.k98)
CREATE INDEX i112 IF NOT EXISTS FOR (n:T12) ON (n.k103)
CREATE INDEX i113 IF NOT EXISTS FOR (n:T12) ON (n.id)
CREATE INDEX i114 IF NOT EXISTS FOR (n:T13) ON (n.k106)
CREATE TEXT INDEX i115 IF NOT EXISTS FOR (n:T13) ON (n.k106)
CREATE INDEX i116 IF NOT EXISTS FOR (n:T13) ON (n.k109)
CREATE TEXT INDEX i117 IF NOT EXISTS FOR (n:T13) ON (n.k109)
CREATE INDEX i118 IF NOT EXISTS FOR (n:T13) ON (n.id)
CREATE INDEX i119 IF NOT EXISTS FOR (n:T14) ON (n.k116)
CREATE TEXT INDEX i120 IF NOT EXISTS FOR (n:T14) ON (n.k116)
CREATE INDEX i121 IF NOT EXISTS FOR (n:T14) ON (n.id)
CREATE INDEX i122 IF NOT EXISTS FOR (n:T15) ON (n.k117)
CREATE TEXT INDEX i123 IF NOT EXISTS FOR (n:T15) ON (n.k117)
CREATE INDEX i124 IF NOT EXISTS FOR (n:T15) ON (n.id)
CREATE INDEX i125 IF NOT EXISTS FOR (r:T2) ON (r.k40, r.k42, r.k43)
CREATE INDEX i126 IF NOT EXISTS FOR (r:T5) ON (r.k60, r.k56, r.k59)
CREATE CONSTRAINT c127 IF NOT EXISTS FOR (r:T6) REQUIRE (r.k64, r.k63, r.k65) IS UNIQUE
CREATE CONSTRAINT c128 IF NOT EXISTS FOR (r:T7) REQUIRE (r.k71, r.k67) IS UNIQUE
CREATE INDEX i129 IF NOT EXISTS FOR (r:T11) ON (r.k97, r.k96)
CREATE INDEX i130 IF NOT EXISTS FOR (r:T14) ON (r.k111, r.k115)
CREATE (n0 :L0:L2:L1{k0 : true, k1 : true, k3 : -2172642123787693726, k4 : "aLwiqs8", k11 : "YcAjL", k5 : false, k6 : true, k10 : "wBgwA", k13 : true, k7 : -5769319546452596124, k12 : "kgr1F", k15 : "jbSETJQF", k9 : "khVHt", k14 : true, id : 0})
CREATE (n0 :L2{k11 : "lAdAUV", id : 1, k13 : false, k12 : "dkc23", k15 : "eaq0X", k14 : false})
CREATE (n0 :L1:L3{k17 : true, k16 : "WtYMzNxDV", k19 : true, k18 : "kutwxB5DS", k20 : true, k5 : true, k6 : false, k10 : "h7vAC", id : 2, k7 : -3152870542152493041, k8 : "RZrDVkK", k9 : "B1Iww"})
CREATE (n0 :L1:L3{k17 : false, k16 : "dxS49M", k19 : false, k18 : "xsoJM3", k20 : false, k5 : false, k6 : true, k10 : "0CLYFs", id : 3, k7 : -2957981106388882980, k8 : "jq7AB", k9 : "COIzsHeb"})
CREATE (n0 :L1{k5 : false, k6 : false, k10 : "nB0sKf", id : 4, k7 : -6655746562503653951, k8 : "5tZCQi4L", k9 : "lC4r8"})
CREATE (n0 :L2:L1:L3{k20 : false, k11 : "NRYyy4", k5 : true, k6 : false, k10 : "osNwko", k13 : true, k7 : -5419824054656460603, k12 : "497I4E", k8 : "4FvmQ", k15 : "Edael2m", k9 : "6bAmHc7", k14 : false, k17 : true, k16 : "jEo72wG", k19 : false, k18 : "BBzTF", id : 5})
CREATE (n0 :L0{k0 : true, k1 : true, k2 : "Ta4MWSbl", k3 : -7666573987159692315, k4 : "Qkf8Ik67J", id : 6})
CREATE (n0 :L0{k0 : true, k1 : true, k2 : "0koYbzT", k3 : 2097920624332093804, k4 : "Nj0e91vd", id : 7})
CREATE (n0 :L1{k5 : false, k6 : false, k10 : "2vSMH2", id : 8, k7 : -3102332100310122903, k8 : "sfUv81mU", k9 : "IYOn7CWOu"})
CREATE (n0 :L2{k11 : "YDjnC9", id : 9, k13 : true, k12 : "JNKhc", k15 : "LNlGv", k14 : true})
CREATE (n0 {id : 10})
CREATE (n0 :L3:L2{k17 : false, k19 : true, k18 : "yaPpMBGE", k20 : true, k11 : "rP1aJg", id : 11, k13 : false, k12 : "ja818yUO", k15 : "tTImYS"})
CREATE (n0 :L0{k0 : false, k1 : false, k2 : "L2LWBf", k3 : -8477130831806597638, k4 : "eqJ3Xs", id : 12})
CREATE (n0 :L2:L0{k0 : false, k1 : true, k2 : "egoIlKSDx", k3 : -5095170818069853487, k4 : "wCAXq7TpO", k11 : "YYNF7R", id : 13, k13 : false, k12 : "m05f9Po", k15 : "stcS1cj", k14 : true})
CREATE (n0 :L1{k5 : false, k6 : false, k10 : "9uDaBiF8c", id : 14, k7 : -7624363245594257029, k8 : "CkZbRWR", k9 : "ARYUGcNRU"})
CREATE (n0 :L2:L0{k0 : false, k2 : "6dKVn3m4", k3 : 5228569775074083811, k4 : "dXNgJi7O", k11 : "evQd2ek", id : 15, k13 : true, k12 : "h5HSIkfw", k15 : "XwHHhdlP", k14 : false})
CREATE (n0 :L2{k11 : "PEXLJI3v", id : 16, k13 : true, k12 : "SOtGbz", k15 : "mUDOG", k14 : true})
CREATE (n0 :L3:L1{k17 : true, k16 : "D6bb46mXY", k19 : false, k18 : "Molh4T2A", k20 : true, k5 : true, id : 17, k6 : true, k10 : "hlN5alA", k7 : -5115179522954626617, k8 : "YkkvGvQ", k9 : "bRA4GcR"})
MATCH (n0 {id : 9}), (n1 {id : 7}) MERGE(n0)-[r :T10{k91 : -3102573649137899865, k90 : "XN5p4X", k92 : 7646144551965674854, k88 : "VfMiDh", k87 : false, id : 18, k89 : "mgca0hi"}]->(n1)
MATCH (n0 {id : 6}), (n1 {id : 0}) MERGE(n0)-[r :T9{k82 : true, k81 : "I2hZmE", k83 : "pfmObvE7", k85 : "qxs7s", id : 19}]->(n1)
MATCH (n0 {id : 13}), (n1 {id : 8}) MERGE(n0)-[r :T2{k39 : true, k40 : 5844184769318306612, k42 : -8119083120290584718, k41 : "O6To5RHO4", k43 : 4513682060962533525, id : 20}]->(n1)
MATCH (n0 {id : 17}), (n1 {id : 16}) MERGE(n0)-[r :T14{k112 : true, k111 : -3926565271065357954, k114 : 2399954418956615108, k113 : "0eAM9uyOQ", k115 : false, id : 21}]->(n1)
MATCH (n0 {id : 0}), (n1 {id : 3}) MERGE(n0)-[r :T7{k71 : "OosILeds9", k70 : 76119249101819607, k73 : true, k72 : "XS4wghI2", id : 22, k68 : true, k67 : "p63yvI", k69 : "gWKRe"}]->(n1)
MATCH (n0 {id : 6}), (n1 {id : 0}) MERGE(n0)-[r :T4{k51 : "HVQhUGa8", k53 : true, k52 : true, k55 : "cpRNyguTG", k54 : 233212021373892485, id : 23}]->(n1)
MATCH (n0 {id : 11}), (n1 {id : 0}) MERGE(n0)-[r :T10{k91 : 5813198368800497272, k90 : "TasVWA", k92 : -3369125506246225158, k86 : "hnIji", k88 : "CkCrbW8rh", k87 : false, id : 24, k89 : "mslljzLN"}]->(n1)
MATCH (n0 {id : 16}), (n1 {id : 17}) MERGE(n0)-[r :T3{k49 : false, k50 : false, k44 : "OvIE98UHY", id : 25, k46 : "DAo4a7", k45 : true, k48 : -6091115730773152473, k47 : "HNmPT"}]->(n1)
MATCH (n0 {id : 3}), (n1 {id : 6}) MERGE(n0)-[r :T2{k39 : true, k38 : "suzkBQC", k40 : 4318479315908570913, k41 : "4A9Cpu", k43 : 8380465502742248700, id : 26}]->(n1)
MATCH (n0 {id : 1}), (n1 {id : 15}) MERGE(n0)-[r :T11{k93 : -4183676440413581439, k95 : "USnZYEJpc", k94 : "NCWEBLwbJ", k97 : true, k96 : "mhe2IHL", id : 27}]->(n1)
MATCH (n0 {id : 6}), (n1 {id : 8}) MERGE(n0)-[r :T6{k62 : "XpVbO", k61 : "NRNPuhUt", k64 : "7sNhtUE", k63 : "8sXN9r", k66 : -159468632986952921, k65 : "alpXGmo", id : 28}]->(n1)
MATCH (n0 {id : 10}), (n1 {id : 17}) MERGE(n0)-[r :T8{k80 : false, k75 : true, k74 : true, k77 : 1121114429201315214, k76 : true, id : 29, k79 : 3297812827233812492, k78 : "Gzxwqt"}]->(n1)
MATCH (n0 {id : 3}), (n1 {id : 13}) MERGE(n0)-[r :T2{k39 : true, k38 : "gfJ7VDLoo", k40 : -6070266983957507731, k42 : 5531747239569087286, k41 : "zhHVu", k43 : 6789498403001789541, id : 30}]->(n1)
MATCH (n0 {id : 6}), (n1 {id : 2}) MERGE(n0)-[r :T14{k112 : true, k111 : 779293021816895993, k114 : -9053545670292372199, k113 : "6eAsG", k116 : "puSFel5y", k115 : false, id : 31}]->(n1)
MATCH (n0 {id : 6}), (n1 {id : 9}) MERGE(n0)-[r :T12{k101 : "pW1O0VHrh", k100 : false, k103 : -7415580389560925125, k102 : false, k99 : 5196405718324271111, k104 : true, id : 32}]->(n1)
MATCH (n0 {id : 9}), (n1 {id : 5}) MERGE(n0)-[r :T7{k70 : 5545659024095154822, k73 : true, k72 : "CvMHGEi", id : 33, k68 : true, k67 : "dw7QQw", k69 : "cp4cFKRp"}]->(n1)
MATCH (n0 {id : 0}), (n1 {id : 3}) MERGE(n0)-[r :T8{k80 : false, k75 : false, k74 : true, k77 : -3084141666160363533, id : 34, k79 : -3873256046334705926, k78 : "KRqSTF8"}]->(n1)
MATCH (n0 {id : 14}), (n1 {id : 16}) MERGE(n0)-[r :T3{k49 : false, k50 : true, k44 : "AHBbI", id : 35, k46 : "N3kPCk", k45 : false, k48 : -2479499367110722453, k47 : "h8mb4O"}]->(n1)
MATCH (n0 {id : 6}), (n1 {id : 2}) MERGE(n0)-[r :T9{k82 : true, k81 : "nO79FmJ6", k84 : "05fi7cx6O", k83 : "QqXGTN", k85 : "kyPc4L", id : 36}]->(n1)
MATCH (n0 {id : 3}), (n1 {id : 16}) MERGE(n0)-[r :T9{k82 : true, k81 : "jmWFUr", k84 : "6Kktpw6", k83 : "GDfdUV", k85 : "mx8MecVZx", id : 37}]->(n1)
MATCH (n0 {id : 13}), (n1 {id : 10}) MERGE(n0)-[r :T3{k49 : false, k50 : false, k44 : "sTS7w4", id : 38, k46 : "1Qxz0lVM", k45 : true, k48 : 5504850760836845358, k47 : "i4QXYl"}]->(n1)
MATCH (n0 {id : 15}), (n1 {id : 13}) MERGE(n0)-[r :T3{k49 : true, k50 : true, k44 : "H2ITRZhm", id : 39, k46 : "EQrtt8Ve", k45 : true, k48 : -2399805711962731439, k47 : "qJA6Xy"}]->(n1)
MATCH (n0 {id : 12}), (n1 {id : 5}) MERGE(n0)-[r :T9{k82 : true, k81 : "bxaqzNe", k84 : "FbST7Vid4", k85 : "1MEGTSLKI", id : 40}]->(n1)
MATCH (n0 {id : 0}), (n1 {id : 16}) MERGE(n0)-[r :T14{k112 : true, k111 : -3371907914601395133, k114 : -3663202521871914775, k113 : "oB8OF", k116 : "hGqzm", k115 : false, id : 41}]->(n1)
MATCH (n0 {id : 0}), (n1 {id : 12}) MERGE(n0)-[r :T9{k82 : false, k81 : "MsJ4Yth", k84 : "KW3ht", k83 : "QEc4x", k85 : "NlaRCDmF", id : 42}]->(n1)
MATCH (n0 {id : 7}), (n1 {id : 10}) MERGE(n0)-[r :T14{k112 : false, k111 : 8033278086187606316, k114 : 2249828112415551988, k113 : "og4QstQPk", k116 : "R15vS", k115 : false, id : 43}]->(n1)
MATCH (n0 :L0 :L2 :L1)-[r0 :T8]->(n1 :L1 :L3{id:3})-[r1 :T2]-(n2)-[r2 :T9]->(n3 :L1 :L3), (n0 :L0{k15:'jbSETJQF'})-[r3 :T9]->(n4 :L0{k2:'L2LWBf'})-[r4 :T9]->(n5 :L2 :L1 :L3{k19:false}), (n2)-[r5 :T12]->(n6 :L2)-[r6 :T7]-(n5 :L1{k18:'BBzTF'}), (n7 :L1 :L3{k6:true})<-[r7 :T3]-(n8 :L2)-[r8 :T14]-(n0), (n8)<-[r9 :T14]-(n7)<-[r10 :T8]-(n9)-[r11 :T3]-(n10 :L2 :L0)-[r12 :T3]-(n11 :L0 :L2)-[r13 :T11]-(n12 :L2{k15:'eaq0X'}), (n3 :L1)-[r14 :T14]-(n2{k2:'Ta4MWSbl'}) WHERE (((((NOT (NOT (((('t2Dlhpa' <= (n1.k18)) OR ('Dv21XDCzn' CONTAINS 'Dv21XDCzn')) AND ((((n10.k13) = true) OR ((n0.k14) = true)) OR (((n6.k13) = true) AND ((n5.k6) = true)))) OR (((n11.k13) = true) AND ((((n8.k14) = true) OR true) AND ((r9.k112) = true)))))) AND ((r0.id) <> (r1.id))) AND ((r1.id) <> (r2.id))) AND ((r1.id) <> (r3.id))) AND (((((((((((((((((((((((((((n0.k7) > -5769319546452596126) AND ((n0.k7) < -5769319546452596122)) AND ((((((((r0.k78) > 'KRqSTF7') AND ((r0.k78) < 'KRqSTF9')) AND ((r0.k78) STARTS WITH 'KRqSTF')) AND (((r0.k78) > 'KRqSTF7') AND ((r0.k78) < 'KRqSTF9'))) AND ((r0.id) = 34)) AND ((r0.id) = 34)) AND ((r0.k78) CONTAINS 'qSTF'))) AND ((n1.id) = 3)) AND (((r1.k43) > 8380465502742248698) AND ((r1.k43) < 8380465502742248701))) AND (((r2.k84) > '05fi7cx5O') AND ((r2.k84) < '05fi7cx7O'))) AND (((n0.k3) > -2172642123787693727) AND ((n0.k3) < -2172642123787693724))) AND ((r3.k83) CONTAINS 'QEc4')) AND ((n2.k2) CONTAINS 'a4MWSb')) AND (((r5.k99) >= 5196405718324271110) AND ((r5.k99) <= 5196405718324271112))) AND (((r6.k67) ENDS WITH 'dw7QQw') AND ((r6.k69) = 'cp4cFKRp'))) AND ((n5.id) = 5)) AND ((n7.k9) = 'bRA4GcR')) AND ((r7.k47) ENDS WITH 'HNmPT')) AND ((n8.k12) ENDS WITH 'OtGbz')) AND ((((((r8.k114) >= -3663202521871914777) AND ((r8.k114) <= -3663202521871914773)) AND (((r8.k116) > 'hGqym') AND ((r8.k116) < 'hGq{m'))) AND (((r8.k111) >= -3371907914601395135) AND ((r8.k111) <= -3371907914601395131))) AND ((r8.k113) STARTS WITH 'oB8O'))) AND ((n0.k7) = -5769319546452596124)) AND ((n8.k15) CONTAINS 'mUDO')) AND ((r9.id) = 21)) AND ((r10.k78) STARTS WITH 'Gzxwq')) AND ((((r11.k44) > 'sTS7v4') AND ((r11.k44) < 'sTS7x4')) AND ((r11.k44) CONTAINS 'TS7w'))) AND ((n10.k2) ENDS WITH 'goIlKSDx')) AND ((r12.id) = 39)) AND (((n3.k9) > 'B1Iwv') AND ((n3.k9) < 'B1Iwx'))) AND ((r14.k113) ENDS WITH '6eAsG')) AND ((n2.id) = 6))) UNWIND [(n7.id)] AS a0 WITH (r7.k47) AS a1 ORDER BY a1 DESC SKIP 0 WHERE (((n8.k13) = true) AND (((((n5.k8) STARTS WITH '4Fv') AND (((n3.k17) = true) OR (((r5.k100) = true) OR ((r7.k50) = true)))) AND (((n5.k16) <> ((n3.k8)+(n0.k4))) AND (NOT (false AND ((r5.k104) = true))))) OR ((NOT ((((n3.k20) = true) OR true) OR (((r10.k75) = true) AND ((r4.k82) = true)))) OR ((r7.k50) = true)))) RETURN a1, reverse('RuRiUaqy') AS a2, reverse('Ig3HM4F') AS a3
java.lang.NoClassDefFoundError: com/kuzudb/KuzuObjectRefDestroyedException
	at org.example.gqs.cypher.standard_ast.Return.getActualResult(Return.java:386)
	at org.example.gqs.cypher.oracle.DifferentialNonEmptyBranchOracle.check(DifferentialNonEmptyBranchOracle.java:806)
	at org.example.gqs.cypher.algorithm.Compared3AlgorithmNew.generateAndTestDatabase(Compared3AlgorithmNew.java:238)
	at org.example.gqs.cypher.CypherProviderAdapter.generateAndTestDatabase(CypherProviderAdapter.java:56)
	at org.example.gqs.cypher.CypherProviderAdapter.generateAndTestDatabase(CypherProviderAdapter.java:1)
	at org.example.gqs.Main$DBMSExecutor.run(Main.java:409)
	at org.example.gqs.Main$2.run(Main.java:1115)
	at org.example.gqs.Main$2.runThread(Main.java:1092)
	at org.example.gqs.Main$2.run(Main.java:1013)
	at java.base/java.util.concurrent.ThreadPoolExecutor.runWorker(ThreadPoolExecutor.java:1144)
	at java.base/java.util.concurrent.ThreadPoolExecutor$Worker.run(ThreadPoolExecutor.java:642)
	at java.base/java.lang.Thread.run(Thread.java:1583)
Caused by: java.lang.ClassNotFoundException: com.kuzudb.KuzuObjectRefDestroyedException
	at java.base/jdk.internal.loader.BuiltinClassLoader.loadClass(BuiltinClassLoader.java:641)
	at java.base/jdk.internal.loader.ClassLoaders$AppClassLoader.loadClass(ClassLoaders.java:188)
	at java.base/java.lang.ClassLoader.loadClass(ClassLoader.java:526)
	... 12 more
--java.lang.NoClassDefFoundError: com/kuzudb/KuzuObjectRefDestroyedException
--	at org.example.gqs.cypher.standard_ast.Return.getActualResult(Return.java:386)
--	at org.example.gqs.cypher.oracle.DifferentialNonEmptyBranchOracle.check(DifferentialNonEmptyBranchOracle.java:806)
--	at org.example.gqs.cypher.algorithm.Compared3AlgorithmNew.generateAndTestDatabase(Compared3AlgorithmNew.java:238)
--	at org.example.gqs.cypher.CypherProviderAdapter.generateAndTestDatabase(CypherProviderAdapter.java:56)
--	at org.example.gqs.cypher.CypherProviderAdapter.generateAndTestDatabase(CypherProviderAdapter.java:1)
--	at org.example.gqs.Main$DBMSExecutor.run(Main.java:409)
--	at org.example.gqs.Main$2.run(Main.java:1115)
--	at org.example.gqs.Main$2.runThread(Main.java:1092)
--	at org.example.gqs.Main$2.run(Main.java:1013)
--	at java.base/java.util.concurrent.ThreadPoolExecutor.runWorker(ThreadPoolExecutor.java:1144)
--	at java.base/java.util.concurrent.ThreadPoolExecutor$Worker.run(ThreadPoolExecutor.java:642)
--	at java.base/java.lang.Thread.run(Thread.java:1583)
--Caused by: java.lang.ClassNotFoundException: com.kuzudb.KuzuObjectRefDestroyedException
--	at java.base/jdk.internal.loader.BuiltinClassLoader.loadClass(BuiltinClassLoader.java:641)
--	at java.base/jdk.internal.loader.ClassLoaders$AppClassLoader.loadClass(ClassLoaders.java:188)
--	at java.base/java.lang.ClassLoader.loadClass(ClassLoader.java:526)
--	... 12 more
--
-- Time: 2026/03/30 16:54:54
-- Database: neo4jdatabase0-1774882458203-0
-- seed value: 1774882458203
CREATE CONSTRAINT c0 IF NOT EXISTS FOR (n:L0) REQUIRE (n.k4) IS UNIQUE
CREATE CONSTRAINT c1 IF NOT EXISTS FOR (n:L0) REQUIRE (n.id) IS UNIQUE
CREATE CONSTRAINT c2 IF NOT EXISTS FOR (n:L1) REQUIRE (n.k8) IS UNIQUE
CREATE CONSTRAINT c3 IF NOT EXISTS FOR (n:L2) REQUIRE (n.id) IS UNIQUE
CREATE CONSTRAINT c4 IF NOT EXISTS FOR (n:L3) REQUIRE (n.id) IS UNIQUE
CREATE CONSTRAINT c5 IF NOT EXISTS FOR (n:L4) REQUIRE (n.k24) IS UNIQUE
CREATE CONSTRAINT c6 IF NOT EXISTS FOR (n:L4) REQUIRE (n.id) IS UNIQUE
CREATE INDEX i7 IF NOT EXISTS FOR (n:L0) ON (n.k4)
CREATE TEXT INDEX i8 IF NOT EXISTS FOR (n:L0) ON (n.k4)
CREATE INDEX i9 IF NOT EXISTS FOR (n:L0) ON (n.id)
CREATE INDEX i10 IF NOT EXISTS FOR (n:L1) ON (n.k8)
CREATE TEXT INDEX i11 IF NOT EXISTS FOR (n:L1) ON (n.k8)
CREATE INDEX i12 IF NOT EXISTS FOR (n:L1) ON (n.k10)
CREATE TEXT INDEX i13 IF NOT EXISTS FOR (n:L1) ON (n.k10)
CREATE INDEX i14 IF NOT EXISTS FOR (n:L1) ON (n.id)
CREATE INDEX i15 IF NOT EXISTS FOR (n:L2) ON (n.k11)
CREATE TEXT INDEX i16 IF NOT EXISTS FOR (n:L2) ON (n.k11)
CREATE INDEX i17 IF NOT EXISTS FOR (n:L2) ON (n.id)
CREATE INDEX i18 IF NOT EXISTS FOR (n:L3) ON (n.id)
CREATE INDEX i19 IF NOT EXISTS FOR (n:L4) ON (n.k24)
CREATE INDEX i20 IF NOT EXISTS FOR (n:L4) ON (n.id)
CREATE INDEX i21 IF NOT EXISTS FOR (n:L0) ON (n.k0, n.k1, n.k3, n.k4)
CREATE INDEX i22 IF NOT EXISTS FOR (n:L1) ON (n.k6, n.k7, n.k9)
CREATE INDEX i23 IF NOT EXISTS FOR (n:L3) ON (n.k17, n.k16)
CREATE INDEX i24 IF NOT EXISTS FOR (n:L4) ON (n.k22, n.k24, n.k23, n.k25)
CREATE CONSTRAINT c25 IF NOT EXISTS FOR (r:T0) REQUIRE (r.k28) IS UNIQUE
CREATE CONSTRAINT c26 IF NOT EXISTS FOR (r:T0) REQUIRE (r.id) IS UNIQUE
CREATE CONSTRAINT c27 IF NOT EXISTS FOR (r:T1) REQUIRE (r.id) IS UNIQUE
CREATE CONSTRAINT c28 IF NOT EXISTS FOR (r:T2) REQUIRE (r.k38) IS UNIQUE
CREATE CONSTRAINT c29 IF NOT EXISTS FOR (r:T2) REQUIRE (r.k41) IS UNIQUE
CREATE CONSTRAINT c30 IF NOT EXISTS FOR (r:T2) REQUIRE (r.id) IS UNIQUE
CREATE CONSTRAINT c31 IF NOT EXISTS FOR (r:T3) REQUIRE (r.k48) IS UNIQUE
CREATE CONSTRAINT c32 IF NOT EXISTS FOR (r:T4) REQUIRE (r.id) IS UNIQUE
CREATE CONSTRAINT c33 IF NOT EXISTS FOR (r:T5) REQUIRE (r.k60) IS UNIQUE
CREATE CONSTRAINT c34 IF NOT EXISTS FOR (r:T6) REQUIRE (r.k61) IS UNIQUE
CREATE CONSTRAINT c35 IF NOT EXISTS FOR (r:T7) REQUIRE (r.k71) IS UNIQUE
CREATE CONSTRAINT c36 IF NOT EXISTS FOR (r:T8) REQUIRE (r.id) IS UNIQUE
CREATE CONSTRAINT c37 IF NOT EXISTS FOR (r:T9) REQUIRE (r.k83) IS UNIQUE
CREATE CONSTRAINT c38 IF NOT EXISTS FOR (r:T9) REQUIRE (r.id) IS UNIQUE
CREATE CONSTRAINT c39 IF NOT EXISTS FOR (r:T10) REQUIRE (r.k90) IS UNIQUE
CREATE CONSTRAINT c40 IF NOT EXISTS FOR (r:T10) REQUIRE (r.k92) IS UNIQUE
CREATE CONSTRAINT c41 IF NOT EXISTS FOR (r:T10) REQUIRE (r.id) IS UNIQUE
CREATE CONSTRAINT c42 IF NOT EXISTS FOR (r:T11) REQUIRE (r.k96) IS UNIQUE
CREATE CONSTRAINT c43 IF NOT EXISTS FOR (r:T11) REQUIRE (r.id) IS UNIQUE
CREATE CONSTRAINT c44 IF NOT EXISTS FOR (r:T12) REQUIRE (r.k103) IS UNIQUE
CREATE CONSTRAINT c45 IF NOT EXISTS FOR (r:T12) REQUIRE (r.id) IS UNIQUE
CREATE CONSTRAINT c46 IF NOT EXISTS FOR (r:T13) REQUIRE (r.id) IS UNIQUE
CREATE CONSTRAINT c47 IF NOT EXISTS FOR (r:T14) REQUIRE (r.k116) IS UNIQUE
CREATE INDEX i48 IF NOT EXISTS FOR (n:T0) ON (n.k28)
CREATE TEXT INDEX i49 IF NOT EXISTS FOR (n:T0) ON (n.k28)
CREATE INDEX i50 IF NOT EXISTS FOR (n:T0) ON (n.k32)
CREATE TEXT INDEX i51 IF NOT EXISTS FOR (n:T0) ON (n.k32)
CREATE INDEX i52 IF NOT EXISTS FOR (n:T0) ON (n.id)
CREATE INDEX i53 IF NOT EXISTS FOR (n:T1) ON (n.k34)
CREATE INDEX i54 IF NOT EXISTS FOR (n:T1) ON (n.k36)
CREATE TEXT INDEX i55 IF NOT EXISTS FOR (n:T1) ON (n.k36)
CREATE INDEX i56 IF NOT EXISTS FOR (n:T1) ON (n.k37)
CREATE INDEX i57 IF NOT EXISTS FOR (n:T1) ON (n.id)
CREATE INDEX i58 IF NOT EXISTS FOR (n:T2) ON (n.k38)
CREATE TEXT INDEX i59 IF NOT EXISTS FOR (n:T2) ON (n.k38)
CREATE INDEX i60 IF NOT EXISTS FOR (n:T2) ON (n.k41)
CREATE TEXT INDEX i61 IF NOT EXISTS FOR (n:T2) ON (n.k41)
CREATE INDEX i62 IF NOT EXISTS FOR (n:T2) ON (n.id)
CREATE INDEX i63 IF NOT EXISTS FOR (n:T3) ON (n.k44)
CREATE TEXT INDEX i64 IF NOT EXISTS FOR (n:T3) ON (n.k44)
CREATE INDEX i65 IF NOT EXISTS FOR (n:T3) ON (n.k47)
CREATE TEXT INDEX i66 IF NOT EXISTS FOR (n:T3) ON (n.k47)
CREATE INDEX i67 IF NOT EXISTS FOR (n:T3) ON (n.k48)
CREATE INDEX i68 IF NOT EXISTS FOR (n:T3) ON (n.id)
CREATE INDEX i69 IF NOT EXISTS FOR (n:T4) ON (n.id)
CREATE INDEX i70 IF NOT EXISTS FOR (n:T5) ON (n.k60)
CREATE INDEX i71 IF NOT EXISTS FOR (n:T5) ON (n.id)
CREATE INDEX i72 IF NOT EXISTS FOR (n:T6) ON (n.k61)
CREATE TEXT INDEX i73 IF NOT EXISTS FOR (n:T6) ON (n.k61)
CREATE INDEX i74 IF NOT EXISTS FOR (n:T6) ON (n.k63)
CREATE TEXT INDEX i75 IF NOT EXISTS FOR (n:T6) ON (n.k63)
CREATE INDEX i76 IF NOT EXISTS FOR (n:T6) ON (n.k64)
CREATE TEXT INDEX i77 IF NOT EXISTS FOR (n:T6) ON (n.k64)
CREATE INDEX i78 IF NOT EXISTS FOR (n:T6) ON (n.k65)
CREATE TEXT INDEX i79 IF NOT EXISTS FOR (n:T6) ON (n.k65)
CREATE INDEX i80 IF NOT EXISTS FOR (n:T6) ON (n.id)
CREATE INDEX i81 IF NOT EXISTS FOR (n:T7) ON (n.k67)
CREATE TEXT INDEX i82 IF NOT EXISTS FOR (n:T7) ON (n.k67)
CREATE INDEX i83 IF NOT EXISTS FOR (n:T7) ON (n.k69)
CREATE TEXT INDEX i84 IF NOT EXISTS FOR (n:T7) ON (n.k69)
CREATE INDEX i85 IF NOT EXISTS FOR (n:T7) ON (n.k71)
CREATE TEXT INDEX i86 IF NOT EXISTS FOR (n:T7) ON (n.k71)
CREATE INDEX i87 IF NOT EXISTS FOR (n:T7) ON (n.id)
CREATE INDEX i88 IF NOT EXISTS FOR (n:T8) ON (n.k78)
CREATE TEXT INDEX i89 IF NOT EXISTS FOR (n:T8) ON (n.k78)
CREATE INDEX i90 IF NOT EXISTS FOR (n:T8) ON (n.k79)
CREATE INDEX i91 IF NOT EXISTS FOR (n:T8) ON (n.id)
CREATE INDEX i92 IF NOT EXISTS FOR (n:T9) ON (n.k81)
CREATE TEXT INDEX i93 IF NOT EXISTS FOR (n:T9) ON (n.k81)
CREATE INDEX i94 IF NOT EXISTS FOR (n:T9) ON (n.k83)
CREATE TEXT INDEX i95 IF NOT EXISTS FOR (n:T9) ON (n.k83)
CREATE INDEX i96 IF NOT EXISTS FOR (n:T9) ON (n.id)
CREATE INDEX i97 IF NOT EXISTS FOR (n:T10) ON (n.k86)
CREATE TEXT INDEX i98 IF NOT EXISTS FOR (n:T10) ON (n.k86)
CREATE INDEX i99 IF NOT EXISTS FOR (n:T10) ON (n.k88)
CREATE TEXT INDEX i100 IF NOT EXISTS FOR (n:T10) ON (n.k88)
CREATE INDEX i101 IF NOT EXISTS FOR (n:T10) ON (n.k90)
CREATE TEXT INDEX i102 IF NOT EXISTS FOR (n:T10) ON (n.k90)
CREATE INDEX i103 IF NOT EXISTS FOR (n:T10) ON (n.k91)
CREATE INDEX i104 IF NOT EXISTS FOR (n:T10) ON (n.k92)
CREATE INDEX i105 IF NOT EXISTS FOR (n:T10) ON (n.id)
CREATE INDEX i106 IF NOT EXISTS FOR (n:T11) ON (n.k94)
CREATE TEXT INDEX i107 IF NOT EXISTS FOR (n:T11) ON (n.k94)
CREATE INDEX i108 IF NOT EXISTS FOR (n:T11) ON (n.k96)
CREATE TEXT INDEX i109 IF NOT EXISTS FOR (n:T11) ON (n.k96)
CREATE INDEX i110 IF NOT EXISTS FOR (n:T11) ON (n.id)
CREATE INDEX i111 IF NOT EXISTS FOR (n:T12) ON (n.k98)
CREATE INDEX i112 IF NOT EXISTS FOR (n:T12) ON (n.k103)
CREATE INDEX i113 IF NOT EXISTS FOR (n:T12) ON (n.id)
CREATE INDEX i114 IF NOT EXISTS FOR (n:T13) ON (n.k106)
CREATE TEXT INDEX i115 IF NOT EXISTS FOR (n:T13) ON (n.k106)
CREATE INDEX i116 IF NOT EXISTS FOR (n:T13) ON (n.k109)
CREATE TEXT INDEX i117 IF NOT EXISTS FOR (n:T13) ON (n.k109)
CREATE INDEX i118 IF NOT EXISTS FOR (n:T13) ON (n.id)
CREATE INDEX i119 IF NOT EXISTS FOR (n:T14) ON (n.k116)
CREATE TEXT INDEX i120 IF NOT EXISTS FOR (n:T14) ON (n.k116)
CREATE INDEX i121 IF NOT EXISTS FOR (n:T14) ON (n.id)
CREATE INDEX i122 IF NOT EXISTS FOR (n:T15) ON (n.k117)
CREATE TEXT INDEX i123 IF NOT EXISTS FOR (n:T15) ON (n.k117)
CREATE INDEX i124 IF NOT EXISTS FOR (n:T15) ON (n.id)
CREATE INDEX i125 IF NOT EXISTS FOR (r:T2) ON (r.k40, r.k42, r.k43)
CREATE INDEX i126 IF NOT EXISTS FOR (r:T5) ON (r.k60, r.k56, r.k59)
CREATE CONSTRAINT c127 IF NOT EXISTS FOR (r:T6) REQUIRE (r.k64, r.k63, r.k65) IS UNIQUE
CREATE CONSTRAINT c128 IF NOT EXISTS FOR (r:T7) REQUIRE (r.k71, r.k67) IS UNIQUE
CREATE INDEX i129 IF NOT EXISTS FOR (r:T11) ON (r.k97, r.k96)
CREATE INDEX i130 IF NOT EXISTS FOR (r:T14) ON (r.k111, r.k115)
CREATE (n0 :L0:L2:L1{k0 : true, k1 : true, k3 : -2172642123787693726, k4 : "aLwiqs8", k11 : "YcAjL", k5 : false, k6 : true, k10 : "wBgwA", k13 : true, k7 : -5769319546452596124, k12 : "kgr1F", k15 : "jbSETJQF", k9 : "khVHt", k14 : true, id : 0})
CREATE (n0 :L2{k11 : "lAdAUV", id : 1, k13 : false, k12 : "dkc23", k15 : "eaq0X", k14 : false})
CREATE (n0 :L1:L3{k17 : true, k16 : "WtYMzNxDV", k19 : true, k18 : "kutwxB5DS", k20 : true, k5 : true, k6 : false, k10 : "h7vAC", id : 2, k7 : -3152870542152493041, k8 : "RZrDVkK", k9 : "B1Iww"})
CREATE (n0 :L1:L3{k17 : false, k16 : "dxS49M", k19 : false, k18 : "xsoJM3", k20 : false, k5 : false, k6 : true, k10 : "0CLYFs", id : 3, k7 : -2957981106388882980, k8 : "jq7AB", k9 : "COIzsHeb"})
CREATE (n0 :L1{k5 : false, k6 : false, k10 : "nB0sKf", id : 4, k7 : -6655746562503653951, k8 : "5tZCQi4L", k9 : "lC4r8"})
CREATE (n0 :L2:L1:L3{k20 : false, k11 : "NRYyy4", k5 : true, k6 : false, k10 : "osNwko", k13 : true, k7 : -5419824054656460603, k12 : "497I4E", k8 : "4FvmQ", k15 : "Edael2m", k9 : "6bAmHc7", k14 : false, k17 : true, k16 : "jEo72wG", k19 : false, k18 : "BBzTF", id : 5})
CREATE (n0 :L0{k0 : true, k1 : true, k2 : "Ta4MWSbl", k3 : -7666573987159692315, k4 : "Qkf8Ik67J", id : 6})
CREATE (n0 :L0{k0 : true, k1 : true, k2 : "0koYbzT", k3 : 2097920624332093804, k4 : "Nj0e91vd", id : 7})
CREATE (n0 :L1{k5 : false, k6 : false, k10 : "2vSMH2", id : 8, k7 : -3102332100310122903, k8 : "sfUv81mU", k9 : "IYOn7CWOu"})
CREATE (n0 :L2{k11 : "YDjnC9", id : 9, k13 : true, k12 : "JNKhc", k15 : "LNlGv", k14 : true})
CREATE (n0 {id : 10})
CREATE (n0 :L3:L2{k17 : false, k19 : true, k18 : "yaPpMBGE", k20 : true, k11 : "rP1aJg", id : 11, k13 : false, k12 : "ja818yUO", k15 : "tTImYS"})
CREATE (n0 :L0{k0 : false, k1 : false, k2 : "L2LWBf", k3 : -8477130831806597638, k4 : "eqJ3Xs", id : 12})
CREATE (n0 :L2:L0{k0 : false, k1 : true, k2 : "egoIlKSDx", k3 : -5095170818069853487, k4 : "wCAXq7TpO", k11 : "YYNF7R", id : 13, k13 : false, k12 : "m05f9Po", k15 : "stcS1cj", k14 : true})
CREATE (n0 :L1{k5 : false, k6 : false, k10 : "9uDaBiF8c", id : 14, k7 : -7624363245594257029, k8 : "CkZbRWR", k9 : "ARYUGcNRU"})
CREATE (n0 :L2:L0{k0 : false, k2 : "6dKVn3m4", k3 : 5228569775074083811, k4 : "dXNgJi7O", k11 : "evQd2ek", id : 15, k13 : true, k12 : "h5HSIkfw", k15 : "XwHHhdlP", k14 : false})
CREATE (n0 :L2{k11 : "PEXLJI3v", id : 16, k13 : true, k12 : "SOtGbz", k15 : "mUDOG", k14 : true})
CREATE (n0 :L3:L1{k17 : true, k16 : "D6bb46mXY", k19 : false, k18 : "Molh4T2A", k20 : true, k5 : true, id : 17, k6 : true, k10 : "hlN5alA", k7 : -5115179522954626617, k8 : "YkkvGvQ", k9 : "bRA4GcR"})
MATCH (n0 {id : 9}), (n1 {id : 7}) MERGE(n0)-[r :T10{k91 : -3102573649137899865, k90 : "XN5p4X", k92 : 7646144551965674854, k88 : "VfMiDh", k87 : false, id : 18, k89 : "mgca0hi"}]->(n1)
MATCH (n0 {id : 6}), (n1 {id : 0}) MERGE(n0)-[r :T9{k82 : true, k81 : "I2hZmE", k83 : "pfmObvE7", k85 : "qxs7s", id : 19}]->(n1)
MATCH (n0 {id : 13}), (n1 {id : 8}) MERGE(n0)-[r :T2{k39 : true, k40 : 5844184769318306612, k42 : -8119083120290584718, k41 : "O6To5RHO4", k43 : 4513682060962533525, id : 20}]->(n1)
MATCH (n0 {id : 17}), (n1 {id : 16}) MERGE(n0)-[r :T14{k112 : true, k111 : -3926565271065357954, k114 : 2399954418956615108, k113 : "0eAM9uyOQ", k115 : false, id : 21}]->(n1)
MATCH (n0 {id : 0}), (n1 {id : 3}) MERGE(n0)-[r :T7{k71 : "OosILeds9", k70 : 76119249101819607, k73 : true, k72 : "XS4wghI2", id : 22, k68 : true, k67 : "p63yvI", k69 : "gWKRe"}]->(n1)
MATCH (n0 {id : 6}), (n1 {id : 0}) MERGE(n0)-[r :T4{k51 : "HVQhUGa8", k53 : true, k52 : true, k55 : "cpRNyguTG", k54 : 233212021373892485, id : 23}]->(n1)
MATCH (n0 {id : 11}), (n1 {id : 0}) MERGE(n0)-[r :T10{k91 : 5813198368800497272, k90 : "TasVWA", k92 : -3369125506246225158, k86 : "hnIji", k88 : "CkCrbW8rh", k87 : false, id : 24, k89 : "mslljzLN"}]->(n1)
MATCH (n0 {id : 16}), (n1 {id : 17}) MERGE(n0)-[r :T3{k49 : false, k50 : false, k44 : "OvIE98UHY", id : 25, k46 : "DAo4a7", k45 : true, k48 : -6091115730773152473, k47 : "HNmPT"}]->(n1)
MATCH (n0 {id : 3}), (n1 {id : 6}) MERGE(n0)-[r :T2{k39 : true, k38 : "suzkBQC", k40 : 4318479315908570913, k41 : "4A9Cpu", k43 : 8380465502742248700, id : 26}]->(n1)
MATCH (n0 {id : 1}), (n1 {id : 15}) MERGE(n0)-[r :T11{k93 : -4183676440413581439, k95 : "USnZYEJpc", k94 : "NCWEBLwbJ", k97 : true, k96 : "mhe2IHL", id : 27}]->(n1)
MATCH (n0 {id : 6}), (n1 {id : 8}) MERGE(n0)-[r :T6{k62 : "XpVbO", k61 : "NRNPuhUt", k64 : "7sNhtUE", k63 : "8sXN9r", k66 : -159468632986952921, k65 : "alpXGmo", id : 28}]->(n1)
MATCH (n0 {id : 10}), (n1 {id : 17}) MERGE(n0)-[r :T8{k80 : false, k75 : true, k74 : true, k77 : 1121114429201315214, k76 : true, id : 29, k79 : 3297812827233812492, k78 : "Gzxwqt"}]->(n1)
MATCH (n0 {id : 3}), (n1 {id : 13}) MERGE(n0)-[r :T2{k39 : true, k38 : "gfJ7VDLoo", k40 : -6070266983957507731, k42 : 5531747239569087286, k41 : "zhHVu", k43 : 6789498403001789541, id : 30}]->(n1)
MATCH (n0 {id : 6}), (n1 {id : 2}) MERGE(n0)-[r :T14{k112 : true, k111 : 779293021816895993, k114 : -9053545670292372199, k113 : "6eAsG", k116 : "puSFel5y", k115 : false, id : 31}]->(n1)
MATCH (n0 {id : 6}), (n1 {id : 9}) MERGE(n0)-[r :T12{k101 : "pW1O0VHrh", k100 : false, k103 : -7415580389560925125, k102 : false, k99 : 5196405718324271111, k104 : true, id : 32}]->(n1)
MATCH (n0 {id : 9}), (n1 {id : 5}) MERGE(n0)-[r :T7{k70 : 5545659024095154822, k73 : true, k72 : "CvMHGEi", id : 33, k68 : true, k67 : "dw7QQw", k69 : "cp4cFKRp"}]->(n1)
MATCH (n0 {id : 0}), (n1 {id : 3}) MERGE(n0)-[r :T8{k80 : false, k75 : false, k74 : true, k77 : -3084141666160363533, id : 34, k79 : -3873256046334705926, k78 : "KRqSTF8"}]->(n1)
MATCH (n0 {id : 14}), (n1 {id : 16}) MERGE(n0)-[r :T3{k49 : false, k50 : true, k44 : "AHBbI", id : 35, k46 : "N3kPCk", k45 : false, k48 : -2479499367110722453, k47 : "h8mb4O"}]->(n1)
MATCH (n0 {id : 6}), (n1 {id : 2}) MERGE(n0)-[r :T9{k82 : true, k81 : "nO79FmJ6", k84 : "05fi7cx6O", k83 : "QqXGTN", k85 : "kyPc4L", id : 36}]->(n1)
MATCH (n0 {id : 3}), (n1 {id : 16}) MERGE(n0)-[r :T9{k82 : true, k81 : "jmWFUr", k84 : "6Kktpw6", k83 : "GDfdUV", k85 : "mx8MecVZx", id : 37}]->(n1)
MATCH (n0 {id : 13}), (n1 {id : 10}) MERGE(n0)-[r :T3{k49 : false, k50 : false, k44 : "sTS7w4", id : 38, k46 : "1Qxz0lVM", k45 : true, k48 : 5504850760836845358, k47 : "i4QXYl"}]->(n1)
MATCH (n0 {id : 15}), (n1 {id : 13}) MERGE(n0)-[r :T3{k49 : true, k50 : true, k44 : "H2ITRZhm", id : 39, k46 : "EQrtt8Ve", k45 : true, k48 : -2399805711962731439, k47 : "qJA6Xy"}]->(n1)
MATCH (n0 {id : 12}), (n1 {id : 5}) MERGE(n0)-[r :T9{k82 : true, k81 : "bxaqzNe", k84 : "FbST7Vid4", k85 : "1MEGTSLKI", id : 40}]->(n1)
MATCH (n0 {id : 0}), (n1 {id : 16}) MERGE(n0)-[r :T14{k112 : true, k111 : -3371907914601395133, k114 : -3663202521871914775, k113 : "oB8OF", k116 : "hGqzm", k115 : false, id : 41}]->(n1)
MATCH (n0 {id : 0}), (n1 {id : 12}) MERGE(n0)-[r :T9{k82 : false, k81 : "MsJ4Yth", k84 : "KW3ht", k83 : "QEc4x", k85 : "NlaRCDmF", id : 42}]->(n1)
MATCH (n0 {id : 7}), (n1 {id : 10}) MERGE(n0)-[r :T14{k112 : false, k111 : 8033278086187606316, k114 : 2249828112415551988, k113 : "og4QstQPk", k116 : "R15vS", k115 : false, id : 43}]->(n1)

Neo4j starting on bolt port 20000, PID=3034
wait for another moment
wait for another moment
wait for another moment
wait for another moment
wait for another moment
wait for another moment
wait for another moment
wait for another moment
wait for another moment
wait for another moment
wait for another moment
wait for another moment
wait for another moment
wait for another moment
wait for another moment
wait for another moment
wait for another moment
wait for another moment
wait for another moment
wait for another moment
wait for another moment
new global state
Database Name:neo4jdatabase0-1774882529613-0
CREATE CONSTRAINT c0 IF NOT EXISTS FOR (n:L0) REQUIRE (n.k1) IS UNIQUE
CREATE CONSTRAINT c1 IF NOT EXISTS FOR (n:L1) REQUIRE (n.k6) IS UNIQUE
CREATE CONSTRAINT c2 IF NOT EXISTS FOR (n:L1) REQUIRE (n.id) IS UNIQUE
CREATE CONSTRAINT c3 IF NOT EXISTS FOR (n:L2) REQUIRE (n.k11) IS UNIQUE
CREATE CONSTRAINT c4 IF NOT EXISTS FOR (n:L2) REQUIRE (n.k13) IS UNIQUE
CREATE CONSTRAINT c5 IF NOT EXISTS FOR (n:L2) REQUIRE (n.id) IS UNIQUE
CREATE CONSTRAINT c6 IF NOT EXISTS FOR (n:L3) REQUIRE (n.id) IS UNIQUE
CREATE CONSTRAINT c7 IF NOT EXISTS FOR (n:L4) REQUIRE (n.k23) IS UNIQUE
CREATE CONSTRAINT c8 IF NOT EXISTS FOR (n:L4) REQUIRE (n.id) IS UNIQUE
CREATE CONSTRAINT c9 IF NOT EXISTS FOR (n:L5) REQUIRE (n.k28) IS UNIQUE
CREATE CONSTRAINT c10 IF NOT EXISTS FOR (n:L5) REQUIRE (n.k29) IS UNIQUE
CREATE INDEX i11 IF NOT EXISTS FOR (n:L0) ON (n.k1)
CREATE TEXT INDEX i12 IF NOT EXISTS FOR (n:L0) ON (n.k1)
CREATE INDEX i13 IF NOT EXISTS FOR (n:L0) ON (n.k2)
CREATE TEXT INDEX i14 IF NOT EXISTS FOR (n:L0) ON (n.k2)
CREATE INDEX i15 IF NOT EXISTS FOR (n:L0) ON (n.id)
CREATE INDEX i16 IF NOT EXISTS FOR (n:L1) ON (n.k6)
CREATE INDEX i17 IF NOT EXISTS FOR (n:L1) ON (n.k8)
CREATE TEXT INDEX i18 IF NOT EXISTS FOR (n:L1) ON (n.k8)
CREATE INDEX i19 IF NOT EXISTS FOR (n:L1) ON (n.id)
CREATE INDEX i20 IF NOT EXISTS FOR (n:L2) ON (n.k11)
CREATE TEXT INDEX i21 IF NOT EXISTS FOR (n:L2) ON (n.k11)
CREATE INDEX i22 IF NOT EXISTS FOR (n:L2) ON (n.k12)
CREATE TEXT INDEX i23 IF NOT EXISTS FOR (n:L2) ON (n.k12)
CREATE INDEX i24 IF NOT EXISTS FOR (n:L2) ON (n.k13)
CREATE TEXT INDEX i25 IF NOT EXISTS FOR (n:L2) ON (n.k13)
CREATE INDEX i26 IF NOT EXISTS FOR (n:L2) ON (n.id)
CREATE INDEX i27 IF NOT EXISTS FOR (n:L3) ON (n.id)
CREATE INDEX i28 IF NOT EXISTS FOR (n:L4) ON (n.k23)
CREATE TEXT INDEX i29 IF NOT EXISTS FOR (n:L4) ON (n.k23)
CREATE INDEX i30 IF NOT EXISTS FOR (n:L4) ON (n.id)
CREATE INDEX i31 IF NOT EXISTS FOR (n:L5) ON (n.k28)
CREATE TEXT INDEX i32 IF NOT EXISTS FOR (n:L5) ON (n.k28)
CREATE INDEX i33 IF NOT EXISTS FOR (n:L5) ON (n.k29)
CREATE INDEX i34 IF NOT EXISTS FOR (n:L5) ON (n.id)
CREATE INDEX i35 IF NOT EXISTS FOR (n:L0) ON (n.k0, n.k2)
CREATE INDEX i36 IF NOT EXISTS FOR (n:L1) ON (n.k5, n.k10, n.k6, n.k9)
CREATE INDEX i37 IF NOT EXISTS FOR (n:L2) ON (n.k16, n.k11, n.k12, n.k15)
CREATE INDEX i38 IF NOT EXISTS FOR (n:L4) ON (n.k27, n.k24, n.k26, n.k25)
CREATE CONSTRAINT c39 IF NOT EXISTS FOR (r:T0) REQUIRE (r.k34) IS UNIQUE
CREATE CONSTRAINT c40 IF NOT EXISTS FOR (r:T0) REQUIRE (r.k36) IS UNIQUE
CREATE CONSTRAINT c41 IF NOT EXISTS FOR (r:T0) REQUIRE (r.id) IS UNIQUE
CREATE CONSTRAINT c42 IF NOT EXISTS FOR (r:T1) REQUIRE (r.k41) IS UNIQUE
CREATE CONSTRAINT c43 IF NOT EXISTS FOR (r:T1) REQUIRE (r.k44) IS UNIQUE
CREATE CONSTRAINT c44 IF NOT EXISTS FOR (r:T1) REQUIRE (r.id) IS UNIQUE
CREATE CONSTRAINT c45 IF NOT EXISTS FOR (r:T2) REQUIRE (r.k46) IS UNIQUE
CREATE CONSTRAINT c46 IF NOT EXISTS FOR (r:T2) REQUIRE (r.k47) IS UNIQUE
CREATE CONSTRAINT c47 IF NOT EXISTS FOR (r:T3) REQUIRE (r.k52) IS UNIQUE
CREATE CONSTRAINT c48 IF NOT EXISTS FOR (r:T3) REQUIRE (r.k57) IS UNIQUE
CREATE CONSTRAINT c49 IF NOT EXISTS FOR (r:T4) REQUIRE (r.k60) IS UNIQUE
CREATE CONSTRAINT c50 IF NOT EXISTS FOR (r:T5) REQUIRE (r.k70) IS UNIQUE
CREATE CONSTRAINT c51 IF NOT EXISTS FOR (r:T6) REQUIRE (r.k72) IS UNIQUE
CREATE CONSTRAINT c52 IF NOT EXISTS FOR (r:T6) REQUIRE (r.k74) IS UNIQUE
CREATE CONSTRAINT c53 IF NOT EXISTS FOR (r:T7) REQUIRE (r.k77) IS UNIQUE
CREATE CONSTRAINT c54 IF NOT EXISTS FOR (r:T7) REQUIRE (r.k79) IS UNIQUE
CREATE CONSTRAINT c55 IF NOT EXISTS FOR (r:T7) REQUIRE (r.k80) IS UNIQUE
CREATE CONSTRAINT c56 IF NOT EXISTS FOR (r:T8) REQUIRE (r.id) IS UNIQUE
CREATE CONSTRAINT c57 IF NOT EXISTS FOR (r:T9) REQUIRE (r.k92) IS UNIQUE
CREATE CONSTRAINT c58 IF NOT EXISTS FOR (r:T9) REQUIRE (r.id) IS UNIQUE
CREATE CONSTRAINT c59 IF NOT EXISTS FOR (r:T11) REQUIRE (r.k102) IS UNIQUE
CREATE CONSTRAINT c60 IF NOT EXISTS FOR (r:T11) REQUIRE (r.k103) IS UNIQUE
CREATE CONSTRAINT c61 IF NOT EXISTS FOR (r:T11) REQUIRE (r.id) IS UNIQUE
CREATE CONSTRAINT c62 IF NOT EXISTS FOR (r:T12) REQUIRE (r.k109) IS UNIQUE
CREATE CONSTRAINT c63 IF NOT EXISTS FOR (r:T12) REQUIRE (r.id) IS UNIQUE
CREATE CONSTRAINT c64 IF NOT EXISTS FOR (r:T14) REQUIRE (r.id) IS UNIQUE
CREATE CONSTRAINT c65 IF NOT EXISTS FOR (r:T15) REQUIRE (r.id) IS UNIQUE
CREATE CONSTRAINT c66 IF NOT EXISTS FOR (r:T16) REQUIRE (r.k132) IS UNIQUE
CREATE CONSTRAINT c67 IF NOT EXISTS FOR (r:T17) REQUIRE (r.k137) IS UNIQUE
CREATE CONSTRAINT c68 IF NOT EXISTS FOR (r:T18) REQUIRE (r.id) IS UNIQUE
CREATE CONSTRAINT c69 IF NOT EXISTS FOR (r:T20) REQUIRE (r.id) IS UNIQUE
CREATE CONSTRAINT c70 IF NOT EXISTS FOR (r:T21) REQUIRE (r.id) IS UNIQUE
CREATE INDEX i71 IF NOT EXISTS FOR (n:T0) ON (n.k34)
CREATE INDEX i72 IF NOT EXISTS FOR (n:T0) ON (n.k36)
CREATE INDEX i73 IF NOT EXISTS FOR (n:T0) ON (n.k37)
CREATE TEXT INDEX i74 IF NOT EXISTS FOR (n:T0) ON (n.k37)
CREATE INDEX i75 IF NOT EXISTS FOR (n:T0) ON (n.id)
CREATE INDEX i76 IF NOT EXISTS FOR (n:T1) ON (n.k41)
CREATE INDEX i77 IF NOT EXISTS FOR (n:T1) ON (n.k42)
CREATE TEXT INDEX i78 IF NOT EXISTS FOR (n:T1) ON (n.k42)
CREATE INDEX i79 IF NOT EXISTS FOR (n:T1) ON (n.k43)
CREATE TEXT INDEX i80 IF NOT EXISTS FOR (n:T1) ON (n.k43)
CREATE INDEX i81 IF NOT EXISTS FOR (n:T1) ON (n.k44)
CREATE INDEX i82 IF NOT EXISTS FOR (n:T1) ON (n.id)
CREATE INDEX i83 IF NOT EXISTS FOR (n:T2) ON (n.k46)
CREATE TEXT INDEX i84 IF NOT EXISTS FOR (n:T2) ON (n.k46)
CREATE INDEX i85 IF NOT EXISTS FOR (n:T2) ON (n.k47)
CREATE TEXT INDEX i86 IF NOT EXISTS FOR (n:T2) ON (n.k47)
CREATE INDEX i87 IF NOT EXISTS FOR (n:T2) ON (n.k49)
CREATE TEXT INDEX i88 IF NOT EXISTS FOR (n:T2) ON (n.k49)
CREATE INDEX i89 IF NOT EXISTS FOR (n:T2) ON (n.id)
CREATE INDEX i90 IF NOT EXISTS FOR (n:T3) ON (n.k52)
CREATE INDEX i91 IF NOT EXISTS FOR (n:T3) ON (n.k56)
CREATE INDEX i92 IF NOT EXISTS FOR (n:T3) ON (n.k57)
CREATE INDEX i93 IF NOT EXISTS FOR (n:T3) ON (n.id)
CREATE INDEX i94 IF NOT EXISTS FOR (n:T4) ON (n.k60)
CREATE INDEX i95 IF NOT EXISTS FOR (n:T4) ON (n.k62)
CREATE INDEX i96 IF NOT EXISTS FOR (n:T4) ON (n.k63)
CREATE TEXT INDEX i97 IF NOT EXISTS FOR (n:T4) ON (n.k63)
CREATE INDEX i98 IF NOT EXISTS FOR (n:T4) ON (n.k65)
CREATE TEXT INDEX i99 IF NOT EXISTS FOR (n:T4) ON (n.k65)
CREATE INDEX i100 IF NOT EXISTS FOR (n:T4) ON (n.id)
CREATE INDEX i101 IF NOT EXISTS FOR (n:T5) ON (n.k67)
CREATE INDEX i102 IF NOT EXISTS FOR (n:T5) ON (n.k70)
CREATE TEXT INDEX i103 IF NOT EXISTS FOR (n:T5) ON (n.k70)
CREATE INDEX i104 IF NOT EXISTS FOR (n:T5) ON (n.id)
CREATE INDEX i105 IF NOT EXISTS FOR (n:T6) ON (n.k72)
CREATE INDEX i106 IF NOT EXISTS FOR (n:T6) ON (n.k74)
CREATE TEXT INDEX i107 IF NOT EXISTS FOR (n:T6) ON (n.k74)
CREATE INDEX i108 IF NOT EXISTS FOR (n:T6) ON (n.id)
CREATE INDEX i109 IF NOT EXISTS FOR (n:T7) ON (n.k77)
CREATE INDEX i110 IF NOT EXISTS FOR (n:T7) ON (n.k79)
CREATE TEXT INDEX i111 IF NOT EXISTS FOR (n:T7) ON (n.k79)
CREATE INDEX i112 IF NOT EXISTS FOR (n:T7) ON (n.k80)
CREATE INDEX i113 IF NOT EXISTS FOR (n:T7) ON (n.id)
CREATE INDEX i114 IF NOT EXISTS FOR (n:T8) ON (n.k90)
CREATE TEXT INDEX i115 IF NOT EXISTS FOR (n:T8) ON (n.k90)
CREATE INDEX i116 IF NOT EXISTS FOR (n:T8) ON (n.id)
CREATE INDEX i117 IF NOT EXISTS FOR (n:T9) ON (n.k92)
CREATE INDEX i118 IF NOT EXISTS FOR (n:T9) ON (n.id)
CREATE INDEX i119 IF NOT EXISTS FOR (n:T10) ON (n.k96)
CREATE TEXT INDEX i120 IF NOT EXISTS FOR (n:T10) ON (n.k96)
CREATE INDEX i121 IF NOT EXISTS FOR (n:T10) ON (n.k97)
CREATE INDEX i122 IF NOT EXISTS FOR (n:T10) ON (n.k98)
CREATE INDEX i123 IF NOT EXISTS FOR (n:T10) ON (n.id)
CREATE INDEX i124 IF NOT EXISTS FOR (n:T11) ON (n.k102)
CREATE TEXT INDEX i125 IF NOT EXISTS FOR (n:T11) ON (n.k102)
CREATE INDEX i126 IF NOT EXISTS FOR (n:T11) ON (n.k103)
CREATE INDEX i127 IF NOT EXISTS FOR (n:T11) ON (n.id)
CREATE INDEX i128 IF NOT EXISTS FOR (n:T12) ON (n.k109)
CREATE TEXT INDEX i129 IF NOT EXISTS FOR (n:T12) ON (n.k109)
CREATE INDEX i130 IF NOT EXISTS FOR (n:T12) ON (n.k111)
CREATE TEXT INDEX i131 IF NOT EXISTS FOR (n:T12) ON (n.k111)
CREATE INDEX i132 IF NOT EXISTS FOR (n:T12) ON (n.k113)
CREATE TEXT INDEX i133 IF NOT EXISTS FOR (n:T12) ON (n.k113)
CREATE INDEX i134 IF NOT EXISTS FOR (n:T12) ON (n.id)
CREATE INDEX i135 IF NOT EXISTS FOR (n:T13) ON (n.id)
CREATE INDEX i136 IF NOT EXISTS FOR (n:T14) ON (n.k121)
CREATE TEXT INDEX i137 IF NOT EXISTS FOR (n:T14) ON (n.k121)
CREATE INDEX i138 IF NOT EXISTS FOR (n:T14) ON (n.id)
CREATE INDEX i139 IF NOT EXISTS FOR (n:T15) ON (n.k126)
CREATE TEXT INDEX i140 IF NOT EXISTS FOR (n:T15) ON (n.k126)
CREATE INDEX i141 IF NOT EXISTS FOR (n:T15) ON (n.id)
CREATE INDEX i142 IF NOT EXISTS FOR (n:T16) ON (n.k132)
CREATE INDEX i143 IF NOT EXISTS FOR (n:T16) ON (n.k133)
CREATE TEXT INDEX i144 IF NOT EXISTS FOR (n:T16) ON (n.k133)
CREATE INDEX i145 IF NOT EXISTS FOR (n:T16) ON (n.k135)
CREATE INDEX i146 IF NOT EXISTS FOR (n:T16) ON (n.id)
CREATE INDEX i147 IF NOT EXISTS FOR (n:T17) ON (n.k137)
CREATE INDEX i148 IF NOT EXISTS FOR (n:T17) ON (n.id)
CREATE INDEX i149 IF NOT EXISTS FOR (n:T18) ON (n.k141)
CREATE INDEX i150 IF NOT EXISTS FOR (n:T18) ON (n.k142)
CREATE INDEX i151 IF NOT EXISTS FOR (n:T18) ON (n.k143)
CREATE TEXT INDEX i152 IF NOT EXISTS FOR (n:T18) ON (n.k143)
CREATE INDEX i153 IF NOT EXISTS FOR (n:T18) ON (n.id)
CREATE INDEX i154 IF NOT EXISTS FOR (n:T19) ON (n.k149)
CREATE INDEX i155 IF NOT EXISTS FOR (n:T19) ON (n.k153)
CREATE INDEX i156 IF NOT EXISTS FOR (n:T19) ON (n.id)
CREATE INDEX i157 IF NOT EXISTS FOR (n:T20) ON (n.id)
CREATE INDEX i158 IF NOT EXISTS FOR (n:T21) ON (n.id)
CREATE INDEX i159 IF NOT EXISTS FOR (r:T0) ON (r.k39, r.k36)
CREATE INDEX i160 IF NOT EXISTS FOR (r:T1) ON (r.k41, r.k44)
CREATE INDEX i161 IF NOT EXISTS FOR (r:T2) ON (r.k51, r.k46, r.k47)
CREATE INDEX i162 IF NOT EXISTS FOR (r:T9) ON (r.k91, r.k95)
CREATE CONSTRAINT c163 IF NOT EXISTS FOR (r:T16) REQUIRE (r.k132, r.k133, r.k135) IS UNIQUE
CREATE INDEX i164 IF NOT EXISTS FOR (r:T17) ON (r.k136, r.k138, r.k139)
CREATE INDEX i165 IF NOT EXISTS FOR (r:T19) ON (r.k153, r.k148)
CREATE INDEX i166 IF NOT EXISTS FOR (r:T20) ON (r.k154, r.k155, r.k158, r.k159)
CREATE (n0 :L4:L3{k27 : true, k19 : true, k18 : false, k20 : false, k22 : true, k21 : "8GqRJOx", id : 0, k24 : false, k26 : true, k25 : true})
CREATE (n0 :L2{k17 : false, k16 : "ZkTQSQAi", k11 : "QTL60EK3G", id : 1, k12 : "afq3vl", k15 : 7511524331650131511, k14 : true})
CREATE (n0 :L0{k0 : -5613933925235198631, k1 : "ale0Je3", k2 : "CJEU6t", k3 : true, k4 : "8dj3Ouj", id : 2})
CREATE (n0 :L4:L1{k27 : false, k5 : "Js1Xii", id : 3, k6 : 8340435126238176066, k10 : true, k24 : true, k7 : "NERh6DlW", k23 : "pykHcdf", k8 : "5MH59Rs", k26 : true, k9 : false, k25 : true})
CREATE (n0 :L2{k17 : true, k16 : "tp7Cir4I", k11 : "LzInb5LFg", id : 4, k13 : "hkAKcHW", k12 : "HtGAWuRn", k15 : 3571706879205352981, k14 : false})
CREATE (n0 :L4:L1{k27 : true, k5 : "iBhPeh", id : 5, k6 : 4327266503310254147, k10 : true, k24 : true, k7 : "3bzMM", k23 : "S4yU25", k8 : "4GgL6q19", k26 : false, k9 : false, k25 : true})
CREATE (n0 :L4{k27 : true, id : 6, k24 : false, k23 : "4ytP7oxv", k26 : true, k25 : true})
CREATE (n0 :L4{k27 : true, id : 7, k24 : false, k23 : "ApWMeWeLE", k26 : true, k25 : false})
CREATE (n0 :L4{k27 : true, id : 8, k24 : true, k23 : "3y1w5", k26 : true, k25 : false})
CREATE (n0 :L3{k19 : false, k18 : true, k20 : false, k22 : false, k21 : "yjOh0hw1H", id : 9})
MATCH (n0 {id : 3}), (n1 {id : 7}) MERGE(n0)-[r :T5{k71 : true, k70 : "A78RIbASA", k66 : "wBh17O9uo", id : 10, k68 : "dlM28oXqC", k67 : 2023285351065425936, k69 : "pVDajyc"}]->(n1)
MATCH (n0 {id : 4}), (n1 {id : 5}) MERGE(n0)-[r :T2{k49 : "ZCWVwDYwk", k51 : true, k50 : "8IcM2", id : 11, k46 : "p2bXzt7", k45 : true, k48 : "oKKT4H", k47 : "ZFsRW0q"}]->(n1)
MATCH (n0 {id : 8}), (n1 {id : 4}) MERGE(n0)-[r :T4{k60 : -8104468176159191820, k62 : -7209811064897953052, k61 : false, k64 : -2177534132224130584, k63 : "5kdeE5fjU", k65 : "pW7pXUmzJ", id : 12, k59 : false}]->(n1)
MATCH (n0 {id : 0}), (n1 {id : 9}) MERGE(n0)-[r :T0{k39 : false, k38 : -328202038773577468, id : 13, k34 : 7555993993891448564, k37 : "Vs63ED", k36 : 2246972924046017732}]->(n1)
MATCH (n0 {id : 7}), (n1 {id : 3}) MERGE(n0)-[r :T16{k132 : 3880552388297252827, k131 : "NJ2VR9SQW", k134 : true, k133 : "TNQSU", k135 : -7644154732451752811, id : 14}]->(n1)
MATCH (n0 {id : 1}), (n1 {id : 2}) MERGE(n0)-[r :T16{k132 : 5647623368616925027, k134 : true, k133 : "9mE7zb", k135 : -6441909755620708660, id : 15}]->(n1)
MATCH (n0 {id : 7}), (n1 {id : 9}) MERGE(n0)-[r :T6{k73 : 992935980946839425, k72 : -7209572090249566741, k75 : "NVyQbCr7", k74 : "TldKU", k76 : false, id : 16}]->(n1)
MATCH (n0 {id : 6}), (n1 {id : 6}) MERGE(n0)-[r :T7{k80 : 2443577648296082727, k82 : "aNVCB0611", k81 : true, k83 : true, k77 : 8792209459320446590, id : 17, k79 : "JxCyGNGxw", k78 : false}]->(n1)
MATCH (n0 {id : 1}), (n1 {id : 9}) MERGE(n0)-[r :T12{k110 : "wTQbXYOM", k112 : "RTx7vt40", k111 : "GXShiCW", k113 : "ptvf5DQv", id : 18, k109 : "JvivARyi", k108 : true}]->(n1)
MATCH (n0 {id : 1}), (n1 {id : 2}) MERGE(n0)-[r :T17{k140 : true, k136 : "sb3GVH", k138 : -47869481803225721, k137 : -4740884115981318446, id : 19, k139 : true}]->(n1)
MATCH (n0 {id : 5}), (n1 {id : 0}) MERGE(n0)-[r :T9{k91 : 8382327866224222155, k93 : "2UMe3O3L", k92 : -2440151684336661775, k95 : false, k94 : false, id : 20}]->(n1)
MATCH (n0 {id : 3}), (n1 {id : 7}) MERGE(n0)-[r :T17{k140 : true, k136 : "OMfZe7te", k137 : 925640400364801927, id : 21, k139 : false}]->(n1)
MATCH (n0 {id : 8}), (n1 {id : 6}) MERGE(n0)-[r :T18{k141 : -9177051359537607201, k142 : 2445756537940721038, k145 : -1108167712958031362, k144 : -117194756952852932, k147 : "bxoM7VfK", k146 : false, id : 22}]->(n1)
MATCH (n0 {id : 4}), (n1 {id : 9}) MERGE(n0)-[r :T3{k53 : false, k52 : 1625894021869616042, k55 : "IHdXUMAs", k54 : false, id : 23, k57 : -5864156329830446414, k56 : -9100161680580429312, k58 : "KQEby7A"}]->(n1)
MATCH (n0 {id : 6}), (n1 {id : 6}) MERGE(n0)-[r :T7{k80 : 1917542579826272535, k82 : "S6bHHTMDP", k81 : true, k83 : false, k77 : 49851632267879466, id : 24, k79 : "7BtCB", k78 : false}]->(n1)
MATCH (n0 {id : 0}), (n1 {id : 6}) MERGE(n0)-[r :T13{k114 : -163152278543159023, k116 : false, k115 : "rGhhsjZ97", id : 25, k118 : true, k117 : true, k119 : true}]->(n1)
MATCH (n0 {id : 6}), (n1 {id : 5}) MERGE(n0)-[r :T1{k40 : false, k42 : "RaDtqK", k41 : -5868512996585844968, k44 : -2065528118462046451, k43 : "pCBjqHt0", id : 26}]->(n1)
MATCH (n0 {id : 7}), (n1 {id : 0}) MERGE(n0)-[r :T17{k140 : true, k138 : 2211892216626529472, k137 : -7725244158896842039, id : 27, k139 : false}]->(n1)
MATCH (n0 {id : 4}), (n1 {id : 9}) MERGE(n0)-[r :T3{k53 : true, k52 : -932978790365092908, k55 : "5DOjEke", k54 : true, id : 28, k57 : 7692086276714031967, k56 : 6074850529219806142, k58 : "pfJJkTw"}]->(n1)
MATCH (n0 {id : 7}), (n1 {id : 1}) MERGE(n0)-[r :T11{k101 : "LsIUwWc", k103 : -5120742453391297497, k105 : true, k104 : 7252809406632388751, id : 29, k107 : "HlLWlPNG", k106 : "ioeGhRH"}]->(n1)
MATCH (n0 {id : 5}), (n1 {id : 2}) MERGE(n0)-[r :T0{k39 : true, k38 : -8611226004785811547, id : 30, k35 : "miFpnCO", k34 : 4212841039781267435, k37 : "ozkH0jNZ", k36 : 6578544694319753734}]->(n1)
MATCH (n0 {id : 2}), (n1 {id : 9}) MERGE(n0)-[r :T5{k71 : false, k70 : "jVvDQR79L", k66 : "Fk0SI", id : 31, k68 : "g59MrD59", k67 : -908725453114934507, k69 : "uQ03oyM"}]->(n1)
MATCH (n0 {id : 7}), (n1 {id : 4}) MERGE(n0)-[r :T13{k114 : 3291283937063278342, k116 : false, k115 : "ggKpn1G", id : 32, k118 : false, k117 : false, k119 : false}]->(n1)
MATCH (n0 {id : 5}), (n1 {id : 1}) MERGE(n0)-[r :T1{k40 : true, k42 : "irJUvU", k41 : -4055330716687931507, k44 : 5228736676544613873, k43 : "1sioM1Qg", id : 33}]->(n1)
MATCH (n0 {id : 9}), (n1 {id : 3}) MERGE(n0)-[r :T18{k141 : 496922550801373881, k143 : "TGYZOD", k142 : 7310354563191441850, k145 : -6715276438102682858, k144 : 5708073959245542186, k147 : "1HJtCvay", k146 : false, id : 34}]->(n1)
MATCH (n0 {id : 3}), (n1 {id : 7}) MERGE(n0)-[r :T0{k38 : 6210713058771860897, id : 35, k35 : "qVTVu2KVk", k34 : 6861789246081105745, k37 : "4IoEH", k36 : -7531462458760771538}]->(n1)
MATCH (n0 {id : 0}), (n1 {id : 0}) MERGE(n0)-[r :T20{k154 : false, k156 : false, k155 : "2juxwo16L", k158 : 3632069735275675436, k157 : -4154664711008507258, k159 : "2XW0cRc", id : 36}]->(n1)
MATCH (n0 {id : 3}), (n1 {id : 2}) MERGE(n0)-[r :T9{k91 : 6642078595000241623, k93 : "EfsDGGP", k92 : 1774108037150501272, k95 : false, k94 : false, id : 37}]->(n1)
MATCH (n0 {id : 9}), (n1 {id : 8}) MERGE(n0)-[r :T4{k60 : 4667284498495404582, k62 : 3576780113493616310, k61 : false, k64 : 1747706395341739248, k63 : "oQZ2wx", k65 : "MllOrFc", id : 38, k59 : true}]->(n1)
MATCH (n0 {id : 9}), (n1 {id : 2}) MERGE(n0)-[r :T4{k60 : -1616242819423697412, k61 : true, k64 : 4340900318051312470, k63 : "m9XuKY", k65 : "ozbBRBpK1", id : 39, k59 : false}]->(n1)
MATCH (n0 {id : 6}), (n1 {id : 3}) MERGE(n0)-[r :T8{k90 : "mch6rLZa", k84 : "LoWojJK", k86 : true, k85 : true, k88 : true, k87 : -4475437529953532893, id : 40, k89 : false}]->(n1)
MATCH (n0 {id : 7}), (n1 {id : 2}) MERGE(n0)-[r :T0{k39 : false, k38 : 8468365489970772322, id : 41, k35 : "TxDnSfF2", k34 : 4627316688148492478, k37 : "bdm70hxvJ", k36 : 3686935452928844290}]->(n1)
MATCH (n0 {id : 4}), (n1 {id : 6}) MERGE(n0)-[r :T3{k53 : false, k52 : -2971414116576487928, k55 : "RJktyp1", k54 : false, id : 42, k57 : -1270019115215631638, k56 : 8732637637505537525, k58 : "w2xLlnCB3"}]->(n1)
MATCH (n0 {id : 5}), (n1 {id : 9}) MERGE(n0)-[r :T20{k154 : true, k156 : true, k155 : "T1C8tj", k158 : 8969262896842051280, k157 : 7224251852373197703, id : 43}]->(n1)
MATCH (n0 {id : 1}), (n1 {id : 9}) MERGE(n0)-[r :T3{k55 : "hMQQ1Tl", k54 : true, id : 44, k57 : -5225741320790477059, k56 : 6781197866571242174, k58 : "qPo9opf"}]->(n1)
MATCH (n0 :L3{k20:false})-[r0 :T4]->(n1 :L4)-[r1 :T4]-(n2 :L2{k17:true})-[r2 :T2]-(n3 :L4 :L1{k23:'S4yU25'})-[r3 :T9]->(n4 :L4 :L3)-[r4 :T13]->(n5 :L4)-[r5 :T8]->(n6 :L1)-[r6 :T17]->(n7 :L4)-[r7 :T11]->(n8)-[r8 :T17]->(n9 :L0{k2:'CJEU6t'}), (n9{k2:'CJEU6t'})-[r9 :T9]-(n6{k24:true})-[r10 :T18]-(n0{id:9})<-[r11 :T20]-(n3 :L4 :L1{k24:true})-[r12 :T1]-(n5{k24:false})-[r13 :T3]-(n2), (n9)<-[r14 :T4]-(n0 :L3{id:9})<-[r15 :T3]-(n2 :L2)<-[r16 :T13]-(n7 :L4{k24:false}) WHERE (((((NOT ((((((n6.k23)+(r15.k58))+((r16.k115)+(n6.k23)))+((r7.k106)+('GaQDA'+(r7.k106))))+(n9.k1)) = (((n2.k16)+(((n3.k23)+'W27UwM')+((n5.k23)+(n6.k8))))+((((r14.k63)+(r10.k143))+('lqvl3XOj0'+'IbhkjmB'))+(((n3.k7)+(n9.k2))+('pj2R4O6ZY'+(n3.k8))))))) AND ((r0.id) <> (r1.id))) AND ((r0.id) <> (r2.id))) AND ((r0.id) <> (r3.id))) AND (((((((((((((((((((((((((((((((n0.id) = 9) AND (((((((((((r0.id) = 38) AND ((r0.id) = 38)) AND (((r0.k60) >= 4667284498495404581) AND ((r0.k60) <= 4667284498495404584))) AND ((r0.id) = 38)) AND ((r0.id) = 38)) AND ((r0.id) = 38)) AND ((r0.id) = 38)) AND ((r0.k65) CONTAINS 'MllOrF')) AND ((r0.id) = 38)) AND ((r0.k63) ENDS WITH 'QZ2wx'))) AND ((n1.k23) CONTAINS '3y1w')) AND (((r1.k60) > -8104468176159191821) AND ((r1.k60) < -8104468176159191819))) AND (((((((r2.k48) > 'oKKT4G') AND ((r2.k48) < 'oKKT4I')) AND ((r2.k46) STARTS WITH 'p2bXz')) AND (((r2.k48) > 'oKKT3H') AND ((r2.k48) < 'oKKT5H'))) AND (((r2.k47) > 'ZFsRW0p') AND ((r2.k47) < 'ZFsRW0r'))) AND ((r2.k47) CONTAINS 'sRW0'))) AND ((n3.k8) CONTAINS '4GgL6q')) AND ((((((r3.id) = 20) AND (((r3.k93) > '2UMe3O3K') AND ((r3.k93) < '2UMe3O3M'))) AND ((r3.id) = 20)) AND (((r3.k91) >= 8382327866224222153) AND ((r3.k91) <= 8382327866224222157))) AND ((r3.id) = 20))) AND ((n4.id) = 0)) AND ((r4.id) = 25)) AND ((r5.id) = 40)) AND ((((((((r6.k137) >= 925640400364801926) AND ((r6.k137) <= 925640400364801928)) AND ((r6.id) = 21)) AND ((r6.id) = 21)) AND ((r6.id) = 21)) AND (((r6.k137) >= 925640400364801925) AND ((r6.k137) <= 925640400364801929))) AND ((r6.k136) CONTAINS 'fZe7'))) AND ((n7.k23) STARTS WITH 'ApWMeWeL')) AND (((r7.k104) >= 7252809406632388750) AND ((r7.k104) <= 7252809406632388752))) AND ((((((r8.id) = 19) AND (((r8.k138) >= -47869481803225722) AND ((r8.k138) <= -47869481803225719))) AND ((r8.k136) = 'sb3GVH')) AND (((r8.k137) >= -4740884115981318447) AND ((r8.k137) <= -4740884115981318444))) AND (((r8.k138) >= -47869481803225722) AND ((r8.k138) <= -47869481803225719)))) AND (((n9.k4) > '8dj3Oui') AND ((n9.k4) < '8dj3Ouk'))) AND (((n9.k0) > -5613933925235198632) AND ((n9.k0) < -5613933925235198629))) AND (((((((r9.id) = 37) AND (((r9.k93) > 'EfsDGGO') AND ((r9.k93) < 'EfsDGGQ'))) AND ((r9.id) = 37)) AND ((r9.id) = 37)) AND (((r9.k92) > 1774108037150501270) AND ((r9.k92) < 1774108037150501274))) AND ((r9.k93) STARTS WITH 'EfsDG'))) AND ((n6.k23) CONTAINS 'pykHc')) AND ((((((((r10.k145) > -6715276438102682860) AND ((r10.k145) < -6715276438102682857)) AND ((r10.id) = 34)) AND ((r10.k142) = 7310354563191441850)) AND (((r10.k145) >= -6715276438102682859) AND ((r10.k145) <= -6715276438102682856))) AND ((r10.id) = 34)) AND (((r10.k144) > 5708073959245542184) AND ((r10.k144) < 5708073959245542188)))) AND ((n0.id) = 9)) AND (((((((((((r11.id) = 43) AND (((r11.k157) > 7224251852373197702) AND ((r11.k157) < 7224251852373197704))) AND ((r11.id) = 43)) AND ((r11.k157) = 7224251852373197703)) AND ((r11.id) = 43)) AND ((r11.id) = 43)) AND ((r11.id) = 43)) AND ((r11.id) = 43)) AND ((r11.id) = 43)) AND (((r11.k157) >= 7224251852373197701) AND ((r11.k157) <= 7224251852373197704)))) AND ((n3.k8) STARTS WITH '4GgL6q')) AND (((((((r12.k41) >= -5868512996585844970) AND ((r12.k41) <= -5868512996585844966)) AND (((r12.k42) > 'RaDtpK') AND ((r12.k42) < 'RaDtrK'))) AND ((r12.k44) = -2065528118462046451)) AND ((r12.k44) = -2065528118462046451)) AND ((r12.k44) = -2065528118462046451))) AND ((n5.k23) ENDS WITH '4ytP7oxv')) AND ((r13.k58) = 'w2xLlnCB3')) AND ((n9.id) = 2)) AND (((((((r14.id) = 39) AND (((r14.k64) > 4340900318051312468) AND ((r14.k64) < 4340900318051312471))) AND (((r14.k60) > -1616242819423697413) AND ((r14.k60) < -1616242819423697411))) AND (((r14.k65) > 'ozbBRBpK0') AND ((r14.k65) < 'ozbBRBpK2'))) AND ((r14.k64) = 4340900318051312470)) AND ((r14.id) = 39))) AND ((n0.id) = 9)) AND (((r15.k57) > -5864156329830446416) AND ((r15.k57) < -5864156329830446412))) AND ((r16.id) = 32))) UNWIND [(((n1.k23)+(r13.k58))+('1wFHZdpB'+(r3.k93))), (((n3.k23)+'HCASb')+(n7.k23)), (((n5.k23)+(n2.k13))+(n2.k11))] AS a0 UNWIND [457319269, 775833185, 775833185] AS a1 RETURN (n7.k26) AS a2, toBoolean(-355609252) AS a3, (n6.k8) AS a4, toBoolean(-128798162) AS a5, a1 ORDER BY a2 DESC, a3, a4, a5 DESC, a1
java.lang.NoClassDefFoundError: com/kuzudb/KuzuObjectRefDestroyedException
	at org.example.gqs.cypher.standard_ast.Return.getActualResult(Return.java:386)
	at org.example.gqs.cypher.oracle.DifferentialNonEmptyBranchOracle.check(DifferentialNonEmptyBranchOracle.java:806)
	at org.example.gqs.cypher.algorithm.Compared3AlgorithmNew.generateAndTestDatabase(Compared3AlgorithmNew.java:238)
	at org.example.gqs.cypher.CypherProviderAdapter.generateAndTestDatabase(CypherProviderAdapter.java:56)
	at org.example.gqs.cypher.CypherProviderAdapter.generateAndTestDatabase(CypherProviderAdapter.java:1)
	at org.example.gqs.Main$DBMSExecutor.run(Main.java:409)
	at org.example.gqs.Main$2.run(Main.java:1115)
	at org.example.gqs.Main$2.runThread(Main.java:1092)
	at org.example.gqs.Main$2.run(Main.java:1013)
	at java.base/java.util.concurrent.ThreadPoolExecutor.runWorker(ThreadPoolExecutor.java:1144)
	at java.base/java.util.concurrent.ThreadPoolExecutor$Worker.run(ThreadPoolExecutor.java:642)
	at java.base/java.lang.Thread.run(Thread.java:1583)
Caused by: java.lang.ClassNotFoundException: com.kuzudb.KuzuObjectRefDestroyedException
	at java.base/jdk.internal.loader.BuiltinClassLoader.loadClass(BuiltinClassLoader.java:641)
	at java.base/jdk.internal.loader.ClassLoaders$AppClassLoader.loadClass(ClassLoaders.java:188)
	at java.base/java.lang.ClassLoader.loadClass(ClassLoader.java:526)
	... 12 more
--java.lang.NoClassDefFoundError: com/kuzudb/KuzuObjectRefDestroyedException
--	at org.example.gqs.cypher.standard_ast.Return.getActualResult(Return.java:386)
--	at org.example.gqs.cypher.oracle.DifferentialNonEmptyBranchOracle.check(DifferentialNonEmptyBranchOracle.java:806)
--	at org.example.gqs.cypher.algorithm.Compared3AlgorithmNew.generateAndTestDatabase(Compared3AlgorithmNew.java:238)
--	at org.example.gqs.cypher.CypherProviderAdapter.generateAndTestDatabase(CypherProviderAdapter.java:56)
--	at org.example.gqs.cypher.CypherProviderAdapter.generateAndTestDatabase(CypherProviderAdapter.java:1)
--	at org.example.gqs.Main$DBMSExecutor.run(Main.java:409)
--	at org.example.gqs.Main$2.run(Main.java:1115)
--	at org.example.gqs.Main$2.runThread(Main.java:1092)
--	at org.example.gqs.Main$2.run(Main.java:1013)
--	at java.base/java.util.concurrent.ThreadPoolExecutor.runWorker(ThreadPoolExecutor.java:1144)
--	at java.base/java.util.concurrent.ThreadPoolExecutor$Worker.run(ThreadPoolExecutor.java:642)
--	at java.base/java.lang.Thread.run(Thread.java:1583)
--Caused by: java.lang.ClassNotFoundException: com.kuzudb.KuzuObjectRefDestroyedException
--	at java.base/jdk.internal.loader.BuiltinClassLoader.loadClass(BuiltinClassLoader.java:641)
--	at java.base/jdk.internal.loader.ClassLoaders$AppClassLoader.loadClass(ClassLoaders.java:188)
--	at java.base/java.lang.ClassLoader.loadClass(ClassLoader.java:526)
--	... 12 more
--
-- Time: 2026/03/30 16:56:08
-- Database: neo4jdatabase0-1774882529613-0
-- seed value: 1774882529613
CREATE CONSTRAINT c0 IF NOT EXISTS FOR (n:L0) REQUIRE (n.k1) IS UNIQUE
CREATE CONSTRAINT c1 IF NOT EXISTS FOR (n:L1) REQUIRE (n.k6) IS UNIQUE
CREATE CONSTRAINT c2 IF NOT EXISTS FOR (n:L1) REQUIRE (n.id) IS UNIQUE
CREATE CONSTRAINT c3 IF NOT EXISTS FOR (n:L2) REQUIRE (n.k11) IS UNIQUE
CREATE CONSTRAINT c4 IF NOT EXISTS FOR (n:L2) REQUIRE (n.k13) IS UNIQUE
CREATE CONSTRAINT c5 IF NOT EXISTS FOR (n:L2) REQUIRE (n.id) IS UNIQUE
CREATE CONSTRAINT c6 IF NOT EXISTS FOR (n:L3) REQUIRE (n.id) IS UNIQUE
CREATE CONSTRAINT c7 IF NOT EXISTS FOR (n:L4) REQUIRE (n.k23) IS UNIQUE
CREATE CONSTRAINT c8 IF NOT EXISTS FOR (n:L4) REQUIRE (n.id) IS UNIQUE
CREATE CONSTRAINT c9 IF NOT EXISTS FOR (n:L5) REQUIRE (n.k28) IS UNIQUE
CREATE CONSTRAINT c10 IF NOT EXISTS FOR (n:L5) REQUIRE (n.k29) IS UNIQUE
CREATE INDEX i11 IF NOT EXISTS FOR (n:L0) ON (n.k1)
CREATE TEXT INDEX i12 IF NOT EXISTS FOR (n:L0) ON (n.k1)
CREATE INDEX i13 IF NOT EXISTS FOR (n:L0) ON (n.k2)
CREATE TEXT INDEX i14 IF NOT EXISTS FOR (n:L0) ON (n.k2)
CREATE INDEX i15 IF NOT EXISTS FOR (n:L0) ON (n.id)
CREATE INDEX i16 IF NOT EXISTS FOR (n:L1) ON (n.k6)
CREATE INDEX i17 IF NOT EXISTS FOR (n:L1) ON (n.k8)
CREATE TEXT INDEX i18 IF NOT EXISTS FOR (n:L1) ON (n.k8)
CREATE INDEX i19 IF NOT EXISTS FOR (n:L1) ON (n.id)
CREATE INDEX i20 IF NOT EXISTS FOR (n:L2) ON (n.k11)
CREATE TEXT INDEX i21 IF NOT EXISTS FOR (n:L2) ON (n.k11)
CREATE INDEX i22 IF NOT EXISTS FOR (n:L2) ON (n.k12)
CREATE TEXT INDEX i23 IF NOT EXISTS FOR (n:L2) ON (n.k12)
CREATE INDEX i24 IF NOT EXISTS FOR (n:L2) ON (n.k13)
CREATE TEXT INDEX i25 IF NOT EXISTS FOR (n:L2) ON (n.k13)
CREATE INDEX i26 IF NOT EXISTS FOR (n:L2) ON (n.id)
CREATE INDEX i27 IF NOT EXISTS FOR (n:L3) ON (n.id)
CREATE INDEX i28 IF NOT EXISTS FOR (n:L4) ON (n.k23)
CREATE TEXT INDEX i29 IF NOT EXISTS FOR (n:L4) ON (n.k23)
CREATE INDEX i30 IF NOT EXISTS FOR (n:L4) ON (n.id)
CREATE INDEX i31 IF NOT EXISTS FOR (n:L5) ON (n.k28)
CREATE TEXT INDEX i32 IF NOT EXISTS FOR (n:L5) ON (n.k28)
CREATE INDEX i33 IF NOT EXISTS FOR (n:L5) ON (n.k29)
CREATE INDEX i34 IF NOT EXISTS FOR (n:L5) ON (n.id)
CREATE INDEX i35 IF NOT EXISTS FOR (n:L0) ON (n.k0, n.k2)
CREATE INDEX i36 IF NOT EXISTS FOR (n:L1) ON (n.k5, n.k10, n.k6, n.k9)
CREATE INDEX i37 IF NOT EXISTS FOR (n:L2) ON (n.k16, n.k11, n.k12, n.k15)
CREATE INDEX i38 IF NOT EXISTS FOR (n:L4) ON (n.k27, n.k24, n.k26, n.k25)
CREATE CONSTRAINT c39 IF NOT EXISTS FOR (r:T0) REQUIRE (r.k34) IS UNIQUE
CREATE CONSTRAINT c40 IF NOT EXISTS FOR (r:T0) REQUIRE (r.k36) IS UNIQUE
CREATE CONSTRAINT c41 IF NOT EXISTS FOR (r:T0) REQUIRE (r.id) IS UNIQUE
CREATE CONSTRAINT c42 IF NOT EXISTS FOR (r:T1) REQUIRE (r.k41) IS UNIQUE
CREATE CONSTRAINT c43 IF NOT EXISTS FOR (r:T1) REQUIRE (r.k44) IS UNIQUE
CREATE CONSTRAINT c44 IF NOT EXISTS FOR (r:T1) REQUIRE (r.id) IS UNIQUE
CREATE CONSTRAINT c45 IF NOT EXISTS FOR (r:T2) REQUIRE (r.k46) IS UNIQUE
CREATE CONSTRAINT c46 IF NOT EXISTS FOR (r:T2) REQUIRE (r.k47) IS UNIQUE
CREATE CONSTRAINT c47 IF NOT EXISTS FOR (r:T3) REQUIRE (r.k52) IS UNIQUE
CREATE CONSTRAINT c48 IF NOT EXISTS FOR (r:T3) REQUIRE (r.k57) IS UNIQUE
CREATE CONSTRAINT c49 IF NOT EXISTS FOR (r:T4) REQUIRE (r.k60) IS UNIQUE
CREATE CONSTRAINT c50 IF NOT EXISTS FOR (r:T5) REQUIRE (r.k70) IS UNIQUE
CREATE CONSTRAINT c51 IF NOT EXISTS FOR (r:T6) REQUIRE (r.k72) IS UNIQUE
CREATE CONSTRAINT c52 IF NOT EXISTS FOR (r:T6) REQUIRE (r.k74) IS UNIQUE
CREATE CONSTRAINT c53 IF NOT EXISTS FOR (r:T7) REQUIRE (r.k77) IS UNIQUE
CREATE CONSTRAINT c54 IF NOT EXISTS FOR (r:T7) REQUIRE (r.k79) IS UNIQUE
CREATE CONSTRAINT c55 IF NOT EXISTS FOR (r:T7) REQUIRE (r.k80) IS UNIQUE
CREATE CONSTRAINT c56 IF NOT EXISTS FOR (r:T8) REQUIRE (r.id) IS UNIQUE
CREATE CONSTRAINT c57 IF NOT EXISTS FOR (r:T9) REQUIRE (r.k92) IS UNIQUE
CREATE CONSTRAINT c58 IF NOT EXISTS FOR (r:T9) REQUIRE (r.id) IS UNIQUE
CREATE CONSTRAINT c59 IF NOT EXISTS FOR (r:T11) REQUIRE (r.k102) IS UNIQUE
CREATE CONSTRAINT c60 IF NOT EXISTS FOR (r:T11) REQUIRE (r.k103) IS UNIQUE
CREATE CONSTRAINT c61 IF NOT EXISTS FOR (r:T11) REQUIRE (r.id) IS UNIQUE
CREATE CONSTRAINT c62 IF NOT EXISTS FOR (r:T12) REQUIRE (r.k109) IS UNIQUE
CREATE CONSTRAINT c63 IF NOT EXISTS FOR (r:T12) REQUIRE (r.id) IS UNIQUE
CREATE CONSTRAINT c64 IF NOT EXISTS FOR (r:T14) REQUIRE (r.id) IS UNIQUE
CREATE CONSTRAINT c65 IF NOT EXISTS FOR (r:T15) REQUIRE (r.id) IS UNIQUE
CREATE CONSTRAINT c66 IF NOT EXISTS FOR (r:T16) REQUIRE (r.k132) IS UNIQUE
CREATE CONSTRAINT c67 IF NOT EXISTS FOR (r:T17) REQUIRE (r.k137) IS UNIQUE
CREATE CONSTRAINT c68 IF NOT EXISTS FOR (r:T18) REQUIRE (r.id) IS UNIQUE
CREATE CONSTRAINT c69 IF NOT EXISTS FOR (r:T20) REQUIRE (r.id) IS UNIQUE
CREATE CONSTRAINT c70 IF NOT EXISTS FOR (r:T21) REQUIRE (r.id) IS UNIQUE
CREATE INDEX i71 IF NOT EXISTS FOR (n:T0) ON (n.k34)
CREATE INDEX i72 IF NOT EXISTS FOR (n:T0) ON (n.k36)
CREATE INDEX i73 IF NOT EXISTS FOR (n:T0) ON (n.k37)
CREATE TEXT INDEX i74 IF NOT EXISTS FOR (n:T0) ON (n.k37)
CREATE INDEX i75 IF NOT EXISTS FOR (n:T0) ON (n.id)
CREATE INDEX i76 IF NOT EXISTS FOR (n:T1) ON (n.k41)
CREATE INDEX i77 IF NOT EXISTS FOR (n:T1) ON (n.k42)
CREATE TEXT INDEX i78 IF NOT EXISTS FOR (n:T1) ON (n.k42)
CREATE INDEX i79 IF NOT EXISTS FOR (n:T1) ON (n.k43)
CREATE TEXT INDEX i80 IF NOT EXISTS FOR (n:T1) ON (n.k43)
CREATE INDEX i81 IF NOT EXISTS FOR (n:T1) ON (n.k44)
CREATE INDEX i82 IF NOT EXISTS FOR (n:T1) ON (n.id)
CREATE INDEX i83 IF NOT EXISTS FOR (n:T2) ON (n.k46)
CREATE TEXT INDEX i84 IF NOT EXISTS FOR (n:T2) ON (n.k46)
CREATE INDEX i85 IF NOT EXISTS FOR (n:T2) ON (n.k47)
CREATE TEXT INDEX i86 IF NOT EXISTS FOR (n:T2) ON (n.k47)
CREATE INDEX i87 IF NOT EXISTS FOR (n:T2) ON (n.k49)
CREATE TEXT INDEX i88 IF NOT EXISTS FOR (n:T2) ON (n.k49)
CREATE INDEX i89 IF NOT EXISTS FOR (n:T2) ON (n.id)
CREATE INDEX i90 IF NOT EXISTS FOR (n:T3) ON (n.k52)
CREATE INDEX i91 IF NOT EXISTS FOR (n:T3) ON (n.k56)
CREATE INDEX i92 IF NOT EXISTS FOR (n:T3) ON (n.k57)
CREATE INDEX i93 IF NOT EXISTS FOR (n:T3) ON (n.id)
CREATE INDEX i94 IF NOT EXISTS FOR (n:T4) ON (n.k60)
CREATE INDEX i95 IF NOT EXISTS FOR (n:T4) ON (n.k62)
CREATE INDEX i96 IF NOT EXISTS FOR (n:T4) ON (n.k63)
CREATE TEXT INDEX i97 IF NOT EXISTS FOR (n:T4) ON (n.k63)
CREATE INDEX i98 IF NOT EXISTS FOR (n:T4) ON (n.k65)
CREATE TEXT INDEX i99 IF NOT EXISTS FOR (n:T4) ON (n.k65)
CREATE INDEX i100 IF NOT EXISTS FOR (n:T4) ON (n.id)
CREATE INDEX i101 IF NOT EXISTS FOR (n:T5) ON (n.k67)
CREATE INDEX i102 IF NOT EXISTS FOR (n:T5) ON (n.k70)
CREATE TEXT INDEX i103 IF NOT EXISTS FOR (n:T5) ON (n.k70)
CREATE INDEX i104 IF NOT EXISTS FOR (n:T5) ON (n.id)
CREATE INDEX i105 IF NOT EXISTS FOR (n:T6) ON (n.k72)
CREATE INDEX i106 IF NOT EXISTS FOR (n:T6) ON (n.k74)
CREATE TEXT INDEX i107 IF NOT EXISTS FOR (n:T6) ON (n.k74)
CREATE INDEX i108 IF NOT EXISTS FOR (n:T6) ON (n.id)
CREATE INDEX i109 IF NOT EXISTS FOR (n:T7) ON (n.k77)
CREATE INDEX i110 IF NOT EXISTS FOR (n:T7) ON (n.k79)
CREATE TEXT INDEX i111 IF NOT EXISTS FOR (n:T7) ON (n.k79)
CREATE INDEX i112 IF NOT EXISTS FOR (n:T7) ON (n.k80)
CREATE INDEX i113 IF NOT EXISTS FOR (n:T7) ON (n.id)
CREATE INDEX i114 IF NOT EXISTS FOR (n:T8) ON (n.k90)
CREATE TEXT INDEX i115 IF NOT EXISTS FOR (n:T8) ON (n.k90)
CREATE INDEX i116 IF NOT EXISTS FOR (n:T8) ON (n.id)
CREATE INDEX i117 IF NOT EXISTS FOR (n:T9) ON (n.k92)
CREATE INDEX i118 IF NOT EXISTS FOR (n:T9) ON (n.id)
CREATE INDEX i119 IF NOT EXISTS FOR (n:T10) ON (n.k96)
CREATE TEXT INDEX i120 IF NOT EXISTS FOR (n:T10) ON (n.k96)
CREATE INDEX i121 IF NOT EXISTS FOR (n:T10) ON (n.k97)
CREATE INDEX i122 IF NOT EXISTS FOR (n:T10) ON (n.k98)
CREATE INDEX i123 IF NOT EXISTS FOR (n:T10) ON (n.id)
CREATE INDEX i124 IF NOT EXISTS FOR (n:T11) ON (n.k102)
CREATE TEXT INDEX i125 IF NOT EXISTS FOR (n:T11) ON (n.k102)
CREATE INDEX i126 IF NOT EXISTS FOR (n:T11) ON (n.k103)
CREATE INDEX i127 IF NOT EXISTS FOR (n:T11) ON (n.id)
CREATE INDEX i128 IF NOT EXISTS FOR (n:T12) ON (n.k109)
CREATE TEXT INDEX i129 IF NOT EXISTS FOR (n:T12) ON (n.k109)
CREATE INDEX i130 IF NOT EXISTS FOR (n:T12) ON (n.k111)
CREATE TEXT INDEX i131 IF NOT EXISTS FOR (n:T12) ON (n.k111)
CREATE INDEX i132 IF NOT EXISTS FOR (n:T12) ON (n.k113)
CREATE TEXT INDEX i133 IF NOT EXISTS FOR (n:T12) ON (n.k113)
CREATE INDEX i134 IF NOT EXISTS FOR (n:T12) ON (n.id)
CREATE INDEX i135 IF NOT EXISTS FOR (n:T13) ON (n.id)
CREATE INDEX i136 IF NOT EXISTS FOR (n:T14) ON (n.k121)
CREATE TEXT INDEX i137 IF NOT EXISTS FOR (n:T14) ON (n.k121)
CREATE INDEX i138 IF NOT EXISTS FOR (n:T14) ON (n.id)
CREATE INDEX i139 IF NOT EXISTS FOR (n:T15) ON (n.k126)
CREATE TEXT INDEX i140 IF NOT EXISTS FOR (n:T15) ON (n.k126)
CREATE INDEX i141 IF NOT EXISTS FOR (n:T15) ON (n.id)
CREATE INDEX i142 IF NOT EXISTS FOR (n:T16) ON (n.k132)
CREATE INDEX i143 IF NOT EXISTS FOR (n:T16) ON (n.k133)
CREATE TEXT INDEX i144 IF NOT EXISTS FOR (n:T16) ON (n.k133)
CREATE INDEX i145 IF NOT EXISTS FOR (n:T16) ON (n.k135)
CREATE INDEX i146 IF NOT EXISTS FOR (n:T16) ON (n.id)
CREATE INDEX i147 IF NOT EXISTS FOR (n:T17) ON (n.k137)
CREATE INDEX i148 IF NOT EXISTS FOR (n:T17) ON (n.id)
CREATE INDEX i149 IF NOT EXISTS FOR (n:T18) ON (n.k141)
CREATE INDEX i150 IF NOT EXISTS FOR (n:T18) ON (n.k142)
CREATE INDEX i151 IF NOT EXISTS FOR (n:T18) ON (n.k143)
CREATE TEXT INDEX i152 IF NOT EXISTS FOR (n:T18) ON (n.k143)
CREATE INDEX i153 IF NOT EXISTS FOR (n:T18) ON (n.id)
CREATE INDEX i154 IF NOT EXISTS FOR (n:T19) ON (n.k149)
CREATE INDEX i155 IF NOT EXISTS FOR (n:T19) ON (n.k153)
CREATE INDEX i156 IF NOT EXISTS FOR (n:T19) ON (n.id)
CREATE INDEX i157 IF NOT EXISTS FOR (n:T20) ON (n.id)
CREATE INDEX i158 IF NOT EXISTS FOR (n:T21) ON (n.id)
CREATE INDEX i159 IF NOT EXISTS FOR (r:T0) ON (r.k39, r.k36)
CREATE INDEX i160 IF NOT EXISTS FOR (r:T1) ON (r.k41, r.k44)
CREATE INDEX i161 IF NOT EXISTS FOR (r:T2) ON (r.k51, r.k46, r.k47)
CREATE INDEX i162 IF NOT EXISTS FOR (r:T9) ON (r.k91, r.k95)
CREATE CONSTRAINT c163 IF NOT EXISTS FOR (r:T16) REQUIRE (r.k132, r.k133, r.k135) IS UNIQUE
CREATE INDEX i164 IF NOT EXISTS FOR (r:T17) ON (r.k136, r.k138, r.k139)
CREATE INDEX i165 IF NOT EXISTS FOR (r:T19) ON (r.k153, r.k148)
CREATE INDEX i166 IF NOT EXISTS FOR (r:T20) ON (r.k154, r.k155, r.k158, r.k159)
CREATE (n0 :L4:L3{k27 : true, k19 : true, k18 : false, k20 : false, k22 : true, k21 : "8GqRJOx", id : 0, k24 : false, k26 : true, k25 : true})
CREATE (n0 :L2{k17 : false, k16 : "ZkTQSQAi", k11 : "QTL60EK3G", id : 1, k12 : "afq3vl", k15 : 7511524331650131511, k14 : true})
CREATE (n0 :L0{k0 : -5613933925235198631, k1 : "ale0Je3", k2 : "CJEU6t", k3 : true, k4 : "8dj3Ouj", id : 2})
CREATE (n0 :L4:L1{k27 : false, k5 : "Js1Xii", id : 3, k6 : 8340435126238176066, k10 : true, k24 : true, k7 : "NERh6DlW", k23 : "pykHcdf", k8 : "5MH59Rs", k26 : true, k9 : false, k25 : true})
CREATE (n0 :L2{k17 : true, k16 : "tp7Cir4I", k11 : "LzInb5LFg", id : 4, k13 : "hkAKcHW", k12 : "HtGAWuRn", k15 : 3571706879205352981, k14 : false})
CREATE (n0 :L4:L1{k27 : true, k5 : "iBhPeh", id : 5, k6 : 4327266503310254147, k10 : true, k24 : true, k7 : "3bzMM", k23 : "S4yU25", k8 : "4GgL6q19", k26 : false, k9 : false, k25 : true})
CREATE (n0 :L4{k27 : true, id : 6, k24 : false, k23 : "4ytP7oxv", k26 : true, k25 : true})
CREATE (n0 :L4{k27 : true, id : 7, k24 : false, k23 : "ApWMeWeLE", k26 : true, k25 : false})
CREATE (n0 :L4{k27 : true, id : 8, k24 : true, k23 : "3y1w5", k26 : true, k25 : false})
CREATE (n0 :L3{k19 : false, k18 : true, k20 : false, k22 : false, k21 : "yjOh0hw1H", id : 9})
MATCH (n0 {id : 3}), (n1 {id : 7}) MERGE(n0)-[r :T5{k71 : true, k70 : "A78RIbASA", k66 : "wBh17O9uo", id : 10, k68 : "dlM28oXqC", k67 : 2023285351065425936, k69 : "pVDajyc"}]->(n1)
MATCH (n0 {id : 4}), (n1 {id : 5}) MERGE(n0)-[r :T2{k49 : "ZCWVwDYwk", k51 : true, k50 : "8IcM2", id : 11, k46 : "p2bXzt7", k45 : true, k48 : "oKKT4H", k47 : "ZFsRW0q"}]->(n1)
MATCH (n0 {id : 8}), (n1 {id : 4}) MERGE(n0)-[r :T4{k60 : -8104468176159191820, k62 : -7209811064897953052, k61 : false, k64 : -2177534132224130584, k63 : "5kdeE5fjU", k65 : "pW7pXUmzJ", id : 12, k59 : false}]->(n1)
MATCH (n0 {id : 0}), (n1 {id : 9}) MERGE(n0)-[r :T0{k39 : false, k38 : -328202038773577468, id : 13, k34 : 7555993993891448564, k37 : "Vs63ED", k36 : 2246972924046017732}]->(n1)
MATCH (n0 {id : 7}), (n1 {id : 3}) MERGE(n0)-[r :T16{k132 : 3880552388297252827, k131 : "NJ2VR9SQW", k134 : true, k133 : "TNQSU", k135 : -7644154732451752811, id : 14}]->(n1)
MATCH (n0 {id : 1}), (n1 {id : 2}) MERGE(n0)-[r :T16{k132 : 5647623368616925027, k134 : true, k133 : "9mE7zb", k135 : -6441909755620708660, id : 15}]->(n1)
MATCH (n0 {id : 7}), (n1 {id : 9}) MERGE(n0)-[r :T6{k73 : 992935980946839425, k72 : -7209572090249566741, k75 : "NVyQbCr7", k74 : "TldKU", k76 : false, id : 16}]->(n1)
MATCH (n0 {id : 6}), (n1 {id : 6}) MERGE(n0)-[r :T7{k80 : 2443577648296082727, k82 : "aNVCB0611", k81 : true, k83 : true, k77 : 8792209459320446590, id : 17, k79 : "JxCyGNGxw", k78 : false}]->(n1)
MATCH (n0 {id : 1}), (n1 {id : 9}) MERGE(n0)-[r :T12{k110 : "wTQbXYOM", k112 : "RTx7vt40", k111 : "GXShiCW", k113 : "ptvf5DQv", id : 18, k109 : "JvivARyi", k108 : true}]->(n1)
MATCH (n0 {id : 1}), (n1 {id : 2}) MERGE(n0)-[r :T17{k140 : true, k136 : "sb3GVH", k138 : -47869481803225721, k137 : -4740884115981318446, id : 19, k139 : true}]->(n1)
MATCH (n0 {id : 5}), (n1 {id : 0}) MERGE(n0)-[r :T9{k91 : 8382327866224222155, k93 : "2UMe3O3L", k92 : -2440151684336661775, k95 : false, k94 : false, id : 20}]->(n1)
MATCH (n0 {id : 3}), (n1 {id : 7}) MERGE(n0)-[r :T17{k140 : true, k136 : "OMfZe7te", k137 : 925640400364801927, id : 21, k139 : false}]->(n1)
MATCH (n0 {id : 8}), (n1 {id : 6}) MERGE(n0)-[r :T18{k141 : -9177051359537607201, k142 : 2445756537940721038, k145 : -1108167712958031362, k144 : -117194756952852932, k147 : "bxoM7VfK", k146 : false, id : 22}]->(n1)
MATCH (n0 {id : 4}), (n1 {id : 9}) MERGE(n0)-[r :T3{k53 : false, k52 : 1625894021869616042, k55 : "IHdXUMAs", k54 : false, id : 23, k57 : -5864156329830446414, k56 : -9100161680580429312, k58 : "KQEby7A"}]->(n1)
MATCH (n0 {id : 6}), (n1 {id : 6}) MERGE(n0)-[r :T7{k80 : 1917542579826272535, k82 : "S6bHHTMDP", k81 : true, k83 : false, k77 : 49851632267879466, id : 24, k79 : "7BtCB", k78 : false}]->(n1)
MATCH (n0 {id : 0}), (n1 {id : 6}) MERGE(n0)-[r :T13{k114 : -163152278543159023, k116 : false, k115 : "rGhhsjZ97", id : 25, k118 : true, k117 : true, k119 : true}]->(n1)
MATCH (n0 {id : 6}), (n1 {id : 5}) MERGE(n0)-[r :T1{k40 : false, k42 : "RaDtqK", k41 : -5868512996585844968, k44 : -2065528118462046451, k43 : "pCBjqHt0", id : 26}]->(n1)
MATCH (n0 {id : 7}), (n1 {id : 0}) MERGE(n0)-[r :T17{k140 : true, k138 : 2211892216626529472, k137 : -7725244158896842039, id : 27, k139 : false}]->(n1)
MATCH (n0 {id : 4}), (n1 {id : 9}) MERGE(n0)-[r :T3{k53 : true, k52 : -932978790365092908, k55 : "5DOjEke", k54 : true, id : 28, k57 : 7692086276714031967, k56 : 6074850529219806142, k58 : "pfJJkTw"}]->(n1)
MATCH (n0 {id : 7}), (n1 {id : 1}) MERGE(n0)-[r :T11{k101 : "LsIUwWc", k103 : -5120742453391297497, k105 : true, k104 : 7252809406632388751, id : 29, k107 : "HlLWlPNG", k106 : "ioeGhRH"}]->(n1)
MATCH (n0 {id : 5}), (n1 {id : 2}) MERGE(n0)-[r :T0{k39 : true, k38 : -8611226004785811547, id : 30, k35 : "miFpnCO", k34 : 4212841039781267435, k37 : "ozkH0jNZ", k36 : 6578544694319753734}]->(n1)
MATCH (n0 {id : 2}), (n1 {id : 9}) MERGE(n0)-[r :T5{k71 : false, k70 : "jVvDQR79L", k66 : "Fk0SI", id : 31, k68 : "g59MrD59", k67 : -908725453114934507, k69 : "uQ03oyM"}]->(n1)
MATCH (n0 {id : 7}), (n1 {id : 4}) MERGE(n0)-[r :T13{k114 : 3291283937063278342, k116 : false, k115 : "ggKpn1G", id : 32, k118 : false, k117 : false, k119 : false}]->(n1)
MATCH (n0 {id : 5}), (n1 {id : 1}) MERGE(n0)-[r :T1{k40 : true, k42 : "irJUvU", k41 : -4055330716687931507, k44 : 5228736676544613873, k43 : "1sioM1Qg", id : 33}]->(n1)
MATCH (n0 {id : 9}), (n1 {id : 3}) MERGE(n0)-[r :T18{k141 : 496922550801373881, k143 : "TGYZOD", k142 : 7310354563191441850, k145 : -6715276438102682858, k144 : 5708073959245542186, k147 : "1HJtCvay", k146 : false, id : 34}]->(n1)
MATCH (n0 {id : 3}), (n1 {id : 7}) MERGE(n0)-[r :T0{k38 : 6210713058771860897, id : 35, k35 : "qVTVu2KVk", k34 : 6861789246081105745, k37 : "4IoEH", k36 : -7531462458760771538}]->(n1)
MATCH (n0 {id : 0}), (n1 {id : 0}) MERGE(n0)-[r :T20{k154 : false, k156 : false, k155 : "2juxwo16L", k158 : 3632069735275675436, k157 : -4154664711008507258, k159 : "2XW0cRc", id : 36}]->(n1)
MATCH (n0 {id : 3}), (n1 {id : 2}) MERGE(n0)-[r :T9{k91 : 6642078595000241623, k93 : "EfsDGGP", k92 : 1774108037150501272, k95 : false, k94 : false, id : 37}]->(n1)
MATCH (n0 {id : 9}), (n1 {id : 8}) MERGE(n0)-[r :T4{k60 : 4667284498495404582, k62 : 3576780113493616310, k61 : false, k64 : 1747706395341739248, k63 : "oQZ2wx", k65 : "MllOrFc", id : 38, k59 : true}]->(n1)
MATCH (n0 {id : 9}), (n1 {id : 2}) MERGE(n0)-[r :T4{k60 : -1616242819423697412, k61 : true, k64 : 4340900318051312470, k63 : "m9XuKY", k65 : "ozbBRBpK1", id : 39, k59 : false}]->(n1)
MATCH (n0 {id : 6}), (n1 {id : 3}) MERGE(n0)-[r :T8{k90 : "mch6rLZa", k84 : "LoWojJK", k86 : true, k85 : true, k88 : true, k87 : -4475437529953532893, id : 40, k89 : false}]->(n1)
MATCH (n0 {id : 7}), (n1 {id : 2}) MERGE(n0)-[r :T0{k39 : false, k38 : 8468365489970772322, id : 41, k35 : "TxDnSfF2", k34 : 4627316688148492478, k37 : "bdm70hxvJ", k36 : 3686935452928844290}]->(n1)
MATCH (n0 {id : 4}), (n1 {id : 6}) MERGE(n0)-[r :T3{k53 : false, k52 : -2971414116576487928, k55 : "RJktyp1", k54 : false, id : 42, k57 : -1270019115215631638, k56 : 8732637637505537525, k58 : "w2xLlnCB3"}]->(n1)
MATCH (n0 {id : 5}), (n1 {id : 9}) MERGE(n0)-[r :T20{k154 : true, k156 : true, k155 : "T1C8tj", k158 : 8969262896842051280, k157 : 7224251852373197703, id : 43}]->(n1)
MATCH (n0 {id : 1}), (n1 {id : 9}) MERGE(n0)-[r :T3{k55 : "hMQQ1Tl", k54 : true, id : 44, k57 : -5225741320790477059, k56 : 6781197866571242174, k58 : "qPo9opf"}]->(n1)

Neo4j starting on bolt port 20000, PID=3639
wait for another moment
wait for another moment
wait for another moment
wait for another moment
wait for another moment
wait for another moment
wait for another moment
wait for another moment
wait for another moment
wait for another moment
wait for another moment
wait for another moment
wait for another moment
wait for another moment
wait for another moment
wait for another moment
wait for another moment
wait for another moment
wait for another moment
wait for another moment
wait for another moment
wait for another moment
wait for another moment
wait for another moment
wait for another moment
new global state
Database Name:neo4jdatabase0-1774882609463-0
CREATE CONSTRAINT c0 IF NOT EXISTS FOR (n:L0) REQUIRE (n.k1) IS UNIQUE
CREATE CONSTRAINT c1 IF NOT EXISTS FOR (n:L0) REQUIRE (n.k3) IS UNIQUE
CREATE CONSTRAINT c2 IF NOT EXISTS FOR (n:L0) REQUIRE (n.id) IS UNIQUE
CREATE CONSTRAINT c3 IF NOT EXISTS FOR (n:L1) REQUIRE (n.k5) IS UNIQUE
CREATE CONSTRAINT c4 IF NOT EXISTS FOR (n:L1) REQUIRE (n.k8) IS UNIQUE
CREATE INDEX i5 IF NOT EXISTS FOR (n:L0) ON (n.k0)
CREATE INDEX i6 IF NOT EXISTS FOR (n:L0) ON (n.k1)
CREATE TEXT INDEX i7 IF NOT EXISTS FOR (n:L0) ON (n.k1)
CREATE INDEX i8 IF NOT EXISTS FOR (n:L0) ON (n.k3)
CREATE INDEX i9 IF NOT EXISTS FOR (n:L0) ON (n.id)
CREATE INDEX i10 IF NOT EXISTS FOR (n:L1) ON (n.k5)
CREATE INDEX i11 IF NOT EXISTS FOR (n:L1) ON (n.k8)
CREATE INDEX i12 IF NOT EXISTS FOR (n:L1) ON (n.k9)
CREATE TEXT INDEX i13 IF NOT EXISTS FOR (n:L1) ON (n.k9)
CREATE INDEX i14 IF NOT EXISTS FOR (n:L1) ON (n.id)
CREATE INDEX i15 IF NOT EXISTS FOR (n:L2) ON (n.k10)
CREATE TEXT INDEX i16 IF NOT EXISTS FOR (n:L2) ON (n.k10)
CREATE INDEX i17 IF NOT EXISTS FOR (n:L2) ON (n.k11)
CREATE INDEX i18 IF NOT EXISTS FOR (n:L2) ON (n.k13)
CREATE TEXT INDEX i19 IF NOT EXISTS FOR (n:L2) ON (n.k13)
CREATE INDEX i20 IF NOT EXISTS FOR (n:L2) ON (n.k15)
CREATE TEXT INDEX i21 IF NOT EXISTS FOR (n:L2) ON (n.k15)
CREATE INDEX i22 IF NOT EXISTS FOR (n:L2) ON (n.id)
CREATE INDEX i23 IF NOT EXISTS FOR (n:L1) ON (n.k5, n.k7, n.k8)
CREATE INDEX i24 IF NOT EXISTS FOR (n:L2) ON (n.k16, n.k13, n.k12, n.k14)
CREATE CONSTRAINT c25 IF NOT EXISTS FOR (r:T0) REQUIRE (r.k20) IS UNIQUE
CREATE CONSTRAINT c26 IF NOT EXISTS FOR (r:T0) REQUIRE (r.k21) IS UNIQUE
CREATE CONSTRAINT c27 IF NOT EXISTS FOR (r:T0) REQUIRE (r.id) IS UNIQUE
CREATE CONSTRAINT c28 IF NOT EXISTS FOR (r:T1) REQUIRE (r.k26) IS UNIQUE
CREATE CONSTRAINT c29 IF NOT EXISTS FOR (r:T1) REQUIRE (r.k27) IS UNIQUE
CREATE CONSTRAINT c30 IF NOT EXISTS FOR (r:T1) REQUIRE (r.k29) IS UNIQUE
CREATE CONSTRAINT c31 IF NOT EXISTS FOR (r:T2) REQUIRE (r.id) IS UNIQUE
CREATE CONSTRAINT c32 IF NOT EXISTS FOR (r:T3) REQUIRE (r.id) IS UNIQUE
CREATE CONSTRAINT c33 IF NOT EXISTS FOR (r:T4) REQUIRE (r.k43) IS UNIQUE
CREATE CONSTRAINT c34 IF NOT EXISTS FOR (r:T5) REQUIRE (r.id) IS UNIQUE
CREATE CONSTRAINT c35 IF NOT EXISTS FOR (r:T6) REQUIRE (r.k59) IS UNIQUE
CREATE CONSTRAINT c36 IF NOT EXISTS FOR (r:T7) REQUIRE (r.k63) IS UNIQUE
CREATE CONSTRAINT c37 IF NOT EXISTS FOR (r:T7) REQUIRE (r.id) IS UNIQUE
CREATE CONSTRAINT c38 IF NOT EXISTS FOR (r:T8) REQUIRE (r.k65) IS UNIQUE
CREATE CONSTRAINT c39 IF NOT EXISTS FOR (r:T8) REQUIRE (r.k70) IS UNIQUE
CREATE INDEX i40 IF NOT EXISTS FOR (n:T0) ON (n.k20)
CREATE INDEX i41 IF NOT EXISTS FOR (n:T0) ON (n.k21)
CREATE TEXT INDEX i42 IF NOT EXISTS FOR (n:T0) ON (n.k21)
CREATE INDEX i43 IF NOT EXISTS FOR (n:T0) ON (n.id)
CREATE INDEX i44 IF NOT EXISTS FOR (n:T1) ON (n.k26)
CREATE INDEX i45 IF NOT EXISTS FOR (n:T1) ON (n.k27)
CREATE TEXT INDEX i46 IF NOT EXISTS FOR (n:T1) ON (n.k27)
CREATE INDEX i47 IF NOT EXISTS FOR (n:T1) ON (n.k28)
CREATE TEXT INDEX i48 IF NOT EXISTS FOR (n:T1) ON (n.k28)
CREATE INDEX i49 IF NOT EXISTS FOR (n:T1) ON (n.k29)
CREATE INDEX i50 IF NOT EXISTS FOR (n:T1) ON (n.id)
CREATE INDEX i51 IF NOT EXISTS FOR (n:T2) ON (n.k30)
CREATE INDEX i52 IF NOT EXISTS FOR (n:T2) ON (n.id)
CREATE INDEX i53 IF NOT EXISTS FOR (n:T3) ON (n.k41)
CREATE TEXT INDEX i54 IF NOT EXISTS FOR (n:T3) ON (n.k41)
CREATE INDEX i55 IF NOT EXISTS FOR (n:T3) ON (n.id)
CREATE INDEX i56 IF NOT EXISTS FOR (n:T4) ON (n.k43)
CREATE TEXT INDEX i57 IF NOT EXISTS FOR (n:T4) ON (n.k43)
CREATE INDEX i58 IF NOT EXISTS FOR (n:T4) ON (n.k45)
CREATE INDEX i59 IF NOT EXISTS FOR (n:T4) ON (n.k48)
CREATE INDEX i60 IF NOT EXISTS FOR (n:T4) ON (n.id)
CREATE INDEX i61 IF NOT EXISTS FOR (n:T5) ON (n.k53)
CREATE TEXT INDEX i62 IF NOT EXISTS FOR (n:T5) ON (n.k53)
CREATE INDEX i63 IF NOT EXISTS FOR (n:T5) ON (n.id)
CREATE INDEX i64 IF NOT EXISTS FOR (n:T6) ON (n.k59)
CREATE TEXT INDEX i65 IF NOT EXISTS FOR (n:T6) ON (n.k59)
CREATE INDEX i66 IF NOT EXISTS FOR (n:T6) ON (n.id)
CREATE INDEX i67 IF NOT EXISTS FOR (n:T7) ON (n.k62)
CREATE TEXT INDEX i68 IF NOT EXISTS FOR (n:T7) ON (n.k62)
CREATE INDEX i69 IF NOT EXISTS FOR (n:T7) ON (n.k63)
CREATE TEXT INDEX i70 IF NOT EXISTS FOR (n:T7) ON (n.k63)
CREATE INDEX i71 IF NOT EXISTS FOR (n:T7) ON (n.id)
CREATE INDEX i72 IF NOT EXISTS FOR (n:T8) ON (n.k65)
CREATE INDEX i73 IF NOT EXISTS FOR (n:T8) ON (n.k70)
CREATE TEXT INDEX i74 IF NOT EXISTS FOR (n:T8) ON (n.k70)
CREATE INDEX i75 IF NOT EXISTS FOR (n:T8) ON (n.id)
CREATE INDEX i76 IF NOT EXISTS FOR (r:T0) ON (r.k17, r.k19, r.k22, r.k21)
CREATE INDEX i77 IF NOT EXISTS FOR (r:T3) ON (r.k39, r.k38)
CREATE INDEX i78 IF NOT EXISTS FOR (r:T4) ON (r.k44, r.k48)
CREATE CONSTRAINT c79 IF NOT EXISTS FOR (r:T7) REQUIRE (r.k62, r.k63) IS UNIQUE
CREATE INDEX i80 IF NOT EXISTS FOR (r:T8) ON (r.k66, r.k69)
CREATE (n0 :L1{k5 : 7780712266256825592, k6 : true, id : 0, k7 : false, k8 : 6716359704376647597, k9 : "fOwyzts"})
CREATE (n0 :L1:L0{k0 : -8832908088400549615, k1 : "O84ZsiLxU", k2 : false, k3 : 1051171371489976584, k4 : true, k5 : -2484042269209175807, k6 : true, id : 1, k7 : true, k8 : -7232038979504143878, k9 : "rGkE2B"})
CREATE (n0 :L0{k0 : 1185223212928041559, k1 : "9SjdZ9uD", k2 : false, k3 : -7430833131590193418, k4 : false, id : 2})
CREATE (n0 {id : 3})
CREATE (n0 :L1:L0{k0 : 8097203647642544352, k1 : "EseHpHSon", k2 : true, k3 : -6052498669935299470, k4 : false, k5 : -4147811192456335292, k6 : false, id : 4, k7 : true, k8 : -8382292549818834998, k9 : "c7P4n"})
CREATE (n0 :L1{k5 : 3030041430159321644, k6 : true, id : 5, k7 : true, k8 : 4158616536549399811, k9 : "Kvl4YN5oI"})
CREATE (n0 :L0{k0 : 5085534269967606540, k1 : "9RqnDbw", k2 : true, k3 : -7456001977670190095, k4 : true, id : 6})
CREATE (n0 :L1{k5 : 8803678304148573146, k6 : false, id : 7, k7 : false, k8 : -7075856674584317337, k9 : "ZA4GS"})
CREATE (n0 :L1:L0{k0 : 3349511957225982725, k1 : "pb5bQ", k2 : false, k3 : -2954995838964102678, k4 : false, k5 : 6687826204679397554, k6 : true, id : 8, k8 : 4710956123591627810, k9 : "IVqD5"})
CREATE (n0 {id : 9})
CREATE (n0 :L0{k0 : 2251699792872718024, k1 : "5EOWQY8e", k2 : false, k3 : -6768983509798977133, k4 : false, id : 10})
MATCH (n0 {id : 3}), (n1 {id : 3}) MERGE(n0)-[r :T3{k39 : "iVgzt", k38 : 3005415696212243426, k40 : "MUKwzeyp", k41 : "SloVUBuW", id : 11, k37 : 4127720128301215692, k36 : 8152428408596882967}]->(n1)
MATCH (n0 {id : 8}), (n1 {id : 0}) MERGE(n0)-[r :T3{k39 : "tbBxm1ORF", k38 : -2017752294594916536, k40 : "xRlSNq4UB", k41 : "Vln9i", id : 12, k37 : 4581125430652415459, k36 : 7886037278703792197}]->(n1)
MATCH (n0 {id : 5}), (n1 {id : 7}) MERGE(n0)-[r :T2{k31 : 2038049254954774041, k30 : 5487203153426822455, k33 : false, k32 : false, id : 13, k35 : false, k34 : false}]->(n1)
MATCH (n0 {id : 3}), (n1 {id : 9}) MERGE(n0)-[r :T1{k28 : "Q2K5X5Pq", k27 : "u2Ju5ft", id : 14, k23 : -3983636192366792007, k26 : 7423477660028619486, k25 : "UFhnbYoOS"}]->(n1)
MATCH (n0 {id : 4}), (n1 {id : 1}) MERGE(n0)-[r :T8{k70 : "ztf2mu", k66 : 5393285702466356994, k65 : -4309669925146872440, id : 15, k68 : false, k67 : false, k69 : false}]->(n1)
MATCH (n0 {id : 5}), (n1 {id : 1}) MERGE(n0)-[r :T0{k17 : "IrAs3", k19 : "w57xA7I", k18 : "p347n", k20 : 9077109242503799458, k22 : false, k21 : "Ne6Chej", id : 16}]->(n1)
MATCH (n0 {id : 10}), (n1 {id : 8}) MERGE(n0)-[r :T1{k28 : "dJngM", k27 : "nTp2NA", k29 : -1755667269004697676, id : 17, k24 : 6362784030749627727, k23 : -362240145712522889, k25 : "UAzMval"}]->(n1)
MATCH (n0 {id : 4}), (n1 {id : 2}) MERGE(n0)-[r :T5{k49 : false, k51 : false, k50 : "xGWrB", k53 : "9v14ihV", k52 : false, k54 : true, id : 18}]->(n1)
MATCH (n0 {id : 4}), (n1 {id : 6}) MERGE(n0)-[r :T7{k60 : false, k62 : "uFKDk", k61 : false, k64 : -8959053401660389846, k63 : "xg2mSs", id : 19}]->(n1)
MATCH (n0 {id : 9}), (n1 {id : 5}) MERGE(n0)-[r :T1{k28 : "t8YDYEU", k27 : "ByLuQy", k29 : 6011886113456542332, id : 20, k24 : 6224766361604412919, k23 : 8310324520673680303, k26 : 3260405960972361459, k25 : "ChGQns"}]->(n1)
MATCH (n0 {id : 5}), (n1 {id : 4}) MERGE(n0)-[r :T3{k39 : "Me7YX5", k38 : 3558143747294307047, k40 : "2yWCD", k41 : "VjAEePbBO", id : 21, k37 : 7934794287858965937}]->(n1)
MATCH (n0 {id : 8}), (n1 {id : 1}) MERGE(n0)-[r :T6{k55 : true, id : 22, k57 : false, k56 : "kXrEUB6xZ", k59 : "CoZFW"}]->(n1)
MATCH (n0 {id : 0}), (n1 {id : 0}) MERGE(n0)-[r :T2{k31 : -7948426303919527234, k30 : -1099315631957868268, k33 : true, k32 : true, id : 23, k35 : true, k34 : true}]->(n1)
MATCH (n0 {id : 9}), (n1 {id : 6}) MERGE(n0)-[r :T0{k17 : "1vUUm5Xh", k18 : "44FHzJUk", k20 : 3966166821746155758, k22 : false, k21 : "WxDph", id : 24}]->(n1)
MATCH (n0 :L0 :L1{k3:-6052498669935299470})-[r0 :T7]-(n1 :L0{id:6}), (n2 :L0 :L1{k1:'O84ZsiLxU'})-[r1 :T8]-(n0 :L1{k0:8097203647642544352}), (n3 :L1 :L0{k2:false})-[r2 :T3]->(n4 :L1) WHERE ((((r1.k65) <= (r2.k37)) AND ((((('ajptelH'+(n4.k9))+'wA6q8CGDB')+(((n2.k9)+(r1.k70))+((n0.k9)+(n0.k9)))) STARTS WITH 'ajptelHfOwyz') OR false)) AND ((((((((((n0.k0) >= 8097203647642544351) AND ((n0.k0) <= 8097203647642544354)) AND ((((r0.id) = 19) AND ((r0.id) = 19)) AND ((r0.k62) CONTAINS 'uFKD'))) AND ((n1.id) = 6)) AND ((n2.k9) = 'rGkE2B')) AND (((r1.k70) > 'ztf2mt') AND ((r1.k70) < 'ztf2mv'))) AND ((n3.k1) ENDS WITH 'pb5bQ')) AND ((r2.k36) = 7886037278703792197)) AND ((n4.id) = 0))) MATCH (n5{id:9})-[r3 :T0]->(n1 :L0{id:6}), (n2{k4:true})<-[r4 :T8]-(n0), (n0{k6:false})-[r5 :T5]->(n6 :L0), (n7 :L1)-[r6 :T2]->(n8 :L1{k6:false}) WHERE ((((true AND (((NOT ((r1.k68) = true)) OR (((n0.k7) = true) AND true)) AND (NOT (((n0.k4) = true) AND ((n2.k4) = true))))) AND ((((r3.k21)+((n0.k1)+(r5.k50)))+(((r3.k17)+(r4.k70))+('dpbxj'+(r3.k21)))) CONTAINS ('SonxGWrB1vUUm'+''))) AND ((n1.k4) = true)) AND (((((((((n5.id) = 9) AND (((r3.id) = 24) AND ((r3.id) = 24))) AND ((n1.id) = 6)) AND ((((r4.k65) > -4309669925146872441) AND ((r4.k65) < -4309669925146872438)) AND ((r4.id) = 15))) AND ((r5.id) = 18)) AND ((n7.k9) = 'Kvl4YN5oI')) AND ((((r6.k31) = 2038049254954774041) AND ((r6.id) = 13)) AND ((r6.id) = 13))) AND ((n8.id) = 7))) RETURN DISTINCT toBoolean(1221677278) AS a0, (r6.k31) AS a1, toInteger(stdevp(-2085583796)) AS a2 ORDER BY a0, a1 DESC, a2 DESC SKIP 0 LIMIT 1
java.lang.NoClassDefFoundError: com/kuzudb/KuzuObjectRefDestroyedException
	at org.example.gqs.cypher.standard_ast.Return.getActualResult(Return.java:386)
	at org.example.gqs.cypher.oracle.DifferentialNonEmptyBranchOracle.check(DifferentialNonEmptyBranchOracle.java:806)
	at org.example.gqs.cypher.algorithm.Compared3AlgorithmNew.generateAndTestDatabase(Compared3AlgorithmNew.java:238)
	at org.example.gqs.cypher.CypherProviderAdapter.generateAndTestDatabase(CypherProviderAdapter.java:56)
	at org.example.gqs.cypher.CypherProviderAdapter.generateAndTestDatabase(CypherProviderAdapter.java:1)
	at org.example.gqs.Main$DBMSExecutor.run(Main.java:409)
	at org.example.gqs.Main$2.run(Main.java:1115)
	at org.example.gqs.Main$2.runThread(Main.java:1092)
	at org.example.gqs.Main$2.run(Main.java:1013)
	at java.base/java.util.concurrent.ThreadPoolExecutor.runWorker(ThreadPoolExecutor.java:1144)
	at java.base/java.util.concurrent.ThreadPoolExecutor$Worker.run(ThreadPoolExecutor.java:642)
	at java.base/java.lang.Thread.run(Thread.java:1583)
Caused by: java.lang.ClassNotFoundException: com.kuzudb.KuzuObjectRefDestroyedException
	at java.base/jdk.internal.loader.BuiltinClassLoader.loadClass(BuiltinClassLoader.java:641)
	at java.base/jdk.internal.loader.ClassLoaders$AppClassLoader.loadClass(ClassLoaders.java:188)
	at java.base/java.lang.ClassLoader.loadClass(ClassLoader.java:526)
	... 12 more
--java.lang.NoClassDefFoundError: com/kuzudb/KuzuObjectRefDestroyedException
--	at org.example.gqs.cypher.standard_ast.Return.getActualResult(Return.java:386)
--	at org.example.gqs.cypher.oracle.DifferentialNonEmptyBranchOracle.check(DifferentialNonEmptyBranchOracle.java:806)
--	at org.example.gqs.cypher.algorithm.Compared3AlgorithmNew.generateAndTestDatabase(Compared3AlgorithmNew.java:238)
--	at org.example.gqs.cypher.CypherProviderAdapter.generateAndTestDatabase(CypherProviderAdapter.java:56)
--	at org.example.gqs.cypher.CypherProviderAdapter.generateAndTestDatabase(CypherProviderAdapter.java:1)
--	at org.example.gqs.Main$DBMSExecutor.run(Main.java:409)
--	at org.example.gqs.Main$2.run(Main.java:1115)
--	at org.example.gqs.Main$2.runThread(Main.java:1092)
--	at org.example.gqs.Main$2.run(Main.java:1013)
--	at java.base/java.util.concurrent.ThreadPoolExecutor.runWorker(ThreadPoolExecutor.java:1144)
--	at java.base/java.util.concurrent.ThreadPoolExecutor$Worker.run(ThreadPoolExecutor.java:642)
--	at java.base/java.lang.Thread.run(Thread.java:1583)
--Caused by: java.lang.ClassNotFoundException: com.kuzudb.KuzuObjectRefDestroyedException
--	at java.base/jdk.internal.loader.BuiltinClassLoader.loadClass(BuiltinClassLoader.java:641)
--	at java.base/jdk.internal.loader.ClassLoaders$AppClassLoader.loadClass(ClassLoaders.java:188)
--	at java.base/java.lang.ClassLoader.loadClass(ClassLoader.java:526)
--	... 12 more
--
-- Time: 2026/03/30 16:57:14
-- Database: neo4jdatabase0-1774882609463-0
-- seed value: 1774882609463
CREATE CONSTRAINT c0 IF NOT EXISTS FOR (n:L0) REQUIRE (n.k1) IS UNIQUE
CREATE CONSTRAINT c1 IF NOT EXISTS FOR (n:L0) REQUIRE (n.k3) IS UNIQUE
CREATE CONSTRAINT c2 IF NOT EXISTS FOR (n:L0) REQUIRE (n.id) IS UNIQUE
CREATE CONSTRAINT c3 IF NOT EXISTS FOR (n:L1) REQUIRE (n.k5) IS UNIQUE
CREATE CONSTRAINT c4 IF NOT EXISTS FOR (n:L1) REQUIRE (n.k8) IS UNIQUE
CREATE INDEX i5 IF NOT EXISTS FOR (n:L0) ON (n.k0)
CREATE INDEX i6 IF NOT EXISTS FOR (n:L0) ON (n.k1)
CREATE TEXT INDEX i7 IF NOT EXISTS FOR (n:L0) ON (n.k1)
CREATE INDEX i8 IF NOT EXISTS FOR (n:L0) ON (n.k3)
CREATE INDEX i9 IF NOT EXISTS FOR (n:L0) ON (n.id)
CREATE INDEX i10 IF NOT EXISTS FOR (n:L1) ON (n.k5)
CREATE INDEX i11 IF NOT EXISTS FOR (n:L1) ON (n.k8)
CREATE INDEX i12 IF NOT EXISTS FOR (n:L1) ON (n.k9)
CREATE TEXT INDEX i13 IF NOT EXISTS FOR (n:L1) ON (n.k9)
CREATE INDEX i14 IF NOT EXISTS FOR (n:L1) ON (n.id)
CREATE INDEX i15 IF NOT EXISTS FOR (n:L2) ON (n.k10)
CREATE TEXT INDEX i16 IF NOT EXISTS FOR (n:L2) ON (n.k10)
CREATE INDEX i17 IF NOT EXISTS FOR (n:L2) ON (n.k11)
CREATE INDEX i18 IF NOT EXISTS FOR (n:L2) ON (n.k13)
CREATE TEXT INDEX i19 IF NOT EXISTS FOR (n:L2) ON (n.k13)
CREATE INDEX i20 IF NOT EXISTS FOR (n:L2) ON (n.k15)
CREATE TEXT INDEX i21 IF NOT EXISTS FOR (n:L2) ON (n.k15)
CREATE INDEX i22 IF NOT EXISTS FOR (n:L2) ON (n.id)
CREATE INDEX i23 IF NOT EXISTS FOR (n:L1) ON (n.k5, n.k7, n.k8)
CREATE INDEX i24 IF NOT EXISTS FOR (n:L2) ON (n.k16, n.k13, n.k12, n.k14)
CREATE CONSTRAINT c25 IF NOT EXISTS FOR (r:T0) REQUIRE (r.k20) IS UNIQUE
CREATE CONSTRAINT c26 IF NOT EXISTS FOR (r:T0) REQUIRE (r.k21) IS UNIQUE
CREATE CONSTRAINT c27 IF NOT EXISTS FOR (r:T0) REQUIRE (r.id) IS UNIQUE
CREATE CONSTRAINT c28 IF NOT EXISTS FOR (r:T1) REQUIRE (r.k26) IS UNIQUE
CREATE CONSTRAINT c29 IF NOT EXISTS FOR (r:T1) REQUIRE (r.k27) IS UNIQUE
CREATE CONSTRAINT c30 IF NOT EXISTS FOR (r:T1) REQUIRE (r.k29) IS UNIQUE
CREATE CONSTRAINT c31 IF NOT EXISTS FOR (r:T2) REQUIRE (r.id) IS UNIQUE
CREATE CONSTRAINT c32 IF NOT EXISTS FOR (r:T3) REQUIRE (r.id) IS UNIQUE
CREATE CONSTRAINT c33 IF NOT EXISTS FOR (r:T4) REQUIRE (r.k43) IS UNIQUE
CREATE CONSTRAINT c34 IF NOT EXISTS FOR (r:T5) REQUIRE (r.id) IS UNIQUE
CREATE CONSTRAINT c35 IF NOT EXISTS FOR (r:T6) REQUIRE (r.k59) IS UNIQUE
CREATE CONSTRAINT c36 IF NOT EXISTS FOR (r:T7) REQUIRE (r.k63) IS UNIQUE
CREATE CONSTRAINT c37 IF NOT EXISTS FOR (r:T7) REQUIRE (r.id) IS UNIQUE
CREATE CONSTRAINT c38 IF NOT EXISTS FOR (r:T8) REQUIRE (r.k65) IS UNIQUE
CREATE CONSTRAINT c39 IF NOT EXISTS FOR (r:T8) REQUIRE (r.k70) IS UNIQUE
CREATE INDEX i40 IF NOT EXISTS FOR (n:T0) ON (n.k20)
CREATE INDEX i41 IF NOT EXISTS FOR (n:T0) ON (n.k21)
CREATE TEXT INDEX i42 IF NOT EXISTS FOR (n:T0) ON (n.k21)
CREATE INDEX i43 IF NOT EXISTS FOR (n:T0) ON (n.id)
CREATE INDEX i44 IF NOT EXISTS FOR (n:T1) ON (n.k26)
CREATE INDEX i45 IF NOT EXISTS FOR (n:T1) ON (n.k27)
CREATE TEXT INDEX i46 IF NOT EXISTS FOR (n:T1) ON (n.k27)
CREATE INDEX i47 IF NOT EXISTS FOR (n:T1) ON (n.k28)
CREATE TEXT INDEX i48 IF NOT EXISTS FOR (n:T1) ON (n.k28)
CREATE INDEX i49 IF NOT EXISTS FOR (n:T1) ON (n.k29)
CREATE INDEX i50 IF NOT EXISTS FOR (n:T1) ON (n.id)
CREATE INDEX i51 IF NOT EXISTS FOR (n:T2) ON (n.k30)
CREATE INDEX i52 IF NOT EXISTS FOR (n:T2) ON (n.id)
CREATE INDEX i53 IF NOT EXISTS FOR (n:T3) ON (n.k41)
CREATE TEXT INDEX i54 IF NOT EXISTS FOR (n:T3) ON (n.k41)
CREATE INDEX i55 IF NOT EXISTS FOR (n:T3) ON (n.id)
CREATE INDEX i56 IF NOT EXISTS FOR (n:T4) ON (n.k43)
CREATE TEXT INDEX i57 IF NOT EXISTS FOR (n:T4) ON (n.k43)
CREATE INDEX i58 IF NOT EXISTS FOR (n:T4) ON (n.k45)
CREATE INDEX i59 IF NOT EXISTS FOR (n:T4) ON (n.k48)
CREATE INDEX i60 IF NOT EXISTS FOR (n:T4) ON (n.id)
CREATE INDEX i61 IF NOT EXISTS FOR (n:T5) ON (n.k53)
CREATE TEXT INDEX i62 IF NOT EXISTS FOR (n:T5) ON (n.k53)
CREATE INDEX i63 IF NOT EXISTS FOR (n:T5) ON (n.id)
CREATE INDEX i64 IF NOT EXISTS FOR (n:T6) ON (n.k59)
CREATE TEXT INDEX i65 IF NOT EXISTS FOR (n:T6) ON (n.k59)
CREATE INDEX i66 IF NOT EXISTS FOR (n:T6) ON (n.id)
CREATE INDEX i67 IF NOT EXISTS FOR (n:T7) ON (n.k62)
CREATE TEXT INDEX i68 IF NOT EXISTS FOR (n:T7) ON (n.k62)
CREATE INDEX i69 IF NOT EXISTS FOR (n:T7) ON (n.k63)
CREATE TEXT INDEX i70 IF NOT EXISTS FOR (n:T7) ON (n.k63)
CREATE INDEX i71 IF NOT EXISTS FOR (n:T7) ON (n.id)
CREATE INDEX i72 IF NOT EXISTS FOR (n:T8) ON (n.k65)
CREATE INDEX i73 IF NOT EXISTS FOR (n:T8) ON (n.k70)
CREATE TEXT INDEX i74 IF NOT EXISTS FOR (n:T8) ON (n.k70)
CREATE INDEX i75 IF NOT EXISTS FOR (n:T8) ON (n.id)
CREATE INDEX i76 IF NOT EXISTS FOR (r:T0) ON (r.k17, r.k19, r.k22, r.k21)
CREATE INDEX i77 IF NOT EXISTS FOR (r:T3) ON (r.k39, r.k38)
CREATE INDEX i78 IF NOT EXISTS FOR (r:T4) ON (r.k44, r.k48)
CREATE CONSTRAINT c79 IF NOT EXISTS FOR (r:T7) REQUIRE (r.k62, r.k63) IS UNIQUE
CREATE INDEX i80 IF NOT EXISTS FOR (r:T8) ON (r.k66, r.k69)
CREATE (n0 :L1{k5 : 7780712266256825592, k6 : true, id : 0, k7 : false, k8 : 6716359704376647597, k9 : "fOwyzts"})
CREATE (n0 :L1:L0{k0 : -8832908088400549615, k1 : "O84ZsiLxU", k2 : false, k3 : 1051171371489976584, k4 : true, k5 : -2484042269209175807, k6 : true, id : 1, k7 : true, k8 : -7232038979504143878, k9 : "rGkE2B"})
CREATE (n0 :L0{k0 : 1185223212928041559, k1 : "9SjdZ9uD", k2 : false, k3 : -7430833131590193418, k4 : false, id : 2})
CREATE (n0 {id : 3})
CREATE (n0 :L1:L0{k0 : 8097203647642544352, k1 : "EseHpHSon", k2 : true, k3 : -6052498669935299470, k4 : false, k5 : -4147811192456335292, k6 : false, id : 4, k7 : true, k8 : -8382292549818834998, k9 : "c7P4n"})
CREATE (n0 :L1{k5 : 3030041430159321644, k6 : true, id : 5, k7 : true, k8 : 4158616536549399811, k9 : "Kvl4YN5oI"})
CREATE (n0 :L0{k0 : 5085534269967606540, k1 : "9RqnDbw", k2 : true, k3 : -7456001977670190095, k4 : true, id : 6})
CREATE (n0 :L1{k5 : 8803678304148573146, k6 : false, id : 7, k7 : false, k8 : -7075856674584317337, k9 : "ZA4GS"})
CREATE (n0 :L1:L0{k0 : 3349511957225982725, k1 : "pb5bQ", k2 : false, k3 : -2954995838964102678, k4 : false, k5 : 6687826204679397554, k6 : true, id : 8, k8 : 4710956123591627810, k9 : "IVqD5"})
CREATE (n0 {id : 9})
CREATE (n0 :L0{k0 : 2251699792872718024, k1 : "5EOWQY8e", k2 : false, k3 : -6768983509798977133, k4 : false, id : 10})
MATCH (n0 {id : 3}), (n1 {id : 3}) MERGE(n0)-[r :T3{k39 : "iVgzt", k38 : 3005415696212243426, k40 : "MUKwzeyp", k41 : "SloVUBuW", id : 11, k37 : 4127720128301215692, k36 : 8152428408596882967}]->(n1)
MATCH (n0 {id : 8}), (n1 {id : 0}) MERGE(n0)-[r :T3{k39 : "tbBxm1ORF", k38 : -2017752294594916536, k40 : "xRlSNq4UB", k41 : "Vln9i", id : 12, k37 : 4581125430652415459, k36 : 7886037278703792197}]->(n1)
MATCH (n0 {id : 5}), (n1 {id : 7}) MERGE(n0)-[r :T2{k31 : 2038049254954774041, k30 : 5487203153426822455, k33 : false, k32 : false, id : 13, k35 : false, k34 : false}]->(n1)
MATCH (n0 {id : 3}), (n1 {id : 9}) MERGE(n0)-[r :T1{k28 : "Q2K5X5Pq", k27 : "u2Ju5ft", id : 14, k23 : -3983636192366792007, k26 : 7423477660028619486, k25 : "UFhnbYoOS"}]->(n1)
MATCH (n0 {id : 4}), (n1 {id : 1}) MERGE(n0)-[r :T8{k70 : "ztf2mu", k66 : 5393285702466356994, k65 : -4309669925146872440, id : 15, k68 : false, k67 : false, k69 : false}]->(n1)
MATCH (n0 {id : 5}), (n1 {id : 1}) MERGE(n0)-[r :T0{k17 : "IrAs3", k19 : "w57xA7I", k18 : "p347n", k20 : 9077109242503799458, k22 : false, k21 : "Ne6Chej", id : 16}]->(n1)
MATCH (n0 {id : 10}), (n1 {id : 8}) MERGE(n0)-[r :T1{k28 : "dJngM", k27 : "nTp2NA", k29 : -1755667269004697676, id : 17, k24 : 6362784030749627727, k23 : -362240145712522889, k25 : "UAzMval"}]->(n1)
MATCH (n0 {id : 4}), (n1 {id : 2}) MERGE(n0)-[r :T5{k49 : false, k51 : false, k50 : "xGWrB", k53 : "9v14ihV", k52 : false, k54 : true, id : 18}]->(n1)
MATCH (n0 {id : 4}), (n1 {id : 6}) MERGE(n0)-[r :T7{k60 : false, k62 : "uFKDk", k61 : false, k64 : -8959053401660389846, k63 : "xg2mSs", id : 19}]->(n1)
MATCH (n0 {id : 9}), (n1 {id : 5}) MERGE(n0)-[r :T1{k28 : "t8YDYEU", k27 : "ByLuQy", k29 : 6011886113456542332, id : 20, k24 : 6224766361604412919, k23 : 8310324520673680303, k26 : 3260405960972361459, k25 : "ChGQns"}]->(n1)
MATCH (n0 {id : 5}), (n1 {id : 4}) MERGE(n0)-[r :T3{k39 : "Me7YX5", k38 : 3558143747294307047, k40 : "2yWCD", k41 : "VjAEePbBO", id : 21, k37 : 7934794287858965937}]->(n1)
MATCH (n0 {id : 8}), (n1 {id : 1}) MERGE(n0)-[r :T6{k55 : true, id : 22, k57 : false, k56 : "kXrEUB6xZ", k59 : "CoZFW"}]->(n1)
MATCH (n0 {id : 0}), (n1 {id : 0}) MERGE(n0)-[r :T2{k31 : -7948426303919527234, k30 : -1099315631957868268, k33 : true, k32 : true, id : 23, k35 : true, k34 : true}]->(n1)
MATCH (n0 {id : 9}), (n1 {id : 6}) MERGE(n0)-[r :T0{k17 : "1vUUm5Xh", k18 : "44FHzJUk", k20 : 3966166821746155758, k22 : false, k21 : "WxDph", id : 24}]->(n1)

Neo4j starting on bolt port 20000, PID=4312
wait for another moment
wait for another moment
wait for another moment
wait for another moment
wait for another moment
wait for another moment
wait for another moment
wait for another moment
wait for another moment
wait for another moment
wait for another moment
wait for another moment
wait for another moment
wait for another moment
wait for another moment
wait for another moment
wait for another moment
wait for another moment
wait for another moment
new global state
Database Name:neo4jdatabase0-1774882668301-0
CREATE CONSTRAINT c0 IF NOT EXISTS FOR (n:L0) REQUIRE (n.k1) IS UNIQUE
CREATE CONSTRAINT c1 IF NOT EXISTS FOR (n:L0) REQUIRE (n.k4) IS UNIQUE
CREATE CONSTRAINT c2 IF NOT EXISTS FOR (n:L0) REQUIRE (n.id) IS UNIQUE
CREATE CONSTRAINT c3 IF NOT EXISTS FOR (n:L1) REQUIRE (n.k9) IS UNIQUE
CREATE CONSTRAINT c4 IF NOT EXISTS FOR (n:L1) REQUIRE (n.id) IS UNIQUE
CREATE CONSTRAINT c5 IF NOT EXISTS FOR (n:L2) REQUIRE (n.k13) IS UNIQUE
CREATE CONSTRAINT c6 IF NOT EXISTS FOR (n:L2) REQUIRE (n.k16) IS UNIQUE
CREATE INDEX i7 IF NOT EXISTS FOR (n:L0) ON (n.k1)
CREATE INDEX i8 IF NOT EXISTS FOR (n:L0) ON (n.k4)
CREATE TEXT INDEX i9 IF NOT EXISTS FOR (n:L0) ON (n.k4)
CREATE INDEX i10 IF NOT EXISTS FOR (n:L0) ON (n.id)
CREATE INDEX i11 IF NOT EXISTS FOR (n:L1) ON (n.k9)
CREATE TEXT INDEX i12 IF NOT EXISTS FOR (n:L1) ON (n.k9)
CREATE INDEX i13 IF NOT EXISTS FOR (n:L1) ON (n.id)
CREATE INDEX i14 IF NOT EXISTS FOR (n:L2) ON (n.k12)
CREATE TEXT INDEX i15 IF NOT EXISTS FOR (n:L2) ON (n.k12)
CREATE INDEX i16 IF NOT EXISTS FOR (n:L2) ON (n.k13)
CREATE INDEX i17 IF NOT EXISTS FOR (n:L2) ON (n.k14)
CREATE TEXT INDEX i18 IF NOT EXISTS FOR (n:L2) ON (n.k14)
CREATE INDEX i19 IF NOT EXISTS FOR (n:L2) ON (n.k16)
CREATE TEXT INDEX i20 IF NOT EXISTS FOR (n:L2) ON (n.k16)
CREATE INDEX i21 IF NOT EXISTS FOR (n:L2) ON (n.id)
CREATE INDEX i22 IF NOT EXISTS FOR (n:L0) ON (n.k2, n.k5)
CREATE CONSTRAINT c23 IF NOT EXISTS FOR (r:T0) REQUIRE (r.k20) IS UNIQUE
CREATE CONSTRAINT c24 IF NOT EXISTS FOR (r:T1) REQUIRE (r.k27) IS UNIQUE
CREATE CONSTRAINT c25 IF NOT EXISTS FOR (r:T2) REQUIRE (r.k30) IS UNIQUE
CREATE CONSTRAINT c26 IF NOT EXISTS FOR (r:T2) REQUIRE (r.k34) IS UNIQUE
CREATE CONSTRAINT c27 IF NOT EXISTS FOR (r:T2) REQUIRE (r.k36) IS UNIQUE
CREATE CONSTRAINT c28 IF NOT EXISTS FOR (r:T3) REQUIRE (r.k37) IS UNIQUE
CREATE CONSTRAINT c29 IF NOT EXISTS FOR (r:T3) REQUIRE (r.k41) IS UNIQUE
CREATE CONSTRAINT c30 IF NOT EXISTS FOR (r:T4) REQUIRE (r.k43) IS UNIQUE
CREATE CONSTRAINT c31 IF NOT EXISTS FOR (r:T4) REQUIRE (r.k44) IS UNIQUE
CREATE CONSTRAINT c32 IF NOT EXISTS FOR (r:T4) REQUIRE (r.k46) IS UNIQUE
CREATE CONSTRAINT c33 IF NOT EXISTS FOR (r:T4) REQUIRE (r.id) IS UNIQUE
CREATE CONSTRAINT c34 IF NOT EXISTS FOR (r:T5) REQUIRE (r.id) IS UNIQUE
CREATE CONSTRAINT c35 IF NOT EXISTS FOR (r:T6) REQUIRE (r.k58) IS UNIQUE
CREATE CONSTRAINT c36 IF NOT EXISTS FOR (r:T6) REQUIRE (r.k59) IS UNIQUE
CREATE CONSTRAINT c37 IF NOT EXISTS FOR (r:T6) REQUIRE (r.k61) IS UNIQUE
CREATE CONSTRAINT c38 IF NOT EXISTS FOR (r:T6) REQUIRE (r.k62) IS UNIQUE
CREATE CONSTRAINT c39 IF NOT EXISTS FOR (r:T7) REQUIRE (r.k68) IS UNIQUE
CREATE CONSTRAINT c40 IF NOT EXISTS FOR (r:T7) REQUIRE (r.id) IS UNIQUE
CREATE CONSTRAINT c41 IF NOT EXISTS FOR (r:T8) REQUIRE (r.k71) IS UNIQUE
CREATE CONSTRAINT c42 IF NOT EXISTS FOR (r:T8) REQUIRE (r.k72) IS UNIQUE
CREATE CONSTRAINT c43 IF NOT EXISTS FOR (r:T8) REQUIRE (r.k74) IS UNIQUE
CREATE CONSTRAINT c44 IF NOT EXISTS FOR (r:T8) REQUIRE (r.id) IS UNIQUE
CREATE CONSTRAINT c45 IF NOT EXISTS FOR (r:T9) REQUIRE (r.k78) IS UNIQUE
CREATE CONSTRAINT c46 IF NOT EXISTS FOR (r:T10) REQUIRE (r.k83) IS UNIQUE
CREATE CONSTRAINT c47 IF NOT EXISTS FOR (r:T10) REQUIRE (r.k87) IS UNIQUE
CREATE CONSTRAINT c48 IF NOT EXISTS FOR (r:T10) REQUIRE (r.id) IS UNIQUE
CREATE INDEX i49 IF NOT EXISTS FOR (n:T0) ON (n.k20)
CREATE INDEX i50 IF NOT EXISTS FOR (n:T0) ON (n.id)
CREATE INDEX i51 IF NOT EXISTS FOR (n:T1) ON (n.k27)
CREATE TEXT INDEX i52 IF NOT EXISTS FOR (n:T1) ON (n.k27)
CREATE INDEX i53 IF NOT EXISTS FOR (n:T1) ON (n.id)
CREATE INDEX i54 IF NOT EXISTS FOR (n:T2) ON (n.k30)
CREATE TEXT INDEX i55 IF NOT EXISTS FOR (n:T2) ON (n.k30)
CREATE INDEX i56 IF NOT EXISTS FOR (n:T2) ON (n.k31)
CREATE TEXT INDEX i57 IF NOT EXISTS FOR (n:T2) ON (n.k31)
CREATE INDEX i58 IF NOT EXISTS FOR (n:T2) ON (n.k34)
CREATE TEXT INDEX i59 IF NOT EXISTS FOR (n:T2) ON (n.k34)
CREATE INDEX i60 IF NOT EXISTS FOR (n:T2) ON (n.k36)
CREATE TEXT INDEX i61 IF NOT EXISTS FOR (n:T2) ON (n.k36)
CREATE INDEX i62 IF NOT EXISTS FOR (n:T2) ON (n.id)
CREATE INDEX i63 IF NOT EXISTS FOR (n:T3) ON (n.k37)
CREATE INDEX i64 IF NOT EXISTS FOR (n:T3) ON (n.k38)
CREATE TEXT INDEX i65 IF NOT EXISTS FOR (n:T3) ON (n.k38)
CREATE INDEX i66 IF NOT EXISTS FOR (n:T3) ON (n.k39)
CREATE TEXT INDEX i67 IF NOT EXISTS FOR (n:T3) ON (n.k39)
CREATE INDEX i68 IF NOT EXISTS FOR (n:T3) ON (n.k41)
CREATE INDEX i69 IF NOT EXISTS FOR (n:T3) ON (n.id)
CREATE INDEX i70 IF NOT EXISTS FOR (n:T4) ON (n.k43)
CREATE INDEX i71 IF NOT EXISTS FOR (n:T4) ON (n.k44)
CREATE INDEX i72 IF NOT EXISTS FOR (n:T4) ON (n.k46)
CREATE INDEX i73 IF NOT EXISTS FOR (n:T4) ON (n.id)
CREATE INDEX i74 IF NOT EXISTS FOR (n:T5) ON (n.id)
CREATE INDEX i75 IF NOT EXISTS FOR (n:T6) ON (n.k57)
CREATE INDEX i76 IF NOT EXISTS FOR (n:T6) ON (n.k58)
CREATE INDEX i77 IF NOT EXISTS FOR (n:T6) ON (n.k59)
CREATE TEXT INDEX i78 IF NOT EXISTS FOR (n:T6) ON (n.k59)
CREATE INDEX i79 IF NOT EXISTS FOR (n:T6) ON (n.k61)
CREATE INDEX i80 IF NOT EXISTS FOR (n:T6) ON (n.k62)
CREATE TEXT INDEX i81 IF NOT EXISTS FOR (n:T6) ON (n.k62)
CREATE INDEX i82 IF NOT EXISTS FOR (n:T6) ON (n.id)
CREATE INDEX i83 IF NOT EXISTS FOR (n:T7) ON (n.k64)
CREATE TEXT INDEX i84 IF NOT EXISTS FOR (n:T7) ON (n.k64)
CREATE INDEX i85 IF NOT EXISTS FOR (n:T7) ON (n.k65)
CREATE INDEX i86 IF NOT EXISTS FOR (n:T7) ON (n.k68)
CREATE INDEX i87 IF NOT EXISTS FOR (n:T7) ON (n.id)
CREATE INDEX i88 IF NOT EXISTS FOR (n:T8) ON (n.k71)
CREATE TEXT INDEX i89 IF NOT EXISTS FOR (n:T8) ON (n.k71)
CREATE INDEX i90 IF NOT EXISTS FOR (n:T8) ON (n.k72)
CREATE TEXT INDEX i91 IF NOT EXISTS FOR (n:T8) ON (n.k72)
CREATE INDEX i92 IF NOT EXISTS FOR (n:T8) ON (n.k74)
CREATE INDEX i93 IF NOT EXISTS FOR (n:T8) ON (n.id)
CREATE INDEX i94 IF NOT EXISTS FOR (n:T9) ON (n.k78)
CREATE INDEX i95 IF NOT EXISTS FOR (n:T9) ON (n.k79)
CREATE TEXT INDEX i96 IF NOT EXISTS FOR (n:T9) ON (n.k79)
CREATE INDEX i97 IF NOT EXISTS FOR (n:T9) ON (n.k80)
CREATE TEXT INDEX i98 IF NOT EXISTS FOR (n:T9) ON (n.k80)
CREATE INDEX i99 IF NOT EXISTS FOR (n:T9) ON (n.k81)
CREATE TEXT INDEX i100 IF NOT EXISTS FOR (n:T9) ON (n.k81)
CREATE INDEX i101 IF NOT EXISTS FOR (n:T9) ON (n.id)
CREATE INDEX i102 IF NOT EXISTS FOR (n:T10) ON (n.k82)
CREATE INDEX i103 IF NOT EXISTS FOR (n:T10) ON (n.k83)
CREATE INDEX i104 IF NOT EXISTS FOR (n:T10) ON (n.k86)
CREATE TEXT INDEX i105 IF NOT EXISTS FOR (n:T10) ON (n.k86)
CREATE INDEX i106 IF NOT EXISTS FOR (n:T10) ON (n.k87)
CREATE TEXT INDEX i107 IF NOT EXISTS FOR (n:T10) ON (n.k87)
CREATE INDEX i108 IF NOT EXISTS FOR (n:T10) ON (n.id)
CREATE INDEX i109 IF NOT EXISTS FOR (r:T0) ON (r.k19, r.k20, r.k21, r.k24, r.k23)
CREATE INDEX i110 IF NOT EXISTS FOR (r:T2) ON (r.k31, r.k33)
CREATE INDEX i111 IF NOT EXISTS FOR (r:T3) ON (r.k38, r.k42, r.k37)
CREATE INDEX i112 IF NOT EXISTS FOR (r:T6) ON (r.k60, r.k62, r.k57, r.k59, r.k58)
CREATE CONSTRAINT c113 IF NOT EXISTS FOR (r:T9) REQUIRE (r.k81, r.k78) IS UNIQUE
CREATE (n0 :L0{k0 : "YAMBYz0", k1 : 5149466051627265621, k2 : true, k3 : true, k4 : "z8qb2mS", k5 : "BL2pnOa", k6 : -3636255657439818383, id : 0})
CREATE (n0 :L0{k0 : "cixGkKF", k1 : -3072940403638087381, k2 : false, k4 : "y5ZSac", k5 : "G6le8nr4", k6 : 1246754506874696999, id : 1})
CREATE (n0 {id : 2})
CREATE (n0 {id : 3})
CREATE (n0 :L0{k0 : "thhPwDHE", k1 : -800428103951425616, k2 : true, k3 : true, k4 : "QVZYy98", k5 : "s41plD", k6 : -268256055224621413, id : 4})
CREATE (n0 :L1{k11 : "iAC3Sf", k10 : 1050625407395651164, id : 5, k8 : false, k9 : "YXbNNs"})
CREATE (n0 :L1{k11 : "ImiPWn", k10 : 6009579965015584718, id : 6, k7 : false, k8 : true, k9 : "r91tX"})
CREATE (n0 :L0{k0 : "IPujAZ", k1 : 2754966767417321443, k2 : true, k3 : true, k4 : "j06R7", k5 : "EAlkvThI7", k6 : -1187680770077493663, id : 7})
CREATE (n0 :L1:L0{k0 : "HBkEV", k1 : 3347142128044813872, k2 : true, k3 : false, k4 : "GBJoB4w", k11 : "RE8TG8D", k10 : 9071451806821443609, id : 8, k6 : -7973517411846463875, k7 : false, k8 : true, k9 : "s7hsBX6I"})
CREATE (n0 :L1{k11 : "eijne5PJT", k10 : 8847697820841950212, id : 9, k7 : true, k8 : true, k9 : "bQcSzbh"})
CREATE (n0 :L0{k0 : "juTVC4bg", k1 : 1821145439175627656, k2 : false, k4 : "R3vfQ", k5 : "dYBYpp", k6 : -5124060423313549642, id : 10})
CREATE (n0 {id : 11})
CREATE (n0 {id : 12})
MATCH (n0 {id : 10}), (n1 {id : 1}) MERGE(n0)-[r :T10{k82 : -3212904333428247211, k84 : "kMWooS5", k83 : 7947850790238799370, k86 : "UzZ82v", k85 : true, k88 : true, k87 : "mn67XCph", id : 13}]->(n1)
MATCH (n0 {id : 5}), (n1 {id : 10}) MERGE(n0)-[r :T9{k80 : "8HspJWe", k81 : "dAlGz", k75 : true, k77 : "RHKAXdafR", k76 : "C3U41r2QI", id : 14, k79 : "6381NTIH", k78 : -1246692518515070748}]->(n1)
MATCH (n0 {id : 12}), (n1 {id : 5}) MERGE(n0)-[r :T8{k71 : "jPEdhEO", k70 : -7152514536991736384, k73 : false, k72 : "A3X5YbU", k74 : 7372411546269097613, id : 15, k69 : true}]->(n1)
MATCH (n0 {id : 8}), (n1 {id : 5}) MERGE(n0)-[r :T3{k38 : "earo7", k40 : "fUWm2", k42 : false, k41 : -230601267958631514, id : 16, k37 : -8631119084196433835}]->(n1)
MATCH (n0 {id : 5}), (n1 {id : 10}) MERGE(n0)-[r :T7{k64 : "SKT1T", k63 : "taoL5qVgT", k66 : "uxTNau41b", k65 : -9203416226824539637, id : 17, k68 : -1640791009816429161, k67 : false}]->(n1)
MATCH (n0 {id : 6}), (n1 {id : 7}) MERGE(n0)-[r :T7{k64 : "nPY1a", k63 : "DO66UL", k66 : "VARO3", k65 : 5088658464866346418, id : 18, k68 : 191048867472113609, k67 : false}]->(n1)
MATCH (n0 {id : 1}), (n1 {id : 4}) MERGE(n0)-[r :T2{k31 : "mqmkX", k30 : "7SjgfC6Xr", k33 : "gtL0kht", k32 : 860438756938410625, id : 19, k35 : false, k34 : "8Cvxakzb", k36 : "fszOT"}]->(n1)
MATCH (n0 {id : 0}), (n1 {id : 11}) MERGE(n0)-[r :T1{k28 : -3618148592850579949, k27 : "nJkO3J", k29 : true, id : 20, k26 : false, k25 : "5gqYXf4U"}]->(n1)
MATCH (n0 {id : 8}), (n1 {id : 8}) MERGE(n0)-[r :T4{k49 : true, k44 : 3648541117415605373, k43 : 5137216077791134068, id : 21, k46 : 2722979265811482276, k45 : "0QeifO", k48 : false, k47 : "kut0jiN"}]->(n1)
MATCH (n0 {id : 11}), (n1 {id : 6}) MERGE(n0)-[r :T7{k64 : "bDe0IvSHJ", k63 : "51vbkE", k66 : "2GWAbPOKx", id : 22, k68 : -2276120257368694500, k67 : true}]->(n1)
MATCH (n0 {id : 1}), (n1 {id : 4}) MERGE(n0)-[r :T2{k31 : "iIdzoUg", k30 : "VT3qEjf2", k33 : "Lf4a6", k32 : 8398466139319970178, id : 23, k35 : true, k34 : "JM59MGbL", k36 : "BcfEfFf"}]->(n1)
MATCH (n0 {id : 2}), (n1 {id : 10}) MERGE(n0)-[r :T3{k39 : "8pxeP1", k38 : "EONU6M", k40 : "NMDebm00Z", k42 : true, k41 : 3554513568490601935, id : 24, k37 : 22987356545920967}]->(n1)
MATCH (n0 {id : 4}), (n1 {id : 8}) MERGE(n0)-[r :T3{k39 : "A685p", k38 : "RUbvn7", k40 : "eR96Dtb", k42 : false, k41 : -8432419129749053778, id : 25, k37 : 9197687110573985398}]->(n1)
MATCH (n0 {id : 2}), (n1 {id : 9}) MERGE(n0)-[r :T10{k82 : -4345754566170986504, k84 : "bmda4K", k83 : -375705410099194051, k86 : "jOMNm", k85 : false, k88 : true, k87 : "w8i61my", id : 26}]->(n1)
MATCH (n0 {id : 1}), (n1 {id : 1}) MERGE(n0)-[r :T7{k64 : "gEkUJ", k63 : "Aa0Lm73Uu", k66 : "hAabN", k65 : -8990720457559543394, id : 27, k68 : -7814428930976740039, k67 : true}]->(n1)
MATCH (n0 {id : 11}), (n1 {id : 3}) MERGE(n0)-[r :T1{k28 : 565925134654453081, k27 : "Ie1Pgx", k29 : true, id : 28, k26 : false, k25 : "tlqK9AT"}]->(n1)
MATCH (n0 {id : 0}), (n1 {id : 0}) MERGE(n0)-[r :T10{k82 : 4688844967128916475, k84 : "HC5zlBp", k83 : 1126245047147831115, k86 : "l4Nedx", k85 : true, k87 : "WZMgVZKMs", id : 29}]->(n1)
MATCH (n0 {id : 11}), (n1 {id : 2}) MERGE(n0)-[r :T8{k71 : "8hbCZXAP", k70 : 7485706102726759376, k73 : true, k72 : "fng9C", k74 : 7810078112723600249, id : 30, k69 : true}]->(n1)
MATCH (n0 {id : 7}), (n1 {id : 6}) MERGE(n0)-[r :T4{k49 : false, k44 : -3559485716808401946, k43 : 8197606337486243617, id : 31, k46 : -717054356825301139, k45 : "45ASXqb1s", k48 : false, k47 : "OY263k"}]->(n1)
MATCH (n0 {id : 4}), (n1 {id : 2}) MERGE(n0)-[r :T0{k19 : true, k18 : "RSFVkaZbE", k20 : -1611806323381048060, k21 : true, id : 32, k24 : 5261867122666922341, k23 : false}]->(n1)
MATCH (n0 {id : 5}), (n1 {id : 12}) MERGE(n0)-[r :T6{k60 : true, k62 : "FuM9qLa0", k61 : 4031551908405491901, id : 33, k57 : -614583228824884775, k59 : "cC7tgGbdb", k58 : 3102079440134829328}]->(n1)
MATCH (n0 {id : 3}), (n1 {id : 7}) MERGE(n0)-[r :T5{k51 : 8834615946303706222, k50 : "3CDQDMx7m", k52 : 6360149079846478436, k55 : false, id : 34, k56 : -6993635007796147161}]->(n1)
MATCH (n0 {id : 10}), (n1 {id : 7}) MERGE(n0)-[r :T8{k71 : "q1QoOCFW", k70 : 6916410437459749707, k73 : false, k72 : "4M5obM4P", k74 : 4764958160565694827, id : 35, k69 : false}]->(n1)
MATCH (n0 {id : 4}), (n1 {id : 4}) MERGE(n0)-[r :T2{k31 : "DiS8u", k30 : "CSpdXdu", k32 : 6134639501966827152, id : 36, k35 : true, k34 : "9spgs", k36 : "30HSTTvHy"}]->(n1)
MATCH (n0 {id : 3}), (n1 {id : 2}) MERGE(n0)-[r :T8{k71 : "2hpnpmk", k70 : -7718349282691199990, k73 : true, k72 : "Nrm8gu", id : 37, k69 : true}]->(n1)
MATCH (n0 :L0)-[r0 :T2]-(n1 :L0{k6:-268256055224621413})-[r1 :T3]-(n2 :L1 :L0{id:8})-[r2 :T3]-(n3 :L1)-[r3 :T9]-(n4 :L0{k1:1821145439175627656})-[r4 :T8]->(n5)-[r5 :T4]->(n6 :L1), (n5{k6:-1187680770077493663})<-[r6 :T7]-(n6 :L1{k8:true})-[r7 :T7]-(n7), (n8{id:12})<-[r8 :T6]-(n3{k10:1050625407395651164}), (n9 :L1{k9:'bQcSzbh'})<-[r9 :T10]-(n10)-[r10 :T8]-(n7{id:11})-[r11 :T1]-(n11 :L0{k0:'YAMBYz0'}) WHERE ((((((((NOT (((n5.k2) = true) AND ((n1.k2) = true))) OR ((NOT true) OR (NOT ((r3.k75) = true)))) OR (((r8.k57) = (r7.k68)) AND ((true AND ((n6.k7) = true)) OR ((r6.id) <> (r6.id))))) OR ((n6.k8) = true)) OR ((((((n3.k11)+(n2.k0))+(r5.k45)) ENDS WITH (r5.k45)) AND ((n1.k6) > (r9.k83))) OR (NOT (((r5.k46) = (r5.k43)) AND (((n3.id) > (n6.k10)) AND (((r7.k67) = true) AND ((n9.k8) = true))))))) AND ((r0.id) <> (r1.id))) AND ((r0.id) <> (r2.id))) AND (((((((((((((((((((((n0.k6) = 1246754506874696999) AND ((r0.k31) ENDS WITH 'mqmkX')) AND ((((((r1.k40) STARTS WITH 'eR96Dt') AND (((r1.k41) >= -8432419129749053780) AND ((r1.k41) <= -8432419129749053777))) AND ((r1.id) = 25)) AND ((r1.k40) = 'eR96Dtb')) AND ((r1.id) = 25))) AND ((n2.k11) CONTAINS '8TG8')) AND (((((r2.k40) > 'fUWl2') AND ((r2.k40) < 'fUWn2')) AND (((r2.k41) > -230601267958631516) AND ((r2.k41) < -230601267958631513))) AND (((r2.k37) > -8631119084196433836) AND ((r2.k37) < -8631119084196433834)))) AND ((n3.id) = 5)) AND ((r3.k78) = -1246692518515070748)) AND (((((r4.id) = 35) AND ((r4.k72) CONTAINS 'obM4')) AND ((r4.k71) STARTS WITH 'q1QoOC')) AND (((r4.k71) > 'q1QoOCEW') AND ((r4.k71) < 'q1QoOCGW')))) AND ((n5.id) = 7)) AND (((n5.k6) >= -1187680770077493664) AND ((n5.k6) <= -1187680770077493661))) AND (((r6.k68) >= 191048867472113608) AND ((r6.k68) <= 191048867472113611))) AND ((r7.k63) STARTS WITH '51vb')) AND ((n7.id) = 11)) AND ((n8.id) = 12)) AND ((n3.k9) CONTAINS 'YXbNN')) AND ((n9.k10) = 8847697820841950212)) AND ((((((r10.k70) >= 7485706102726759375) AND ((r10.k70) <= 7485706102726759378)) AND ((r10.id) = 30)) AND ((r10.id) = 30)) AND (((r10.k74) > 7810078112723600247) AND ((r10.k74) < 7810078112723600250)))) AND ((n7.id) = 11)) AND ((((r11.k25) STARTS WITH '5gqYXf') AND ((r11.k25) ENDS WITH 'gqYXf4U')) AND (((r11.k25) > '5gqYXf3U') AND ((r11.k25) < '5gqYXf5U')))) AND ((n11.id) = 0))) WITH type(r5) AS a0, sum((toInteger((r4.k70)/2147483647))) AS a1 ORDER BY a1 DESC, a0 SKIP 0 WHERE (((true AND ('5rdwQj0' STARTS WITH '5rdwQj0')) AND ((('LpLq8mIj' = ('491edZy'+a0)) OR (false = true)) OR (true = true))) AND (((((a0+a0)+(a0+a0))+a0) >= 'o4T4T4T4T4') OR (NOT (((a0 CONTAINS a0) AND ('RLGJZqTFa' <= 'RL%JZqTFa')) OR (NOT ('Ps2bFHsn' = 'Ps2bFHsn')))))) UNWIND [a0, a0, (('mECE3FgVq'+a0)+(a0+'9qfmw7'))] AS a2 WITH sum(-21045208) AS a3, a0 ORDER BY a0, a3 DESC SKIP 0 WHERE (a3 <= a3) RETURN max('U1jQVRam') AS a4, a3 ORDER BY a4, a3
java.lang.NoClassDefFoundError: com/kuzudb/KuzuObjectRefDestroyedException
	at org.example.gqs.cypher.standard_ast.Return.getActualResult(Return.java:386)
	at org.example.gqs.cypher.oracle.DifferentialNonEmptyBranchOracle.check(DifferentialNonEmptyBranchOracle.java:806)
	at org.example.gqs.cypher.algorithm.Compared3AlgorithmNew.generateAndTestDatabase(Compared3AlgorithmNew.java:238)
	at org.example.gqs.cypher.CypherProviderAdapter.generateAndTestDatabase(CypherProviderAdapter.java:56)
	at org.example.gqs.cypher.CypherProviderAdapter.generateAndTestDatabase(CypherProviderAdapter.java:1)
	at org.example.gqs.Main$DBMSExecutor.run(Main.java:409)
	at org.example.gqs.Main$2.run(Main.java:1115)
	at org.example.gqs.Main$2.runThread(Main.java:1092)
	at org.example.gqs.Main$2.run(Main.java:1013)
	at java.base/java.util.concurrent.ThreadPoolExecutor.runWorker(ThreadPoolExecutor.java:1144)
	at java.base/java.util.concurrent.ThreadPoolExecutor$Worker.run(ThreadPoolExecutor.java:642)
	at java.base/java.lang.Thread.run(Thread.java:1583)
Caused by: java.lang.ClassNotFoundException: com.kuzudb.KuzuObjectRefDestroyedException
	at java.base/jdk.internal.loader.BuiltinClassLoader.loadClass(BuiltinClassLoader.java:641)
	at java.base/jdk.internal.loader.ClassLoaders$AppClassLoader.loadClass(ClassLoaders.java:188)
	at java.base/java.lang.ClassLoader.loadClass(ClassLoader.java:526)
	... 12 more
--java.lang.NoClassDefFoundError: com/kuzudb/KuzuObjectRefDestroyedException
--	at org.example.gqs.cypher.standard_ast.Return.getActualResult(Return.java:386)
--	at org.example.gqs.cypher.oracle.DifferentialNonEmptyBranchOracle.check(DifferentialNonEmptyBranchOracle.java:806)
--	at org.example.gqs.cypher.algorithm.Compared3AlgorithmNew.generateAndTestDatabase(Compared3AlgorithmNew.java:238)
--	at org.example.gqs.cypher.CypherProviderAdapter.generateAndTestDatabase(CypherProviderAdapter.java:56)
--	at org.example.gqs.cypher.CypherProviderAdapter.generateAndTestDatabase(CypherProviderAdapter.java:1)
--	at org.example.gqs.Main$DBMSExecutor.run(Main.java:409)
--	at org.example.gqs.Main$2.run(Main.java:1115)
--	at org.example.gqs.Main$2.runThread(Main.java:1092)
--	at org.example.gqs.Main$2.run(Main.java:1013)
--	at java.base/java.util.concurrent.ThreadPoolExecutor.runWorker(ThreadPoolExecutor.java:1144)
--	at java.base/java.util.concurrent.ThreadPoolExecutor$Worker.run(ThreadPoolExecutor.java:642)
--	at java.base/java.lang.Thread.run(Thread.java:1583)
--Caused by: java.lang.ClassNotFoundException: com.kuzudb.KuzuObjectRefDestroyedException
--	at java.base/jdk.internal.loader.BuiltinClassLoader.loadClass(BuiltinClassLoader.java:641)
--	at java.base/jdk.internal.loader.ClassLoaders$AppClassLoader.loadClass(ClassLoaders.java:188)
--	at java.base/java.lang.ClassLoader.loadClass(ClassLoader.java:526)
--	... 12 more
--
-- Time: 2026/03/30 16:58:23
-- Database: neo4jdatabase0-1774882668301-0
-- seed value: 1774882668301
CREATE CONSTRAINT c0 IF NOT EXISTS FOR (n:L0) REQUIRE (n.k1) IS UNIQUE
CREATE CONSTRAINT c1 IF NOT EXISTS FOR (n:L0) REQUIRE (n.k4) IS UNIQUE
CREATE CONSTRAINT c2 IF NOT EXISTS FOR (n:L0) REQUIRE (n.id) IS UNIQUE
CREATE CONSTRAINT c3 IF NOT EXISTS FOR (n:L1) REQUIRE (n.k9) IS UNIQUE
CREATE CONSTRAINT c4 IF NOT EXISTS FOR (n:L1) REQUIRE (n.id) IS UNIQUE
CREATE CONSTRAINT c5 IF NOT EXISTS FOR (n:L2) REQUIRE (n.k13) IS UNIQUE
CREATE CONSTRAINT c6 IF NOT EXISTS FOR (n:L2) REQUIRE (n.k16) IS UNIQUE
CREATE INDEX i7 IF NOT EXISTS FOR (n:L0) ON (n.k1)
CREATE INDEX i8 IF NOT EXISTS FOR (n:L0) ON (n.k4)
CREATE TEXT INDEX i9 IF NOT EXISTS FOR (n:L0) ON (n.k4)
CREATE INDEX i10 IF NOT EXISTS FOR (n:L0) ON (n.id)
CREATE INDEX i11 IF NOT EXISTS FOR (n:L1) ON (n.k9)
CREATE TEXT INDEX i12 IF NOT EXISTS FOR (n:L1) ON (n.k9)
CREATE INDEX i13 IF NOT EXISTS FOR (n:L1) ON (n.id)
CREATE INDEX i14 IF NOT EXISTS FOR (n:L2) ON (n.k12)
CREATE TEXT INDEX i15 IF NOT EXISTS FOR (n:L2) ON (n.k12)
CREATE INDEX i16 IF NOT EXISTS FOR (n:L2) ON (n.k13)
CREATE INDEX i17 IF NOT EXISTS FOR (n:L2) ON (n.k14)
CREATE TEXT INDEX i18 IF NOT EXISTS FOR (n:L2) ON (n.k14)
CREATE INDEX i19 IF NOT EXISTS FOR (n:L2) ON (n.k16)
CREATE TEXT INDEX i20 IF NOT EXISTS FOR (n:L2) ON (n.k16)
CREATE INDEX i21 IF NOT EXISTS FOR (n:L2) ON (n.id)
CREATE INDEX i22 IF NOT EXISTS FOR (n:L0) ON (n.k2, n.k5)
CREATE CONSTRAINT c23 IF NOT EXISTS FOR (r:T0) REQUIRE (r.k20) IS UNIQUE
CREATE CONSTRAINT c24 IF NOT EXISTS FOR (r:T1) REQUIRE (r.k27) IS UNIQUE
CREATE CONSTRAINT c25 IF NOT EXISTS FOR (r:T2) REQUIRE (r.k30) IS UNIQUE
CREATE CONSTRAINT c26 IF NOT EXISTS FOR (r:T2) REQUIRE (r.k34) IS UNIQUE
CREATE CONSTRAINT c27 IF NOT EXISTS FOR (r:T2) REQUIRE (r.k36) IS UNIQUE
CREATE CONSTRAINT c28 IF NOT EXISTS FOR (r:T3) REQUIRE (r.k37) IS UNIQUE
CREATE CONSTRAINT c29 IF NOT EXISTS FOR (r:T3) REQUIRE (r.k41) IS UNIQUE
CREATE CONSTRAINT c30 IF NOT EXISTS FOR (r:T4) REQUIRE (r.k43) IS UNIQUE
CREATE CONSTRAINT c31 IF NOT EXISTS FOR (r:T4) REQUIRE (r.k44) IS UNIQUE
CREATE CONSTRAINT c32 IF NOT EXISTS FOR (r:T4) REQUIRE (r.k46) IS UNIQUE
CREATE CONSTRAINT c33 IF NOT EXISTS FOR (r:T4) REQUIRE (r.id) IS UNIQUE
CREATE CONSTRAINT c34 IF NOT EXISTS FOR (r:T5) REQUIRE (r.id) IS UNIQUE
CREATE CONSTRAINT c35 IF NOT EXISTS FOR (r:T6) REQUIRE (r.k58) IS UNIQUE
CREATE CONSTRAINT c36 IF NOT EXISTS FOR (r:T6) REQUIRE (r.k59) IS UNIQUE
CREATE CONSTRAINT c37 IF NOT EXISTS FOR (r:T6) REQUIRE (r.k61) IS UNIQUE
CREATE CONSTRAINT c38 IF NOT EXISTS FOR (r:T6) REQUIRE (r.k62) IS UNIQUE
CREATE CONSTRAINT c39 IF NOT EXISTS FOR (r:T7) REQUIRE (r.k68) IS UNIQUE
CREATE CONSTRAINT c40 IF NOT EXISTS FOR (r:T7) REQUIRE (r.id) IS UNIQUE
CREATE CONSTRAINT c41 IF NOT EXISTS FOR (r:T8) REQUIRE (r.k71) IS UNIQUE
CREATE CONSTRAINT c42 IF NOT EXISTS FOR (r:T8) REQUIRE (r.k72) IS UNIQUE
CREATE CONSTRAINT c43 IF NOT EXISTS FOR (r:T8) REQUIRE (r.k74) IS UNIQUE
CREATE CONSTRAINT c44 IF NOT EXISTS FOR (r:T8) REQUIRE (r.id) IS UNIQUE
CREATE CONSTRAINT c45 IF NOT EXISTS FOR (r:T9) REQUIRE (r.k78) IS UNIQUE
CREATE CONSTRAINT c46 IF NOT EXISTS FOR (r:T10) REQUIRE (r.k83) IS UNIQUE
CREATE CONSTRAINT c47 IF NOT EXISTS FOR (r:T10) REQUIRE (r.k87) IS UNIQUE
CREATE CONSTRAINT c48 IF NOT EXISTS FOR (r:T10) REQUIRE (r.id) IS UNIQUE
CREATE INDEX i49 IF NOT EXISTS FOR (n:T0) ON (n.k20)
CREATE INDEX i50 IF NOT EXISTS FOR (n:T0) ON (n.id)
CREATE INDEX i51 IF NOT EXISTS FOR (n:T1) ON (n.k27)
CREATE TEXT INDEX i52 IF NOT EXISTS FOR (n:T1) ON (n.k27)
CREATE INDEX i53 IF NOT EXISTS FOR (n:T1) ON (n.id)
CREATE INDEX i54 IF NOT EXISTS FOR (n:T2) ON (n.k30)
CREATE TEXT INDEX i55 IF NOT EXISTS FOR (n:T2) ON (n.k30)
CREATE INDEX i56 IF NOT EXISTS FOR (n:T2) ON (n.k31)
CREATE TEXT INDEX i57 IF NOT EXISTS FOR (n:T2) ON (n.k31)
CREATE INDEX i58 IF NOT EXISTS FOR (n:T2) ON (n.k34)
CREATE TEXT INDEX i59 IF NOT EXISTS FOR (n:T2) ON (n.k34)
CREATE INDEX i60 IF NOT EXISTS FOR (n:T2) ON (n.k36)
CREATE TEXT INDEX i61 IF NOT EXISTS FOR (n:T2) ON (n.k36)
CREATE INDEX i62 IF NOT EXISTS FOR (n:T2) ON (n.id)
CREATE INDEX i63 IF NOT EXISTS FOR (n:T3) ON (n.k37)
CREATE INDEX i64 IF NOT EXISTS FOR (n:T3) ON (n.k38)
CREATE TEXT INDEX i65 IF NOT EXISTS FOR (n:T3) ON (n.k38)
CREATE INDEX i66 IF NOT EXISTS FOR (n:T3) ON (n.k39)
CREATE TEXT INDEX i67 IF NOT EXISTS FOR (n:T3) ON (n.k39)
CREATE INDEX i68 IF NOT EXISTS FOR (n:T3) ON (n.k41)
CREATE INDEX i69 IF NOT EXISTS FOR (n:T3) ON (n.id)
CREATE INDEX i70 IF NOT EXISTS FOR (n:T4) ON (n.k43)
CREATE INDEX i71 IF NOT EXISTS FOR (n:T4) ON (n.k44)
CREATE INDEX i72 IF NOT EXISTS FOR (n:T4) ON (n.k46)
CREATE INDEX i73 IF NOT EXISTS FOR (n:T4) ON (n.id)
CREATE INDEX i74 IF NOT EXISTS FOR (n:T5) ON (n.id)
CREATE INDEX i75 IF NOT EXISTS FOR (n:T6) ON (n.k57)
CREATE INDEX i76 IF NOT EXISTS FOR (n:T6) ON (n.k58)
CREATE INDEX i77 IF NOT EXISTS FOR (n:T6) ON (n.k59)
CREATE TEXT INDEX i78 IF NOT EXISTS FOR (n:T6) ON (n.k59)
CREATE INDEX i79 IF NOT EXISTS FOR (n:T6) ON (n.k61)
CREATE INDEX i80 IF NOT EXISTS FOR (n:T6) ON (n.k62)
CREATE TEXT INDEX i81 IF NOT EXISTS FOR (n:T6) ON (n.k62)
CREATE INDEX i82 IF NOT EXISTS FOR (n:T6) ON (n.id)
CREATE INDEX i83 IF NOT EXISTS FOR (n:T7) ON (n.k64)
CREATE TEXT INDEX i84 IF NOT EXISTS FOR (n:T7) ON (n.k64)
CREATE INDEX i85 IF NOT EXISTS FOR (n:T7) ON (n.k65)
CREATE INDEX i86 IF NOT EXISTS FOR (n:T7) ON (n.k68)
CREATE INDEX i87 IF NOT EXISTS FOR (n:T7) ON (n.id)
CREATE INDEX i88 IF NOT EXISTS FOR (n:T8) ON (n.k71)
CREATE TEXT INDEX i89 IF NOT EXISTS FOR (n:T8) ON (n.k71)
CREATE INDEX i90 IF NOT EXISTS FOR (n:T8) ON (n.k72)
CREATE TEXT INDEX i91 IF NOT EXISTS FOR (n:T8) ON (n.k72)
CREATE INDEX i92 IF NOT EXISTS FOR (n:T8) ON (n.k74)
CREATE INDEX i93 IF NOT EXISTS FOR (n:T8) ON (n.id)
CREATE INDEX i94 IF NOT EXISTS FOR (n:T9) ON (n.k78)
CREATE INDEX i95 IF NOT EXISTS FOR (n:T9) ON (n.k79)
CREATE TEXT INDEX i96 IF NOT EXISTS FOR (n:T9) ON (n.k79)
CREATE INDEX i97 IF NOT EXISTS FOR (n:T9) ON (n.k80)
CREATE TEXT INDEX i98 IF NOT EXISTS FOR (n:T9) ON (n.k80)
CREATE INDEX i99 IF NOT EXISTS FOR (n:T9) ON (n.k81)
CREATE TEXT INDEX i100 IF NOT EXISTS FOR (n:T9) ON (n.k81)
CREATE INDEX i101 IF NOT EXISTS FOR (n:T9) ON (n.id)
CREATE INDEX i102 IF NOT EXISTS FOR (n:T10) ON (n.k82)
CREATE INDEX i103 IF NOT EXISTS FOR (n:T10) ON (n.k83)
CREATE INDEX i104 IF NOT EXISTS FOR (n:T10) ON (n.k86)
CREATE TEXT INDEX i105 IF NOT EXISTS FOR (n:T10) ON (n.k86)
CREATE INDEX i106 IF NOT EXISTS FOR (n:T10) ON (n.k87)
CREATE TEXT INDEX i107 IF NOT EXISTS FOR (n:T10) ON (n.k87)
CREATE INDEX i108 IF NOT EXISTS FOR (n:T10) ON (n.id)
CREATE INDEX i109 IF NOT EXISTS FOR (r:T0) ON (r.k19, r.k20, r.k21, r.k24, r.k23)
CREATE INDEX i110 IF NOT EXISTS FOR (r:T2) ON (r.k31, r.k33)
CREATE INDEX i111 IF NOT EXISTS FOR (r:T3) ON (r.k38, r.k42, r.k37)
CREATE INDEX i112 IF NOT EXISTS FOR (r:T6) ON (r.k60, r.k62, r.k57, r.k59, r.k58)
CREATE CONSTRAINT c113 IF NOT EXISTS FOR (r:T9) REQUIRE (r.k81, r.k78) IS UNIQUE
CREATE (n0 :L0{k0 : "YAMBYz0", k1 : 5149466051627265621, k2 : true, k3 : true, k4 : "z8qb2mS", k5 : "BL2pnOa", k6 : -3636255657439818383, id : 0})
CREATE (n0 :L0{k0 : "cixGkKF", k1 : -3072940403638087381, k2 : false, k4 : "y5ZSac", k5 : "G6le8nr4", k6 : 1246754506874696999, id : 1})
CREATE (n0 {id : 2})
CREATE (n0 {id : 3})
CREATE (n0 :L0{k0 : "thhPwDHE", k1 : -800428103951425616, k2 : true, k3 : true, k4 : "QVZYy98", k5 : "s41plD", k6 : -268256055224621413, id : 4})
CREATE (n0 :L1{k11 : "iAC3Sf", k10 : 1050625407395651164, id : 5, k8 : false, k9 : "YXbNNs"})
CREATE (n0 :L1{k11 : "ImiPWn", k10 : 6009579965015584718, id : 6, k7 : false, k8 : true, k9 : "r91tX"})
CREATE (n0 :L0{k0 : "IPujAZ", k1 : 2754966767417321443, k2 : true, k3 : true, k4 : "j06R7", k5 : "EAlkvThI7", k6 : -1187680770077493663, id : 7})
CREATE (n0 :L1:L0{k0 : "HBkEV", k1 : 3347142128044813872, k2 : true, k3 : false, k4 : "GBJoB4w", k11 : "RE8TG8D", k10 : 9071451806821443609, id : 8, k6 : -7973517411846463875, k7 : false, k8 : true, k9 : "s7hsBX6I"})
CREATE (n0 :L1{k11 : "eijne5PJT", k10 : 8847697820841950212, id : 9, k7 : true, k8 : true, k9 : "bQcSzbh"})
CREATE (n0 :L0{k0 : "juTVC4bg", k1 : 1821145439175627656, k2 : false, k4 : "R3vfQ", k5 : "dYBYpp", k6 : -5124060423313549642, id : 10})
CREATE (n0 {id : 11})
CREATE (n0 {id : 12})
MATCH (n0 {id : 10}), (n1 {id : 1}) MERGE(n0)-[r :T10{k82 : -3212904333428247211, k84 : "kMWooS5", k83 : 7947850790238799370, k86 : "UzZ82v", k85 : true, k88 : true, k87 : "mn67XCph", id : 13}]->(n1)
MATCH (n0 {id : 5}), (n1 {id : 10}) MERGE(n0)-[r :T9{k80 : "8HspJWe", k81 : "dAlGz", k75 : true, k77 : "RHKAXdafR", k76 : "C3U41r2QI", id : 14, k79 : "6381NTIH", k78 : -1246692518515070748}]->(n1)
MATCH (n0 {id : 12}), (n1 {id : 5}) MERGE(n0)-[r :T8{k71 : "jPEdhEO", k70 : -7152514536991736384, k73 : false, k72 : "A3X5YbU", k74 : 7372411546269097613, id : 15, k69 : true}]->(n1)
MATCH (n0 {id : 8}), (n1 {id : 5}) MERGE(n0)-[r :T3{k38 : "earo7", k40 : "fUWm2", k42 : false, k41 : -230601267958631514, id : 16, k37 : -8631119084196433835}]->(n1)
MATCH (n0 {id : 5}), (n1 {id : 10}) MERGE(n0)-[r :T7{k64 : "SKT1T", k63 : "taoL5qVgT", k66 : "uxTNau41b", k65 : -9203416226824539637, id : 17, k68 : -1640791009816429161, k67 : false}]->(n1)
MATCH (n0 {id : 6}), (n1 {id : 7}) MERGE(n0)-[r :T7{k64 : "nPY1a", k63 : "DO66UL", k66 : "VARO3", k65 : 5088658464866346418, id : 18, k68 : 191048867472113609, k67 : false}]->(n1)
MATCH (n0 {id : 1}), (n1 {id : 4}) MERGE(n0)-[r :T2{k31 : "mqmkX", k30 : "7SjgfC6Xr", k33 : "gtL0kht", k32 : 860438756938410625, id : 19, k35 : false, k34 : "8Cvxakzb", k36 : "fszOT"}]->(n1)
MATCH (n0 {id : 0}), (n1 {id : 11}) MERGE(n0)-[r :T1{k28 : -3618148592850579949, k27 : "nJkO3J", k29 : true, id : 20, k26 : false, k25 : "5gqYXf4U"}]->(n1)
MATCH (n0 {id : 8}), (n1 {id : 8}) MERGE(n0)-[r :T4{k49 : true, k44 : 3648541117415605373, k43 : 5137216077791134068, id : 21, k46 : 2722979265811482276, k45 : "0QeifO", k48 : false, k47 : "kut0jiN"}]->(n1)
MATCH (n0 {id : 11}), (n1 {id : 6}) MERGE(n0)-[r :T7{k64 : "bDe0IvSHJ", k63 : "51vbkE", k66 : "2GWAbPOKx", id : 22, k68 : -2276120257368694500, k67 : true}]->(n1)
MATCH (n0 {id : 1}), (n1 {id : 4}) MERGE(n0)-[r :T2{k31 : "iIdzoUg", k30 : "VT3qEjf2", k33 : "Lf4a6", k32 : 8398466139319970178, id : 23, k35 : true, k34 : "JM59MGbL", k36 : "BcfEfFf"}]->(n1)
MATCH (n0 {id : 2}), (n1 {id : 10}) MERGE(n0)-[r :T3{k39 : "8pxeP1", k38 : "EONU6M", k40 : "NMDebm00Z", k42 : true, k41 : 3554513568490601935, id : 24, k37 : 22987356545920967}]->(n1)
MATCH (n0 {id : 4}), (n1 {id : 8}) MERGE(n0)-[r :T3{k39 : "A685p", k38 : "RUbvn7", k40 : "eR96Dtb", k42 : false, k41 : -8432419129749053778, id : 25, k37 : 9197687110573985398}]->(n1)
MATCH (n0 {id : 2}), (n1 {id : 9}) MERGE(n0)-[r :T10{k82 : -4345754566170986504, k84 : "bmda4K", k83 : -375705410099194051, k86 : "jOMNm", k85 : false, k88 : true, k87 : "w8i61my", id : 26}]->(n1)
MATCH (n0 {id : 1}), (n1 {id : 1}) MERGE(n0)-[r :T7{k64 : "gEkUJ", k63 : "Aa0Lm73Uu", k66 : "hAabN", k65 : -8990720457559543394, id : 27, k68 : -7814428930976740039, k67 : true}]->(n1)
MATCH (n0 {id : 11}), (n1 {id : 3}) MERGE(n0)-[r :T1{k28 : 565925134654453081, k27 : "Ie1Pgx", k29 : true, id : 28, k26 : false, k25 : "tlqK9AT"}]->(n1)
MATCH (n0 {id : 0}), (n1 {id : 0}) MERGE(n0)-[r :T10{k82 : 4688844967128916475, k84 : "HC5zlBp", k83 : 1126245047147831115, k86 : "l4Nedx", k85 : true, k87 : "WZMgVZKMs", id : 29}]->(n1)
MATCH (n0 {id : 11}), (n1 {id : 2}) MERGE(n0)-[r :T8{k71 : "8hbCZXAP", k70 : 7485706102726759376, k73 : true, k72 : "fng9C", k74 : 7810078112723600249, id : 30, k69 : true}]->(n1)
MATCH (n0 {id : 7}), (n1 {id : 6}) MERGE(n0)-[r :T4{k49 : false, k44 : -3559485716808401946, k43 : 8197606337486243617, id : 31, k46 : -717054356825301139, k45 : "45ASXqb1s", k48 : false, k47 : "OY263k"}]->(n1)
MATCH (n0 {id : 4}), (n1 {id : 2}) MERGE(n0)-[r :T0{k19 : true, k18 : "RSFVkaZbE", k20 : -1611806323381048060, k21 : true, id : 32, k24 : 5261867122666922341, k23 : false}]->(n1)
MATCH (n0 {id : 5}), (n1 {id : 12}) MERGE(n0)-[r :T6{k60 : true, k62 : "FuM9qLa0", k61 : 4031551908405491901, id : 33, k57 : -614583228824884775, k59 : "cC7tgGbdb", k58 : 3102079440134829328}]->(n1)
MATCH (n0 {id : 3}), (n1 {id : 7}) MERGE(n0)-[r :T5{k51 : 8834615946303706222, k50 : "3CDQDMx7m", k52 : 6360149079846478436, k55 : false, id : 34, k56 : -6993635007796147161}]->(n1)
MATCH (n0 {id : 10}), (n1 {id : 7}) MERGE(n0)-[r :T8{k71 : "q1QoOCFW", k70 : 6916410437459749707, k73 : false, k72 : "4M5obM4P", k74 : 4764958160565694827, id : 35, k69 : false}]->(n1)
MATCH (n0 {id : 4}), (n1 {id : 4}) MERGE(n0)-[r :T2{k31 : "DiS8u", k30 : "CSpdXdu", k32 : 6134639501966827152, id : 36, k35 : true, k34 : "9spgs", k36 : "30HSTTvHy"}]->(n1)
MATCH (n0 {id : 3}), (n1 {id : 2}) MERGE(n0)-[r :T8{k71 : "2hpnpmk", k70 : -7718349282691199990, k73 : true, k72 : "Nrm8gu", id : 37, k69 : true}]->(n1)

Neo4j starting on bolt port 20000, PID=4878
wait for another moment
wait for another moment
wait for another moment
wait for another moment
wait for another moment
wait for another moment
wait for another moment
wait for another moment
wait for another moment
wait for another moment
wait for another moment
wait for another moment
wait for another moment
wait for another moment
wait for another moment
wait for another moment
wait for another moment
wait for another moment
wait for another moment
wait for another moment
wait for another moment
new global state
Database Name:neo4jdatabase0-1774882739746-0
CREATE CONSTRAINT c0 IF NOT EXISTS FOR (n:L0) REQUIRE (n.k3) IS UNIQUE
CREATE CONSTRAINT c1 IF NOT EXISTS FOR (n:L0) REQUIRE (n.id) IS UNIQUE
CREATE CONSTRAINT c2 IF NOT EXISTS FOR (n:L1) REQUIRE (n.k8) IS UNIQUE
CREATE CONSTRAINT c3 IF NOT EXISTS FOR (n:L1) REQUIRE (n.k10) IS UNIQUE
CREATE CONSTRAINT c4 IF NOT EXISTS FOR (n:L1) REQUIRE (n.id) IS UNIQUE
CREATE CONSTRAINT c5 IF NOT EXISTS FOR (n:L2) REQUIRE (n.k12) IS UNIQUE
CREATE CONSTRAINT c6 IF NOT EXISTS FOR (n:L2) REQUIRE (n.k14) IS UNIQUE
CREATE CONSTRAINT c7 IF NOT EXISTS FOR (n:L2) REQUIRE (n.id) IS UNIQUE
CREATE CONSTRAINT c8 IF NOT EXISTS FOR (n:L3) REQUIRE (n.k19) IS UNIQUE
CREATE CONSTRAINT c9 IF NOT EXISTS FOR (n:L3) REQUIRE (n.k20) IS UNIQUE
CREATE CONSTRAINT c10 IF NOT EXISTS FOR (n:L3) REQUIRE (n.k22) IS UNIQUE
CREATE CONSTRAINT c11 IF NOT EXISTS FOR (n:L3) REQUIRE (n.id) IS UNIQUE
CREATE CONSTRAINT c12 IF NOT EXISTS FOR (n:L4) REQUIRE (n.k23) IS UNIQUE
CREATE CONSTRAINT c13 IF NOT EXISTS FOR (n:L4) REQUIRE (n.k25) IS UNIQUE
CREATE INDEX i14 IF NOT EXISTS FOR (n:L0) ON (n.k3)
CREATE TEXT INDEX i15 IF NOT EXISTS FOR (n:L0) ON (n.k3)
CREATE INDEX i16 IF NOT EXISTS FOR (n:L0) ON (n.id)
CREATE INDEX i17 IF NOT EXISTS FOR (n:L1) ON (n.k8)
CREATE TEXT INDEX i18 IF NOT EXISTS FOR (n:L1) ON (n.k8)
CREATE INDEX i19 IF NOT EXISTS FOR (n:L1) ON (n.k10)
CREATE TEXT INDEX i20 IF NOT EXISTS FOR (n:L1) ON (n.k10)
CREATE INDEX i21 IF NOT EXISTS FOR (n:L1) ON (n.id)
CREATE INDEX i22 IF NOT EXISTS FOR (n:L2) ON (n.k12)
CREATE INDEX i23 IF NOT EXISTS FOR (n:L2) ON (n.k14)
CREATE TEXT INDEX i24 IF NOT EXISTS FOR (n:L2) ON (n.k14)
CREATE INDEX i25 IF NOT EXISTS FOR (n:L2) ON (n.id)
CREATE INDEX i26 IF NOT EXISTS FOR (n:L3) ON (n.k19)
CREATE INDEX i27 IF NOT EXISTS FOR (n:L3) ON (n.k20)
CREATE INDEX i28 IF NOT EXISTS FOR (n:L3) ON (n.k22)
CREATE INDEX i29 IF NOT EXISTS FOR (n:L3) ON (n.id)
CREATE INDEX i30 IF NOT EXISTS FOR (n:L4) ON (n.k23)
CREATE TEXT INDEX i31 IF NOT EXISTS FOR (n:L4) ON (n.k23)
CREATE INDEX i32 IF NOT EXISTS FOR (n:L4) ON (n.k25)
CREATE INDEX i33 IF NOT EXISTS FOR (n:L4) ON (n.k28)
CREATE INDEX i34 IF NOT EXISTS FOR (n:L4) ON (n.id)
CREATE INDEX i35 IF NOT EXISTS FOR (n:L5) ON (n.k32)
CREATE TEXT INDEX i36 IF NOT EXISTS FOR (n:L5) ON (n.k32)
CREATE INDEX i37 IF NOT EXISTS FOR (n:L5) ON (n.k34)
CREATE INDEX i38 IF NOT EXISTS FOR (n:L5) ON (n.id)
CREATE INDEX i39 IF NOT EXISTS FOR (n:L4) ON (n.k24, n.k23, n.k25)
CREATE CONSTRAINT c40 IF NOT EXISTS FOR (r:T0) REQUIRE (r.k41) IS UNIQUE
CREATE CONSTRAINT c41 IF NOT EXISTS FOR (r:T0) REQUIRE (r.id) IS UNIQUE
CREATE CONSTRAINT c42 IF NOT EXISTS FOR (r:T1) REQUIRE (r.k46) IS UNIQUE
CREATE CONSTRAINT c43 IF NOT EXISTS FOR (r:T1) REQUIRE (r.k47) IS UNIQUE
CREATE CONSTRAINT c44 IF NOT EXISTS FOR (r:T3) REQUIRE (r.k54) IS UNIQUE
CREATE CONSTRAINT c45 IF NOT EXISTS FOR (r:T4) REQUIRE (r.k59) IS UNIQUE
CREATE CONSTRAINT c46 IF NOT EXISTS FOR (r:T4) REQUIRE (r.k62) IS UNIQUE
CREATE CONSTRAINT c47 IF NOT EXISTS FOR (r:T4) REQUIRE (r.k63) IS UNIQUE
CREATE CONSTRAINT c48 IF NOT EXISTS FOR (r:T4) REQUIRE (r.id) IS UNIQUE
CREATE CONSTRAINT c49 IF NOT EXISTS FOR (r:T5) REQUIRE (r.k69) IS UNIQUE
CREATE CONSTRAINT c50 IF NOT EXISTS FOR (r:T5) REQUIRE (r.id) IS UNIQUE
CREATE CONSTRAINT c51 IF NOT EXISTS FOR (r:T6) REQUIRE (r.k72) IS UNIQUE
CREATE CONSTRAINT c52 IF NOT EXISTS FOR (r:T6) REQUIRE (r.id) IS UNIQUE
CREATE CONSTRAINT c53 IF NOT EXISTS FOR (r:T7) REQUIRE (r.k77) IS UNIQUE
CREATE CONSTRAINT c54 IF NOT EXISTS FOR (r:T7) REQUIRE (r.k79) IS UNIQUE
CREATE CONSTRAINT c55 IF NOT EXISTS FOR (r:T7) REQUIRE (r.id) IS UNIQUE
CREATE CONSTRAINT c56 IF NOT EXISTS FOR (r:T10) REQUIRE (r.k91) IS UNIQUE
CREATE CONSTRAINT c57 IF NOT EXISTS FOR (r:T10) REQUIRE (r.k96) IS UNIQUE
CREATE CONSTRAINT c58 IF NOT EXISTS FOR (r:T10) REQUIRE (r.id) IS UNIQUE
CREATE CONSTRAINT c59 IF NOT EXISTS FOR (r:T11) REQUIRE (r.k98) IS UNIQUE
CREATE CONSTRAINT c60 IF NOT EXISTS FOR (r:T11) REQUIRE (r.id) IS UNIQUE
CREATE CONSTRAINT c61 IF NOT EXISTS FOR (r:T12) REQUIRE (r.k106) IS UNIQUE
CREATE CONSTRAINT c62 IF NOT EXISTS FOR (r:T12) REQUIRE (r.id) IS UNIQUE
CREATE CONSTRAINT c63 IF NOT EXISTS FOR (r:T13) REQUIRE (r.k115) IS UNIQUE
CREATE CONSTRAINT c64 IF NOT EXISTS FOR (r:T13) REQUIRE (r.id) IS UNIQUE
CREATE CONSTRAINT c65 IF NOT EXISTS FOR (r:T15) REQUIRE (r.k122) IS UNIQUE
CREATE CONSTRAINT c66 IF NOT EXISTS FOR (r:T15) REQUIRE (r.id) IS UNIQUE
CREATE CONSTRAINT c67 IF NOT EXISTS FOR (r:T16) REQUIRE (r.k128) IS UNIQUE
CREATE CONSTRAINT c68 IF NOT EXISTS FOR (r:T16) REQUIRE (r.k132) IS UNIQUE
CREATE CONSTRAINT c69 IF NOT EXISTS FOR (r:T16) REQUIRE (r.id) IS UNIQUE
CREATE CONSTRAINT c70 IF NOT EXISTS FOR (r:T17) REQUIRE (r.k133) IS UNIQUE
CREATE CONSTRAINT c71 IF NOT EXISTS FOR (r:T17) REQUIRE (r.k136) IS UNIQUE
CREATE CONSTRAINT c72 IF NOT EXISTS FOR (r:T18) REQUIRE (r.k144) IS UNIQUE
CREATE CONSTRAINT c73 IF NOT EXISTS FOR (r:T18) REQUIRE (r.k145) IS UNIQUE
CREATE CONSTRAINT c74 IF NOT EXISTS FOR (r:T19) REQUIRE (r.k152) IS UNIQUE
CREATE CONSTRAINT c75 IF NOT EXISTS FOR (r:T19) REQUIRE (r.id) IS UNIQUE
CREATE CONSTRAINT c76 IF NOT EXISTS FOR (r:T20) REQUIRE (r.k154) IS UNIQUE
CREATE CONSTRAINT c77 IF NOT EXISTS FOR (r:T20) REQUIRE (r.k155) IS UNIQUE
CREATE CONSTRAINT c78 IF NOT EXISTS FOR (r:T20) REQUIRE (r.k159) IS UNIQUE
CREATE CONSTRAINT c79 IF NOT EXISTS FOR (r:T20) REQUIRE (r.id) IS UNIQUE
CREATE INDEX i80 IF NOT EXISTS FOR (n:T0) ON (n.k36)
CREATE TEXT INDEX i81 IF NOT EXISTS FOR (n:T0) ON (n.k36)
CREATE INDEX i82 IF NOT EXISTS FOR (n:T0) ON (n.k37)
CREATE INDEX i83 IF NOT EXISTS FOR (n:T0) ON (n.k38)
CREATE TEXT INDEX i84 IF NOT EXISTS FOR (n:T0) ON (n.k38)
CREATE INDEX i85 IF NOT EXISTS FOR (n:T0) ON (n.k39)
CREATE TEXT INDEX i86 IF NOT EXISTS FOR (n:T0) ON (n.k39)
CREATE INDEX i87 IF NOT EXISTS FOR (n:T0) ON (n.k40)
CREATE INDEX i88 IF NOT EXISTS FOR (n:T0) ON (n.k41)
CREATE INDEX i89 IF NOT EXISTS FOR (n:T0) ON (n.id)
CREATE INDEX i90 IF NOT EXISTS FOR (n:T1) ON (n.k43)
CREATE TEXT INDEX i91 IF NOT EXISTS FOR (n:T1) ON (n.k43)
CREATE INDEX i92 IF NOT EXISTS FOR (n:T1) ON (n.k44)
CREATE INDEX i93 IF NOT EXISTS FOR (n:T1) ON (n.k46)
CREATE TEXT INDEX i94 IF NOT EXISTS FOR (n:T1) ON (n.k46)
CREATE INDEX i95 IF NOT EXISTS FOR (n:T1) ON (n.k47)
CREATE TEXT INDEX i96 IF NOT EXISTS FOR (n:T1) ON (n.k47)
CREATE INDEX i97 IF NOT EXISTS FOR (n:T1) ON (n.id)
CREATE INDEX i98 IF NOT EXISTS FOR (n:T2) ON (n.id)
CREATE INDEX i99 IF NOT EXISTS FOR (n:T3) ON (n.k54)
CREATE TEXT INDEX i100 IF NOT EXISTS FOR (n:T3) ON (n.k54)
CREATE INDEX i101 IF NOT EXISTS FOR (n:T3) ON (n.id)
CREATE INDEX i102 IF NOT EXISTS FOR (n:T4) ON (n.k59)
CREATE INDEX i103 IF NOT EXISTS FOR (n:T4) ON (n.k61)
CREATE INDEX i104 IF NOT EXISTS FOR (n:T4) ON (n.k62)
CREATE TEXT INDEX i105 IF NOT EXISTS FOR (n:T4) ON (n.k62)
CREATE INDEX i106 IF NOT EXISTS FOR (n:T4) ON (n.k63)
CREATE INDEX i107 IF NOT EXISTS FOR (n:T4) ON (n.id)
CREATE INDEX i108 IF NOT EXISTS FOR (n:T5) ON (n.k69)
CREATE TEXT INDEX i109 IF NOT EXISTS FOR (n:T5) ON (n.k69)
CREATE INDEX i110 IF NOT EXISTS FOR (n:T5) ON (n.id)
CREATE INDEX i111 IF NOT EXISTS FOR (n:T6) ON (n.k72)
CREATE INDEX i112 IF NOT EXISTS FOR (n:T6) ON (n.k75)
CREATE INDEX i113 IF NOT EXISTS FOR (n:T6) ON (n.id)
CREATE INDEX i114 IF NOT EXISTS FOR (n:T7) ON (n.k76)
CREATE INDEX i115 IF NOT EXISTS FOR (n:T7) ON (n.k77)
CREATE INDEX i116 IF NOT EXISTS FOR (n:T7) ON (n.k79)
CREATE INDEX i117 IF NOT EXISTS FOR (n:T7) ON (n.id)
CREATE INDEX i118 IF NOT EXISTS FOR (n:T8) ON (n.k82)
CREATE TEXT INDEX i119 IF NOT EXISTS FOR (n:T8) ON (n.k82)
CREATE INDEX i120 IF NOT EXISTS FOR (n:T8) ON (n.id)
CREATE INDEX i121 IF NOT EXISTS FOR (n:T9) ON (n.k89)
CREATE INDEX i122 IF NOT EXISTS FOR (n:T9) ON (n.id)
CREATE INDEX i123 IF NOT EXISTS FOR (n:T10) ON (n.k91)
CREATE TEXT INDEX i124 IF NOT EXISTS FOR (n:T10) ON (n.k91)
CREATE INDEX i125 IF NOT EXISTS FOR (n:T10) ON (n.k92)
CREATE INDEX i126 IF NOT EXISTS FOR (n:T10) ON (n.k93)
CREATE INDEX i127 IF NOT EXISTS FOR (n:T10) ON (n.k94)
CREATE INDEX i128 IF NOT EXISTS FOR (n:T10) ON (n.k96)
CREATE INDEX i129 IF NOT EXISTS FOR (n:T10) ON (n.id)
CREATE INDEX i130 IF NOT EXISTS FOR (n:T11) ON (n.k98)
CREATE TEXT INDEX i131 IF NOT EXISTS FOR (n:T11) ON (n.k98)
CREATE INDEX i132 IF NOT EXISTS FOR (n:T11) ON (n.k101)
CREATE INDEX i133 IF NOT EXISTS FOR (n:T11) ON (n.k103)
CREATE TEXT INDEX i134 IF NOT EXISTS FOR (n:T11) ON (n.k103)
CREATE INDEX i135 IF NOT EXISTS FOR (n:T11) ON (n.id)
CREATE INDEX i136 IF NOT EXISTS FOR (n:T12) ON (n.k106)
CREATE TEXT INDEX i137 IF NOT EXISTS FOR (n:T12) ON (n.k106)
CREATE INDEX i138 IF NOT EXISTS FOR (n:T12) ON (n.id)
CREATE INDEX i139 IF NOT EXISTS FOR (n:T13) ON (n.k111)
CREATE INDEX i140 IF NOT EXISTS FOR (n:T13) ON (n.k115)
CREATE INDEX i141 IF NOT EXISTS FOR (n:T13) ON (n.id)
CREATE INDEX i142 IF NOT EXISTS FOR (n:T14) ON (n.k119)
CREATE INDEX i143 IF NOT EXISTS FOR (n:T14) ON (n.k120)
CREATE TEXT INDEX i144 IF NOT EXISTS FOR (n:T14) ON (n.k120)
CREATE INDEX i145 IF NOT EXISTS FOR (n:T14) ON (n.id)
CREATE INDEX i146 IF NOT EXISTS FOR (n:T15) ON (n.k122)
CREATE TEXT INDEX i147 IF NOT EXISTS FOR (n:T15) ON (n.k122)
CREATE INDEX i148 IF NOT EXISTS FOR (n:T15) ON (n.k123)
CREATE INDEX i149 IF NOT EXISTS FOR (n:T15) ON (n.id)
CREATE INDEX i150 IF NOT EXISTS FOR (n:T16) ON (n.k127)
CREATE TEXT INDEX i151 IF NOT EXISTS FOR (n:T16) ON (n.k127)
CREATE INDEX i152 IF NOT EXISTS FOR (n:T16) ON (n.k128)
CREATE TEXT INDEX i153 IF NOT EXISTS FOR (n:T16) ON (n.k128)
CREATE INDEX i154 IF NOT EXISTS FOR (n:T16) ON (n.k132)
CREATE INDEX i155 IF NOT EXISTS FOR (n:T16) ON (n.id)
CREATE INDEX i156 IF NOT EXISTS FOR (n:T17) ON (n.k133)
CREATE TEXT INDEX i157 IF NOT EXISTS FOR (n:T17) ON (n.k133)
CREATE INDEX i158 IF NOT EXISTS FOR (n:T17) ON (n.k135)
CREATE TEXT INDEX i159 IF NOT EXISTS FOR (n:T17) ON (n.k135)
CREATE INDEX i160 IF NOT EXISTS FOR (n:T17) ON (n.k136)
CREATE TEXT INDEX i161 IF NOT EXISTS FOR (n:T17) ON (n.k136)
CREATE INDEX i162 IF NOT EXISTS FOR (n:T17) ON (n.id)
CREATE INDEX i163 IF NOT EXISTS FOR (n:T18) ON (n.k144)
CREATE TEXT INDEX i164 IF NOT EXISTS FOR (n:T18) ON (n.k144)
CREATE INDEX i165 IF NOT EXISTS FOR (n:T18) ON (n.k145)
CREATE TEXT INDEX i166 IF NOT EXISTS FOR (n:T18) ON (n.k145)
CREATE INDEX i167 IF NOT EXISTS FOR (n:T18) ON (n.id)
CREATE INDEX i168 IF NOT EXISTS FOR (n:T19) ON (n.k152)
CREATE INDEX i169 IF NOT EXISTS FOR (n:T19) ON (n.k153)
CREATE INDEX i170 IF NOT EXISTS FOR (n:T19) ON (n.id)
CREATE INDEX i171 IF NOT EXISTS FOR (n:T20) ON (n.k154)
CREATE INDEX i172 IF NOT EXISTS FOR (n:T20) ON (n.k155)
CREATE INDEX i173 IF NOT EXISTS FOR (n:T20) ON (n.k159)
CREATE INDEX i174 IF NOT EXISTS FOR (n:T20) ON (n.id)
CREATE CONSTRAINT c175 IF NOT EXISTS FOR (r:T4) REQUIRE (r.k62, r.k63, r.k59) IS UNIQUE
CREATE INDEX i176 IF NOT EXISTS FOR (r:T5) ON (r.k66, r.k68, r.k69)
CREATE INDEX i177 IF NOT EXISTS FOR (r:T12) ON (r.k105, r.k109, r.k108)
CREATE INDEX i178 IF NOT EXISTS FOR (r:T13) ON (r.k110, r.k112, r.k111, r.k116)
CREATE INDEX i179 IF NOT EXISTS FOR (r:T15) ON (r.k123, r.k122)
CREATE INDEX i180 IF NOT EXISTS FOR (r:T16) ON (r.k130, r.k128)
CREATE INDEX i181 IF NOT EXISTS FOR (r:T17) ON (r.k134, r.k133, r.k136, r.k135, r.k137, r.k139)
CREATE INDEX i182 IF NOT EXISTS FOR (r:T18) ON (r.k141, r.k143, r.k142, r.k144, r.k146)
CREATE CONSTRAINT c183 IF NOT EXISTS FOR (r:T20) REQUIRE (r.k154, r.k155) IS UNIQUE
CREATE (n0 :L2{k16 : true, id : 0, k13 : false, k12 : 8771651212049481474, k15 : false, k14 : "pAuFb8tuY"})
CREATE (n0 :L2{k16 : true, k11 : false, id : 1, k13 : true, k15 : true, k14 : "0jegl5"})
CREATE (n0 :L0{k0 : true, k1 : false, k2 : 1579757984065505877, k3 : "e1swc", k4 : false, id : 2})
CREATE (n0 {id : 3})
CREATE (n0 :L2:L0{k0 : true, k1 : true, k2 : 7496685639847904573, k3 : "SAji7Fd9i", k4 : true, k11 : false, id : 4, k13 : true, k12 : 4753154042769823092, k15 : true, k14 : "RKOLZNFEF"})
CREATE (n0 :L4:L0{k28 : -6589240670721277185, k27 : false, k0 : true, k1 : false, k2 : -1660394700519474947, k3 : "BGf2n", k4 : true, id : 5, k24 : "zpaXgM1hy", k23 : "46Aw8uoB", k26 : false, k25 : 8142818899112556886})
CREATE (n0 :L3{k17 : 926762567957548961, k19 : -3740213728539245789, k18 : true, k20 : 4884088270088468939, k22 : 6271402317283110837, k21 : "xfCIofqlc", id : 6})
CREATE (n0 :L0:L3{k17 : -3955131048664778750, k19 : -5988897958894373340, k18 : false, k1 : false, k2 : 1071474790749573295, k3 : "Jkwsc9", k20 : -4391149558839916492, k4 : false, k22 : 6493982699703414903, id : 7, k21 : "ld7GTMwz8"})
CREATE (n0 {id : 8})
CREATE (n0 {id : 9})
CREATE (n0 {id : 10})
CREATE (n0 :L1{k5 : true, k6 : -2918875583675262297, k10 : "hkIzg", id : 11, k7 : false, k8 : "lHFhEWs", k9 : "ID8Ziz6"})
CREATE (n0 :L4{k28 : -4649872294108891663, k27 : false, id : 12, k24 : "eX3sywE0", k23 : "1ctKcXgA", k25 : -1911963655575423146})
MATCH (n0 {id : 2}), (n1 {id : 10}) MERGE(n0)-[r :T3{k53 : true, k55 : true, k54 : "YwqRj", id : 13, k57 : true, k56 : false, k58 : false}]->(n1)
MATCH (n0 {id : 11}), (n1 {id : 6}) MERGE(n0)-[r :T20{k154 : 6456166725267957986, k156 : true, k155 : 3090905636872138259, k158 : -1660173224662574577, k157 : -7292314744781388468, k159 : 6113367927970478989, id : 14}]->(n1)
MATCH (n0 {id : 5}), (n1 {id : 9}) MERGE(n0)-[r :T11{k101 : 7180884421979103815, k100 : false, k103 : "pVRgdLtf", k102 : "brw3GHXh6", k99 : false, k98 : "RfKChlj", k104 : "qvNbvkQd", id : 15}]->(n1)
MATCH (n0 {id : 3}), (n1 {id : 8}) MERGE(n0)-[r :T18{k141 : true, k140 : false, k143 : "v3LJHov", k142 : true, k145 : "qCVQqoAJE", k144 : "wQQECnz", k146 : "EGPJW", id : 16}]->(n1)
MATCH (n0 {id : 8}), (n1 {id : 4}) MERGE(n0)-[r :T3{k53 : true, k55 : false, k54 : "4GwNxCRX", id : 17, k57 : false, k56 : false, k58 : true}]->(n1)
MATCH (n0 {id : 1}), (n1 {id : 8}) MERGE(n0)-[r :T18{k141 : false, k140 : false, k142 : true, k145 : "GCDZgp", k144 : "w3H0MOjj", k146 : "gG4iYOc7", id : 18}]->(n1)
MATCH (n0 {id : 10}), (n1 {id : 9}) MERGE(n0)-[r :T17{k134 : true, k133 : "ZFeXD", k136 : "aEaEPU0", k135 : "9KU8Z", k138 : false, k137 : false, id : 19, k139 : 1934005188585672794}]->(n1)
MATCH (n0 {id : 1}), (n1 {id : 10}) MERGE(n0)-[r :T4{k60 : false, k62 : "SFBikE", k61 : -7235554312067688121, k64 : "ptOUO3ThV", k63 : 2803414398920930603, k65 : "EbmrG8hI", id : 20, k59 : -65646986300088133}]->(n1)
MATCH (n0 {id : 3}), (n1 {id : 11}) MERGE(n0)-[r :T17{k134 : true, k133 : "qSAa0oIP", k136 : "76WpAiuK", k135 : "nTHU00G", k138 : true, k137 : false, id : 21, k139 : -1992188473099653799}]->(n1)
MATCH (n0 {id : 11}), (n1 {id : 0}) MERGE(n0)-[r :T0{k39 : "ORASc8RJu", k38 : "JdT8eZ", k40 : -7758347557547202418, k41 : -1672287241052180585, id : 22, k35 : -1966481764989974381, k37 : 700328738341476056, k36 : "gamIO"}]->(n1)
MATCH (n0 {id : 5}), (n1 {id : 6}) MERGE(n0)-[r :T11{k101 : -6759328084107424449, k100 : false, k103 : "BTvXfBi", k102 : "fa7g7Wh", k99 : false, k98 : "hUhq308w1", k104 : "ZaFapO5", id : 23}]->(n1)
MATCH (n0 {id : 7}), (n1 {id : 8}) MERGE(n0)-[r :T1{k42 : 3483822359769967160, k44 : 4455086848649454576, k43 : "NpbpG", id : 24, k46 : "BiWDC", k45 : true, k47 : "i6Zb3E"}]->(n1)
MATCH (n0 {id : 9}), (n1 {id : 11}) MERGE(n0)-[r :T10{k91 : "cVZYS", k93 : 8906253342766565015, k92 : -7733276604220798405, k95 : "Tqq4AEcw", k94 : -344330794199687634, k97 : "K1vwacAC", k96 : -3339502142601256508, id : 25}]->(n1)
MATCH (n0 {id : 8}), (n1 {id : 11}) MERGE(n0)-[r :T14{k121 : true, k120 : "mqW4XUkSm", id : 26, k118 : 6203299131681824822, k117 : false, k119 : -1875456059003357514}]->(n1)
MATCH (n0 {id : 2}), (n1 {id : 11}) MERGE(n0)-[r :T16{k130 : 459187858424847038, k132 : 39119373325905915, k131 : true, k127 : "WUHj7", id : 27, k129 : "AntmIS", k128 : "5xbrneHKJ"}]->(n1)
MATCH (n0 {id : 10}), (n1 {id : 6}) MERGE(n0)-[r :T6{k71 : false, k73 : "3xOHKt", k72 : 8273728477983619113, k75 : -3648367377440191073, k74 : -6580939112904427723, id : 28}]->(n1)
MATCH (n0 {id : 0}), (n1 {id : 1}) MERGE(n0)-[r :T6{k71 : true, k73 : "X5CyKl", k72 : 3938125456201453537, k75 : -1075318112970127297, k74 : -7162089716850812560, id : 29}]->(n1)
MATCH (n0 {id : 3}), (n1 {id : 1}) MERGE(n0)-[r :T11{k101 : 4922397613854381736, k103 : "dUB30x4Wh", k102 : "mbeU2O", k99 : false, k98 : "oqIyXTd8u", k104 : "3duXLL", id : 30}]->(n1)
MATCH (n0 {id : 3}), (n1 {id : 4}) MERGE(n0)-[r :T1{k42 : 3705894326234016028, k44 : -8482411835277651801, k43 : "k5tOp9NRN", id : 31, k46 : "uwvbr293", k45 : false, k47 : "cByqgjc4V"}]->(n1)
MATCH (n0 {id : 12}), (n1 {id : 3}) MERGE(n0)-[r :T4{k60 : true, k62 : "B9p65AiLv", k61 : -3725279715142984018, k64 : "XIEfvB", k63 : -2488789428916588290, k65 : "6N5vmI", id : 32, k59 : 1076118400303941144}]->(n1)
MATCH (n0 {id : 9}), (n1 {id : 9}) MERGE(n0)-[r :T4{k60 : true, k62 : "jCbvov3in", k61 : -5507670582723871838, k64 : "V9YD4NC", k63 : 5016859054573707343, k65 : "pSylCe", id : 33, k59 : 5670826534678990466}]->(n1)
MATCH (n0 {id : 10}), (n1 {id : 12}) MERGE(n0)-[r :T14{k121 : true, k120 : "K4h2a1Q", id : 34, k118 : 2060656741143831833, k117 : false}]->(n1)
MATCH (n0 {id : 3}), (n1 {id : 1}) MERGE(n0)-[r :T8{k82 : "VVvQdPK", k81 : "koiJk", k84 : "Re4Gx5q", k83 : "XhAv6j22m", k85 : false, id : 35}]->(n1)
MATCH (n0 {id : 8}), (n1 {id : 2}) MERGE(n0)-[r :T9{k90 : 91277314582821514, k86 : "kMolw6jZ", k88 : "CiHhbl", k87 : false, id : 36, k89 : -549364270394568164}]->(n1)
MATCH (n0{id:3})-[r0 :T18]->(n1)-[r1 :T3]-(n2 :L2 :L0), (n3 :L3)-[r2 :T11]-(n4 :L4 :L0{k3:'BGf2n'}), (n3{k21:'xfCIofqlc'})<-[r3 :T6]-(n5{id:10})-[r4 :T3]-(n6 :L0)-[r5 :T9]-(n1{id:8})<-[r6 :T18]-(n7 :L2{k16:true})-[r7 :T8]-(n0) WHERE ((((((((((n7.id) <> (n4.k25)) OR ((n3.id) <= (r3.k72))) OR (2052922786 >= -563176701912765506)) AND (('qYRwDaRYM' STARTS WITH 'qYRwDaRY') OR (((r2.k102) = (r2.k102)) OR ((n7.k15) = true)))) AND (NOT ((r3.k74) = (r2.k101)))) AND (((r4.k57) = true) OR ((((r0.k140) = true) AND (((r4.id) = (r7.id)) AND ((n6.k1) = true))) OR (NOT (((n3.k21)+(r6.k144)) STARTS WITH (n3.k21)))))) AND ((r0.id) <> (r1.id))) AND ((r0.id) <> (r2.id))) AND (((((((((((((((((n0.id) = 3) AND ((((((r0.k145) CONTAINS 'CVQqo') AND ((r0.k144) = 'wQQECnz')) AND (((r0.k146) > 'EGPIW') AND ((r0.k146) < 'EGPKW'))) AND ((r0.id) = 16)) AND ((r0.id) = 16))) AND ((n1.id) = 8)) AND ((((((r1.id) = 17) AND ((r1.id) = 17)) AND ((r1.id) = 17)) AND (((r1.k54) > '4GwNxCRW') AND ((r1.k54) < '4GwNxCRY'))) AND ((r1.id) = 17))) AND ((n2.k14) STARTS WITH 'RKOLZNF')) AND (((n3.k20) >= 4884088270088468937) AND ((n3.k20) <= 4884088270088468941))) AND (((r2.id) = 23) AND ((r2.k102) STARTS WITH 'fa7g7'))) AND (((n4.k28) > -6589240670721277187) AND ((n4.k28) < -6589240670721277183))) AND ((n3.id) = 6)) AND ((r3.id) = 28)) AND ((r4.id) = 13)) AND ((((r5.k89) > -549364270394568166) AND ((r5.k89) < -549364270394568162)) AND (((r5.k90) >= 91277314582821512) AND ((r5.k90) <= 91277314582821516)))) AND ((n1.id) = 8)) AND ((r6.k144) ENDS WITH 'w3H0MOjj')) AND (((((r7.id) = 35) AND ((r7.id) = 35)) AND ((r7.k83) CONTAINS 'Av6j2')) AND ((r7.k84) STARTS WITH 'Re4Gx'))) AND ((n0.id) = 3))) UNWIND [731200618, (n4.k2)] AS a0 UNWIND [(((r0.k144)+(r5.k86))+(r7.k81)), (((r2.k103)+(r6.k145))+((r6.k144)+(r7.k84)))] AS a1 RETURN toInteger(true) AS a2
java.lang.NoClassDefFoundError: com/kuzudb/KuzuObjectRefDestroyedException
	at org.example.gqs.cypher.standard_ast.Return.getActualResult(Return.java:386)
	at org.example.gqs.cypher.oracle.DifferentialNonEmptyBranchOracle.check(DifferentialNonEmptyBranchOracle.java:806)
	at org.example.gqs.cypher.algorithm.Compared3AlgorithmNew.generateAndTestDatabase(Compared3AlgorithmNew.java:238)
	at org.example.gqs.cypher.CypherProviderAdapter.generateAndTestDatabase(CypherProviderAdapter.java:56)
	at org.example.gqs.cypher.CypherProviderAdapter.generateAndTestDatabase(CypherProviderAdapter.java:1)
	at org.example.gqs.Main$DBMSExecutor.run(Main.java:409)
	at org.example.gqs.Main$2.run(Main.java:1115)
	at org.example.gqs.Main$2.runThread(Main.java:1092)
	at org.example.gqs.Main$2.run(Main.java:1013)
	at java.base/java.util.concurrent.ThreadPoolExecutor.runWorker(ThreadPoolExecutor.java:1144)
	at java.base/java.util.concurrent.ThreadPoolExecutor$Worker.run(ThreadPoolExecutor.java:642)
	at java.base/java.lang.Thread.run(Thread.java:1583)
Caused by: java.lang.ClassNotFoundException: com.kuzudb.KuzuObjectRefDestroyedException
	at java.base/jdk.internal.loader.BuiltinClassLoader.loadClass(BuiltinClassLoader.java:641)
	at java.base/jdk.internal.loader.ClassLoaders$AppClassLoader.loadClass(ClassLoaders.java:188)
	at java.base/java.lang.ClassLoader.loadClass(ClassLoader.java:526)
	... 12 more
--java.lang.NoClassDefFoundError: com/kuzudb/KuzuObjectRefDestroyedException
--	at org.example.gqs.cypher.standard_ast.Return.getActualResult(Return.java:386)
--	at org.example.gqs.cypher.oracle.DifferentialNonEmptyBranchOracle.check(DifferentialNonEmptyBranchOracle.java:806)
--	at org.example.gqs.cypher.algorithm.Compared3AlgorithmNew.generateAndTestDatabase(Compared3AlgorithmNew.java:238)
--	at org.example.gqs.cypher.CypherProviderAdapter.generateAndTestDatabase(CypherProviderAdapter.java:56)
--	at org.example.gqs.cypher.CypherProviderAdapter.generateAndTestDatabase(CypherProviderAdapter.java:1)
--	at org.example.gqs.Main$DBMSExecutor.run(Main.java:409)
--	at org.example.gqs.Main$2.run(Main.java:1115)
--	at org.example.gqs.Main$2.runThread(Main.java:1092)
--	at org.example.gqs.Main$2.run(Main.java:1013)
--	at java.base/java.util.concurrent.ThreadPoolExecutor.runWorker(ThreadPoolExecutor.java:1144)
--	at java.base/java.util.concurrent.ThreadPoolExecutor$Worker.run(ThreadPoolExecutor.java:642)
--	at java.base/java.lang.Thread.run(Thread.java:1583)
--Caused by: java.lang.ClassNotFoundException: com.kuzudb.KuzuObjectRefDestroyedException
--	at java.base/jdk.internal.loader.BuiltinClassLoader.loadClass(BuiltinClassLoader.java:641)
--	at java.base/jdk.internal.loader.ClassLoaders$AppClassLoader.loadClass(ClassLoaders.java:188)
--	at java.base/java.lang.ClassLoader.loadClass(ClassLoader.java:526)
--	... 12 more
--
-- Time: 2026/03/30 16:59:32
-- Database: neo4jdatabase0-1774882739746-0
-- seed value: 1774882739746
CREATE CONSTRAINT c0 IF NOT EXISTS FOR (n:L0) REQUIRE (n.k3) IS UNIQUE
CREATE CONSTRAINT c1 IF NOT EXISTS FOR (n:L0) REQUIRE (n.id) IS UNIQUE
CREATE CONSTRAINT c2 IF NOT EXISTS FOR (n:L1) REQUIRE (n.k8) IS UNIQUE
CREATE CONSTRAINT c3 IF NOT EXISTS FOR (n:L1) REQUIRE (n.k10) IS UNIQUE
CREATE CONSTRAINT c4 IF NOT EXISTS FOR (n:L1) REQUIRE (n.id) IS UNIQUE
CREATE CONSTRAINT c5 IF NOT EXISTS FOR (n:L2) REQUIRE (n.k12) IS UNIQUE
CREATE CONSTRAINT c6 IF NOT EXISTS FOR (n:L2) REQUIRE (n.k14) IS UNIQUE
CREATE CONSTRAINT c7 IF NOT EXISTS FOR (n:L2) REQUIRE (n.id) IS UNIQUE
CREATE CONSTRAINT c8 IF NOT EXISTS FOR (n:L3) REQUIRE (n.k19) IS UNIQUE
CREATE CONSTRAINT c9 IF NOT EXISTS FOR (n:L3) REQUIRE (n.k20) IS UNIQUE
CREATE CONSTRAINT c10 IF NOT EXISTS FOR (n:L3) REQUIRE (n.k22) IS UNIQUE
CREATE CONSTRAINT c11 IF NOT EXISTS FOR (n:L3) REQUIRE (n.id) IS UNIQUE
CREATE CONSTRAINT c12 IF NOT EXISTS FOR (n:L4) REQUIRE (n.k23) IS UNIQUE
CREATE CONSTRAINT c13 IF NOT EXISTS FOR (n:L4) REQUIRE (n.k25) IS UNIQUE
CREATE INDEX i14 IF NOT EXISTS FOR (n:L0) ON (n.k3)
CREATE TEXT INDEX i15 IF NOT EXISTS FOR (n:L0) ON (n.k3)
CREATE INDEX i16 IF NOT EXISTS FOR (n:L0) ON (n.id)
CREATE INDEX i17 IF NOT EXISTS FOR (n:L1) ON (n.k8)
CREATE TEXT INDEX i18 IF NOT EXISTS FOR (n:L1) ON (n.k8)
CREATE INDEX i19 IF NOT EXISTS FOR (n:L1) ON (n.k10)
CREATE TEXT INDEX i20 IF NOT EXISTS FOR (n:L1) ON (n.k10)
CREATE INDEX i21 IF NOT EXISTS FOR (n:L1) ON (n.id)
CREATE INDEX i22 IF NOT EXISTS FOR (n:L2) ON (n.k12)
CREATE INDEX i23 IF NOT EXISTS FOR (n:L2) ON (n.k14)
CREATE TEXT INDEX i24 IF NOT EXISTS FOR (n:L2) ON (n.k14)
CREATE INDEX i25 IF NOT EXISTS FOR (n:L2) ON (n.id)
CREATE INDEX i26 IF NOT EXISTS FOR (n:L3) ON (n.k19)
CREATE INDEX i27 IF NOT EXISTS FOR (n:L3) ON (n.k20)
CREATE INDEX i28 IF NOT EXISTS FOR (n:L3) ON (n.k22)
CREATE INDEX i29 IF NOT EXISTS FOR (n:L3) ON (n.id)
CREATE INDEX i30 IF NOT EXISTS FOR (n:L4) ON (n.k23)
CREATE TEXT INDEX i31 IF NOT EXISTS FOR (n:L4) ON (n.k23)
CREATE INDEX i32 IF NOT EXISTS FOR (n:L4) ON (n.k25)
CREATE INDEX i33 IF NOT EXISTS FOR (n:L4) ON (n.k28)
CREATE INDEX i34 IF NOT EXISTS FOR (n:L4) ON (n.id)
CREATE INDEX i35 IF NOT EXISTS FOR (n:L5) ON (n.k32)
CREATE TEXT INDEX i36 IF NOT EXISTS FOR (n:L5) ON (n.k32)
CREATE INDEX i37 IF NOT EXISTS FOR (n:L5) ON (n.k34)
CREATE INDEX i38 IF NOT EXISTS FOR (n:L5) ON (n.id)
CREATE INDEX i39 IF NOT EXISTS FOR (n:L4) ON (n.k24, n.k23, n.k25)
CREATE CONSTRAINT c40 IF NOT EXISTS FOR (r:T0) REQUIRE (r.k41) IS UNIQUE
CREATE CONSTRAINT c41 IF NOT EXISTS FOR (r:T0) REQUIRE (r.id) IS UNIQUE
CREATE CONSTRAINT c42 IF NOT EXISTS FOR (r:T1) REQUIRE (r.k46) IS UNIQUE
CREATE CONSTRAINT c43 IF NOT EXISTS FOR (r:T1) REQUIRE (r.k47) IS UNIQUE
CREATE CONSTRAINT c44 IF NOT EXISTS FOR (r:T3) REQUIRE (r.k54) IS UNIQUE
CREATE CONSTRAINT c45 IF NOT EXISTS FOR (r:T4) REQUIRE (r.k59) IS UNIQUE
CREATE CONSTRAINT c46 IF NOT EXISTS FOR (r:T4) REQUIRE (r.k62) IS UNIQUE
CREATE CONSTRAINT c47 IF NOT EXISTS FOR (r:T4) REQUIRE (r.k63) IS UNIQUE
CREATE CONSTRAINT c48 IF NOT EXISTS FOR (r:T4) REQUIRE (r.id) IS UNIQUE
CREATE CONSTRAINT c49 IF NOT EXISTS FOR (r:T5) REQUIRE (r.k69) IS UNIQUE
CREATE CONSTRAINT c50 IF NOT EXISTS FOR (r:T5) REQUIRE (r.id) IS UNIQUE
CREATE CONSTRAINT c51 IF NOT EXISTS FOR (r:T6) REQUIRE (r.k72) IS UNIQUE
CREATE CONSTRAINT c52 IF NOT EXISTS FOR (r:T6) REQUIRE (r.id) IS UNIQUE
CREATE CONSTRAINT c53 IF NOT EXISTS FOR (r:T7) REQUIRE (r.k77) IS UNIQUE
CREATE CONSTRAINT c54 IF NOT EXISTS FOR (r:T7) REQUIRE (r.k79) IS UNIQUE
CREATE CONSTRAINT c55 IF NOT EXISTS FOR (r:T7) REQUIRE (r.id) IS UNIQUE
CREATE CONSTRAINT c56 IF NOT EXISTS FOR (r:T10) REQUIRE (r.k91) IS UNIQUE
CREATE CONSTRAINT c57 IF NOT EXISTS FOR (r:T10) REQUIRE (r.k96) IS UNIQUE
CREATE CONSTRAINT c58 IF NOT EXISTS FOR (r:T10) REQUIRE (r.id) IS UNIQUE
CREATE CONSTRAINT c59 IF NOT EXISTS FOR (r:T11) REQUIRE (r.k98) IS UNIQUE
CREATE CONSTRAINT c60 IF NOT EXISTS FOR (r:T11) REQUIRE (r.id) IS UNIQUE
CREATE CONSTRAINT c61 IF NOT EXISTS FOR (r:T12) REQUIRE (r.k106) IS UNIQUE
CREATE CONSTRAINT c62 IF NOT EXISTS FOR (r:T12) REQUIRE (r.id) IS UNIQUE
CREATE CONSTRAINT c63 IF NOT EXISTS FOR (r:T13) REQUIRE (r.k115) IS UNIQUE
CREATE CONSTRAINT c64 IF NOT EXISTS FOR (r:T13) REQUIRE (r.id) IS UNIQUE
CREATE CONSTRAINT c65 IF NOT EXISTS FOR (r:T15) REQUIRE (r.k122) IS UNIQUE
CREATE CONSTRAINT c66 IF NOT EXISTS FOR (r:T15) REQUIRE (r.id) IS UNIQUE
CREATE CONSTRAINT c67 IF NOT EXISTS FOR (r:T16) REQUIRE (r.k128) IS UNIQUE
CREATE CONSTRAINT c68 IF NOT EXISTS FOR (r:T16) REQUIRE (r.k132) IS UNIQUE
CREATE CONSTRAINT c69 IF NOT EXISTS FOR (r:T16) REQUIRE (r.id) IS UNIQUE
CREATE CONSTRAINT c70 IF NOT EXISTS FOR (r:T17) REQUIRE (r.k133) IS UNIQUE
CREATE CONSTRAINT c71 IF NOT EXISTS FOR (r:T17) REQUIRE (r.k136) IS UNIQUE
CREATE CONSTRAINT c72 IF NOT EXISTS FOR (r:T18) REQUIRE (r.k144) IS UNIQUE
CREATE CONSTRAINT c73 IF NOT EXISTS FOR (r:T18) REQUIRE (r.k145) IS UNIQUE
CREATE CONSTRAINT c74 IF NOT EXISTS FOR (r:T19) REQUIRE (r.k152) IS UNIQUE
CREATE CONSTRAINT c75 IF NOT EXISTS FOR (r:T19) REQUIRE (r.id) IS UNIQUE
CREATE CONSTRAINT c76 IF NOT EXISTS FOR (r:T20) REQUIRE (r.k154) IS UNIQUE
CREATE CONSTRAINT c77 IF NOT EXISTS FOR (r:T20) REQUIRE (r.k155) IS UNIQUE
CREATE CONSTRAINT c78 IF NOT EXISTS FOR (r:T20) REQUIRE (r.k159) IS UNIQUE
CREATE CONSTRAINT c79 IF NOT EXISTS FOR (r:T20) REQUIRE (r.id) IS UNIQUE
CREATE INDEX i80 IF NOT EXISTS FOR (n:T0) ON (n.k36)
CREATE TEXT INDEX i81 IF NOT EXISTS FOR (n:T0) ON (n.k36)
CREATE INDEX i82 IF NOT EXISTS FOR (n:T0) ON (n.k37)
CREATE INDEX i83 IF NOT EXISTS FOR (n:T0) ON (n.k38)
CREATE TEXT INDEX i84 IF NOT EXISTS FOR (n:T0) ON (n.k38)
CREATE INDEX i85 IF NOT EXISTS FOR (n:T0) ON (n.k39)
CREATE TEXT INDEX i86 IF NOT EXISTS FOR (n:T0) ON (n.k39)
CREATE INDEX i87 IF NOT EXISTS FOR (n:T0) ON (n.k40)
CREATE INDEX i88 IF NOT EXISTS FOR (n:T0) ON (n.k41)
CREATE INDEX i89 IF NOT EXISTS FOR (n:T0) ON (n.id)
CREATE INDEX i90 IF NOT EXISTS FOR (n:T1) ON (n.k43)
CREATE TEXT INDEX i91 IF NOT EXISTS FOR (n:T1) ON (n.k43)
CREATE INDEX i92 IF NOT EXISTS FOR (n:T1) ON (n.k44)
CREATE INDEX i93 IF NOT EXISTS FOR (n:T1) ON (n.k46)
CREATE TEXT INDEX i94 IF NOT EXISTS FOR (n:T1) ON (n.k46)
CREATE INDEX i95 IF NOT EXISTS FOR (n:T1) ON (n.k47)
CREATE TEXT INDEX i96 IF NOT EXISTS FOR (n:T1) ON (n.k47)
CREATE INDEX i97 IF NOT EXISTS FOR (n:T1) ON (n.id)
CREATE INDEX i98 IF NOT EXISTS FOR (n:T2) ON (n.id)
CREATE INDEX i99 IF NOT EXISTS FOR (n:T3) ON (n.k54)
CREATE TEXT INDEX i100 IF NOT EXISTS FOR (n:T3) ON (n.k54)
CREATE INDEX i101 IF NOT EXISTS FOR (n:T3) ON (n.id)
CREATE INDEX i102 IF NOT EXISTS FOR (n:T4) ON (n.k59)
CREATE INDEX i103 IF NOT EXISTS FOR (n:T4) ON (n.k61)
CREATE INDEX i104 IF NOT EXISTS FOR (n:T4) ON (n.k62)
CREATE TEXT INDEX i105 IF NOT EXISTS FOR (n:T4) ON (n.k62)
CREATE INDEX i106 IF NOT EXISTS FOR (n:T4) ON (n.k63)
CREATE INDEX i107 IF NOT EXISTS FOR (n:T4) ON (n.id)
CREATE INDEX i108 IF NOT EXISTS FOR (n:T5) ON (n.k69)
CREATE TEXT INDEX i109 IF NOT EXISTS FOR (n:T5) ON (n.k69)
CREATE INDEX i110 IF NOT EXISTS FOR (n:T5) ON (n.id)
CREATE INDEX i111 IF NOT EXISTS FOR (n:T6) ON (n.k72)
CREATE INDEX i112 IF NOT EXISTS FOR (n:T6) ON (n.k75)
CREATE INDEX i113 IF NOT EXISTS FOR (n:T6) ON (n.id)
CREATE INDEX i114 IF NOT EXISTS FOR (n:T7) ON (n.k76)
CREATE INDEX i115 IF NOT EXISTS FOR (n:T7) ON (n.k77)
CREATE INDEX i116 IF NOT EXISTS FOR (n:T7) ON (n.k79)
CREATE INDEX i117 IF NOT EXISTS FOR (n:T7) ON (n.id)
CREATE INDEX i118 IF NOT EXISTS FOR (n:T8) ON (n.k82)
CREATE TEXT INDEX i119 IF NOT EXISTS FOR (n:T8) ON (n.k82)
CREATE INDEX i120 IF NOT EXISTS FOR (n:T8) ON (n.id)
CREATE INDEX i121 IF NOT EXISTS FOR (n:T9) ON (n.k89)
CREATE INDEX i122 IF NOT EXISTS FOR (n:T9) ON (n.id)
CREATE INDEX i123 IF NOT EXISTS FOR (n:T10) ON (n.k91)
CREATE TEXT INDEX i124 IF NOT EXISTS FOR (n:T10) ON (n.k91)
CREATE INDEX i125 IF NOT EXISTS FOR (n:T10) ON (n.k92)
CREATE INDEX i126 IF NOT EXISTS FOR (n:T10) ON (n.k93)
CREATE INDEX i127 IF NOT EXISTS FOR (n:T10) ON (n.k94)
CREATE INDEX i128 IF NOT EXISTS FOR (n:T10) ON (n.k96)
CREATE INDEX i129 IF NOT EXISTS FOR (n:T10) ON (n.id)
CREATE INDEX i130 IF NOT EXISTS FOR (n:T11) ON (n.k98)
CREATE TEXT INDEX i131 IF NOT EXISTS FOR (n:T11) ON (n.k98)
CREATE INDEX i132 IF NOT EXISTS FOR (n:T11) ON (n.k101)
CREATE INDEX i133 IF NOT EXISTS FOR (n:T11) ON (n.k103)
CREATE TEXT INDEX i134 IF NOT EXISTS FOR (n:T11) ON (n.k103)
CREATE INDEX i135 IF NOT EXISTS FOR (n:T11) ON (n.id)
CREATE INDEX i136 IF NOT EXISTS FOR (n:T12) ON (n.k106)
CREATE TEXT INDEX i137 IF NOT EXISTS FOR (n:T12) ON (n.k106)
CREATE INDEX i138 IF NOT EXISTS FOR (n:T12) ON (n.id)
CREATE INDEX i139 IF NOT EXISTS FOR (n:T13) ON (n.k111)
CREATE INDEX i140 IF NOT EXISTS FOR (n:T13) ON (n.k115)
CREATE INDEX i141 IF NOT EXISTS FOR (n:T13) ON (n.id)
CREATE INDEX i142 IF NOT EXISTS FOR (n:T14) ON (n.k119)
CREATE INDEX i143 IF NOT EXISTS FOR (n:T14) ON (n.k120)
CREATE TEXT INDEX i144 IF NOT EXISTS FOR (n:T14) ON (n.k120)
CREATE INDEX i145 IF NOT EXISTS FOR (n:T14) ON (n.id)
CREATE INDEX i146 IF NOT EXISTS FOR (n:T15) ON (n.k122)
CREATE TEXT INDEX i147 IF NOT EXISTS FOR (n:T15) ON (n.k122)
CREATE INDEX i148 IF NOT EXISTS FOR (n:T15) ON (n.k123)
CREATE INDEX i149 IF NOT EXISTS FOR (n:T15) ON (n.id)
CREATE INDEX i150 IF NOT EXISTS FOR (n:T16) ON (n.k127)
CREATE TEXT INDEX i151 IF NOT EXISTS FOR (n:T16) ON (n.k127)
CREATE INDEX i152 IF NOT EXISTS FOR (n:T16) ON (n.k128)
CREATE TEXT INDEX i153 IF NOT EXISTS FOR (n:T16) ON (n.k128)
CREATE INDEX i154 IF NOT EXISTS FOR (n:T16) ON (n.k132)
CREATE INDEX i155 IF NOT EXISTS FOR (n:T16) ON (n.id)
CREATE INDEX i156 IF NOT EXISTS FOR (n:T17) ON (n.k133)
CREATE TEXT INDEX i157 IF NOT EXISTS FOR (n:T17) ON (n.k133)
CREATE INDEX i158 IF NOT EXISTS FOR (n:T17) ON (n.k135)
CREATE TEXT INDEX i159 IF NOT EXISTS FOR (n:T17) ON (n.k135)
CREATE INDEX i160 IF NOT EXISTS FOR (n:T17) ON (n.k136)
CREATE TEXT INDEX i161 IF NOT EXISTS FOR (n:T17) ON (n.k136)
CREATE INDEX i162 IF NOT EXISTS FOR (n:T17) ON (n.id)
CREATE INDEX i163 IF NOT EXISTS FOR (n:T18) ON (n.k144)
CREATE TEXT INDEX i164 IF NOT EXISTS FOR (n:T18) ON (n.k144)
CREATE INDEX i165 IF NOT EXISTS FOR (n:T18) ON (n.k145)
CREATE TEXT INDEX i166 IF NOT EXISTS FOR (n:T18) ON (n.k145)
CREATE INDEX i167 IF NOT EXISTS FOR (n:T18) ON (n.id)
CREATE INDEX i168 IF NOT EXISTS FOR (n:T19) ON (n.k152)
CREATE INDEX i169 IF NOT EXISTS FOR (n:T19) ON (n.k153)
CREATE INDEX i170 IF NOT EXISTS FOR (n:T19) ON (n.id)
CREATE INDEX i171 IF NOT EXISTS FOR (n:T20) ON (n.k154)
CREATE INDEX i172 IF NOT EXISTS FOR (n:T20) ON (n.k155)
CREATE INDEX i173 IF NOT EXISTS FOR (n:T20) ON (n.k159)
CREATE INDEX i174 IF NOT EXISTS FOR (n:T20) ON (n.id)
CREATE CONSTRAINT c175 IF NOT EXISTS FOR (r:T4) REQUIRE (r.k62, r.k63, r.k59) IS UNIQUE
CREATE INDEX i176 IF NOT EXISTS FOR (r:T5) ON (r.k66, r.k68, r.k69)
CREATE INDEX i177 IF NOT EXISTS FOR (r:T12) ON (r.k105, r.k109, r.k108)
CREATE INDEX i178 IF NOT EXISTS FOR (r:T13) ON (r.k110, r.k112, r.k111, r.k116)
CREATE INDEX i179 IF NOT EXISTS FOR (r:T15) ON (r.k123, r.k122)
CREATE INDEX i180 IF NOT EXISTS FOR (r:T16) ON (r.k130, r.k128)
CREATE INDEX i181 IF NOT EXISTS FOR (r:T17) ON (r.k134, r.k133, r.k136, r.k135, r.k137, r.k139)
CREATE INDEX i182 IF NOT EXISTS FOR (r:T18) ON (r.k141, r.k143, r.k142, r.k144, r.k146)
CREATE CONSTRAINT c183 IF NOT EXISTS FOR (r:T20) REQUIRE (r.k154, r.k155) IS UNIQUE
CREATE (n0 :L2{k16 : true, id : 0, k13 : false, k12 : 8771651212049481474, k15 : false, k14 : "pAuFb8tuY"})
CREATE (n0 :L2{k16 : true, k11 : false, id : 1, k13 : true, k15 : true, k14 : "0jegl5"})
CREATE (n0 :L0{k0 : true, k1 : false, k2 : 1579757984065505877, k3 : "e1swc", k4 : false, id : 2})
CREATE (n0 {id : 3})
CREATE (n0 :L2:L0{k0 : true, k1 : true, k2 : 7496685639847904573, k3 : "SAji7Fd9i", k4 : true, k11 : false, id : 4, k13 : true, k12 : 4753154042769823092, k15 : true, k14 : "RKOLZNFEF"})
CREATE (n0 :L4:L0{k28 : -6589240670721277185, k27 : false, k0 : true, k1 : false, k2 : -1660394700519474947, k3 : "BGf2n", k4 : true, id : 5, k24 : "zpaXgM1hy", k23 : "46Aw8uoB", k26 : false, k25 : 8142818899112556886})
CREATE (n0 :L3{k17 : 926762567957548961, k19 : -3740213728539245789, k18 : true, k20 : 4884088270088468939, k22 : 6271402317283110837, k21 : "xfCIofqlc", id : 6})
CREATE (n0 :L0:L3{k17 : -3955131048664778750, k19 : -5988897958894373340, k18 : false, k1 : false, k2 : 1071474790749573295, k3 : "Jkwsc9", k20 : -4391149558839916492, k4 : false, k22 : 6493982699703414903, id : 7, k21 : "ld7GTMwz8"})
CREATE (n0 {id : 8})
CREATE (n0 {id : 9})
CREATE (n0 {id : 10})
CREATE (n0 :L1{k5 : true, k6 : -2918875583675262297, k10 : "hkIzg", id : 11, k7 : false, k8 : "lHFhEWs", k9 : "ID8Ziz6"})
CREATE (n0 :L4{k28 : -4649872294108891663, k27 : false, id : 12, k24 : "eX3sywE0", k23 : "1ctKcXgA", k25 : -1911963655575423146})
MATCH (n0 {id : 2}), (n1 {id : 10}) MERGE(n0)-[r :T3{k53 : true, k55 : true, k54 : "YwqRj", id : 13, k57 : true, k56 : false, k58 : false}]->(n1)
MATCH (n0 {id : 11}), (n1 {id : 6}) MERGE(n0)-[r :T20{k154 : 6456166725267957986, k156 : true, k155 : 3090905636872138259, k158 : -1660173224662574577, k157 : -7292314744781388468, k159 : 6113367927970478989, id : 14}]->(n1)
MATCH (n0 {id : 5}), (n1 {id : 9}) MERGE(n0)-[r :T11{k101 : 7180884421979103815, k100 : false, k103 : "pVRgdLtf", k102 : "brw3GHXh6", k99 : false, k98 : "RfKChlj", k104 : "qvNbvkQd", id : 15}]->(n1)
MATCH (n0 {id : 3}), (n1 {id : 8}) MERGE(n0)-[r :T18{k141 : true, k140 : false, k143 : "v3LJHov", k142 : true, k145 : "qCVQqoAJE", k144 : "wQQECnz", k146 : "EGPJW", id : 16}]->(n1)
MATCH (n0 {id : 8}), (n1 {id : 4}) MERGE(n0)-[r :T3{k53 : true, k55 : false, k54 : "4GwNxCRX", id : 17, k57 : false, k56 : false, k58 : true}]->(n1)
MATCH (n0 {id : 1}), (n1 {id : 8}) MERGE(n0)-[r :T18{k141 : false, k140 : false, k142 : true, k145 : "GCDZgp", k144 : "w3H0MOjj", k146 : "gG4iYOc7", id : 18}]->(n1)
MATCH (n0 {id : 10}), (n1 {id : 9}) MERGE(n0)-[r :T17{k134 : true, k133 : "ZFeXD", k136 : "aEaEPU0", k135 : "9KU8Z", k138 : false, k137 : false, id : 19, k139 : 1934005188585672794}]->(n1)
MATCH (n0 {id : 1}), (n1 {id : 10}) MERGE(n0)-[r :T4{k60 : false, k62 : "SFBikE", k61 : -7235554312067688121, k64 : "ptOUO3ThV", k63 : 2803414398920930603, k65 : "EbmrG8hI", id : 20, k59 : -65646986300088133}]->(n1)
MATCH (n0 {id : 3}), (n1 {id : 11}) MERGE(n0)-[r :T17{k134 : true, k133 : "qSAa0oIP", k136 : "76WpAiuK", k135 : "nTHU00G", k138 : true, k137 : false, id : 21, k139 : -1992188473099653799}]->(n1)
MATCH (n0 {id : 11}), (n1 {id : 0}) MERGE(n0)-[r :T0{k39 : "ORASc8RJu", k38 : "JdT8eZ", k40 : -7758347557547202418, k41 : -1672287241052180585, id : 22, k35 : -1966481764989974381, k37 : 700328738341476056, k36 : "gamIO"}]->(n1)
MATCH (n0 {id : 5}), (n1 {id : 6}) MERGE(n0)-[r :T11{k101 : -6759328084107424449, k100 : false, k103 : "BTvXfBi", k102 : "fa7g7Wh", k99 : false, k98 : "hUhq308w1", k104 : "ZaFapO5", id : 23}]->(n1)
MATCH (n0 {id : 7}), (n1 {id : 8}) MERGE(n0)-[r :T1{k42 : 3483822359769967160, k44 : 4455086848649454576, k43 : "NpbpG", id : 24, k46 : "BiWDC", k45 : true, k47 : "i6Zb3E"}]->(n1)
MATCH (n0 {id : 9}), (n1 {id : 11}) MERGE(n0)-[r :T10{k91 : "cVZYS", k93 : 8906253342766565015, k92 : -7733276604220798405, k95 : "Tqq4AEcw", k94 : -344330794199687634, k97 : "K1vwacAC", k96 : -3339502142601256508, id : 25}]->(n1)
MATCH (n0 {id : 8}), (n1 {id : 11}) MERGE(n0)-[r :T14{k121 : true, k120 : "mqW4XUkSm", id : 26, k118 : 6203299131681824822, k117 : false, k119 : -1875456059003357514}]->(n1)
MATCH (n0 {id : 2}), (n1 {id : 11}) MERGE(n0)-[r :T16{k130 : 459187858424847038, k132 : 39119373325905915, k131 : true, k127 : "WUHj7", id : 27, k129 : "AntmIS", k128 : "5xbrneHKJ"}]->(n1)
MATCH (n0 {id : 10}), (n1 {id : 6}) MERGE(n0)-[r :T6{k71 : false, k73 : "3xOHKt", k72 : 8273728477983619113, k75 : -3648367377440191073, k74 : -6580939112904427723, id : 28}]->(n1)
MATCH (n0 {id : 0}), (n1 {id : 1}) MERGE(n0)-[r :T6{k71 : true, k73 : "X5CyKl", k72 : 3938125456201453537, k75 : -1075318112970127297, k74 : -7162089716850812560, id : 29}]->(n1)
MATCH (n0 {id : 3}), (n1 {id : 1}) MERGE(n0)-[r :T11{k101 : 4922397613854381736, k103 : "dUB30x4Wh", k102 : "mbeU2O", k99 : false, k98 : "oqIyXTd8u", k104 : "3duXLL", id : 30}]->(n1)
MATCH (n0 {id : 3}), (n1 {id : 4}) MERGE(n0)-[r :T1{k42 : 3705894326234016028, k44 : -8482411835277651801, k43 : "k5tOp9NRN", id : 31, k46 : "uwvbr293", k45 : false, k47 : "cByqgjc4V"}]->(n1)
MATCH (n0 {id : 12}), (n1 {id : 3}) MERGE(n0)-[r :T4{k60 : true, k62 : "B9p65AiLv", k61 : -3725279715142984018, k64 : "XIEfvB", k63 : -2488789428916588290, k65 : "6N5vmI", id : 32, k59 : 1076118400303941144}]->(n1)
MATCH (n0 {id : 9}), (n1 {id : 9}) MERGE(n0)-[r :T4{k60 : true, k62 : "jCbvov3in", k61 : -5507670582723871838, k64 : "V9YD4NC", k63 : 5016859054573707343, k65 : "pSylCe", id : 33, k59 : 5670826534678990466}]->(n1)
MATCH (n0 {id : 10}), (n1 {id : 12}) MERGE(n0)-[r :T14{k121 : true, k120 : "K4h2a1Q", id : 34, k118 : 2060656741143831833, k117 : false}]->(n1)
MATCH (n0 {id : 3}), (n1 {id : 1}) MERGE(n0)-[r :T8{k82 : "VVvQdPK", k81 : "koiJk", k84 : "Re4Gx5q", k83 : "XhAv6j22m", k85 : false, id : 35}]->(n1)
MATCH (n0 {id : 8}), (n1 {id : 2}) MERGE(n0)-[r :T9{k90 : 91277314582821514, k86 : "kMolw6jZ", k88 : "CiHhbl", k87 : false, id : 36, k89 : -549364270394568164}]->(n1)

Neo4j starting on bolt port 20000, PID=5479
wait for another moment
wait for another moment
wait for another moment
wait for another moment
wait for another moment
wait for another moment
wait for another moment
wait for another moment
wait for another moment
wait for another moment
wait for another moment
wait for another moment
wait for another moment
wait for another moment
wait for another moment
wait for another moment
wait for another moment
wait for another moment
wait for another moment
wait for another moment
new global state
Database Name:neo4jdatabase0-1774882805173-0
CREATE CONSTRAINT c0 IF NOT EXISTS FOR (n:L2) REQUIRE (n.k14) IS UNIQUE
CREATE CONSTRAINT c1 IF NOT EXISTS FOR (n:L2) REQUIRE (n.k17) IS UNIQUE
CREATE CONSTRAINT c2 IF NOT EXISTS FOR (n:L2) REQUIRE (n.id) IS UNIQUE
CREATE INDEX i3 IF NOT EXISTS FOR (n:L0) ON (n.k2)
CREATE INDEX i4 IF NOT EXISTS FOR (n:L0) ON (n.k3)
CREATE TEXT INDEX i5 IF NOT EXISTS FOR (n:L0) ON (n.k3)
CREATE INDEX i6 IF NOT EXISTS FOR (n:L0) ON (n.k5)
CREATE TEXT INDEX i7 IF NOT EXISTS FOR (n:L0) ON (n.k5)
CREATE INDEX i8 IF NOT EXISTS FOR (n:L0) ON (n.id)
CREATE INDEX i9 IF NOT EXISTS FOR (n:L1) ON (n.k9)
CREATE INDEX i10 IF NOT EXISTS FOR (n:L1) ON (n.id)
CREATE INDEX i11 IF NOT EXISTS FOR (n:L2) ON (n.k14)
CREATE INDEX i12 IF NOT EXISTS FOR (n:L2) ON (n.k17)
CREATE INDEX i13 IF NOT EXISTS FOR (n:L2) ON (n.id)
CREATE CONSTRAINT c14 IF NOT EXISTS FOR (n:L0) REQUIRE (n.k3, n.k5) IS UNIQUE
CREATE INDEX i15 IF NOT EXISTS FOR (n:L2) ON (n.k17, n.k16, n.k18, n.k13)
CREATE CONSTRAINT c16 IF NOT EXISTS FOR (r:T0) REQUIRE (r.id) IS UNIQUE
CREATE CONSTRAINT c17 IF NOT EXISTS FOR (r:T1) REQUIRE (r.k24) IS UNIQUE
CREATE CONSTRAINT c18 IF NOT EXISTS FOR (r:T1) REQUIRE (r.k25) IS UNIQUE
CREATE CONSTRAINT c19 IF NOT EXISTS FOR (r:T1) REQUIRE (r.id) IS UNIQUE
CREATE CONSTRAINT c20 IF NOT EXISTS FOR (r:T2) REQUIRE (r.id) IS UNIQUE
CREATE CONSTRAINT c21 IF NOT EXISTS FOR (r:T3) REQUIRE (r.k36) IS UNIQUE
CREATE CONSTRAINT c22 IF NOT EXISTS FOR (r:T3) REQUIRE (r.id) IS UNIQUE
CREATE CONSTRAINT c23 IF NOT EXISTS FOR (r:T4) REQUIRE (r.k47) IS UNIQUE
CREATE CONSTRAINT c24 IF NOT EXISTS FOR (r:T5) REQUIRE (r.k49) IS UNIQUE
CREATE CONSTRAINT c25 IF NOT EXISTS FOR (r:T5) REQUIRE (r.k50) IS UNIQUE
CREATE CONSTRAINT c26 IF NOT EXISTS FOR (r:T5) REQUIRE (r.k51) IS UNIQUE
CREATE CONSTRAINT c27 IF NOT EXISTS FOR (r:T5) REQUIRE (r.k52) IS UNIQUE
CREATE CONSTRAINT c28 IF NOT EXISTS FOR (r:T5) REQUIRE (r.id) IS UNIQUE
CREATE CONSTRAINT c29 IF NOT EXISTS FOR (r:T6) REQUIRE (r.k56) IS UNIQUE
CREATE CONSTRAINT c30 IF NOT EXISTS FOR (r:T6) REQUIRE (r.k58) IS UNIQUE
CREATE CONSTRAINT c31 IF NOT EXISTS FOR (r:T6) REQUIRE (r.k59) IS UNIQUE
CREATE CONSTRAINT c32 IF NOT EXISTS FOR (r:T8) REQUIRE (r.k69) IS UNIQUE
CREATE CONSTRAINT c33 IF NOT EXISTS FOR (r:T8) REQUIRE (r.k72) IS UNIQUE
CREATE CONSTRAINT c34 IF NOT EXISTS FOR (r:T8) REQUIRE (r.id) IS UNIQUE
CREATE CONSTRAINT c35 IF NOT EXISTS FOR (r:T9) REQUIRE (r.k74) IS UNIQUE
CREATE CONSTRAINT c36 IF NOT EXISTS FOR (r:T10) REQUIRE (r.k81) IS UNIQUE
CREATE INDEX i37 IF NOT EXISTS FOR (n:T0) ON (n.k20)
CREATE TEXT INDEX i38 IF NOT EXISTS FOR (n:T0) ON (n.k20)
CREATE INDEX i39 IF NOT EXISTS FOR (n:T0) ON (n.k21)
CREATE INDEX i40 IF NOT EXISTS FOR (n:T0) ON (n.k22)
CREATE INDEX i41 IF NOT EXISTS FOR (n:T0) ON (n.id)
CREATE INDEX i42 IF NOT EXISTS FOR (n:T1) ON (n.k24)
CREATE INDEX i43 IF NOT EXISTS FOR (n:T1) ON (n.k25)
CREATE TEXT INDEX i44 IF NOT EXISTS FOR (n:T1) ON (n.k25)
CREATE INDEX i45 IF NOT EXISTS FOR (n:T1) ON (n.id)
CREATE INDEX i46 IF NOT EXISTS FOR (n:T2) ON (n.k32)
CREATE TEXT INDEX i47 IF NOT EXISTS FOR (n:T2) ON (n.k32)
CREATE INDEX i48 IF NOT EXISTS FOR (n:T2) ON (n.k34)
CREATE INDEX i49 IF NOT EXISTS FOR (n:T2) ON (n.id)
CREATE INDEX i50 IF NOT EXISTS FOR (n:T3) ON (n.k36)
CREATE INDEX i51 IF NOT EXISTS FOR (n:T3) ON (n.k37)
CREATE TEXT INDEX i52 IF NOT EXISTS FOR (n:T3) ON (n.k37)
CREATE INDEX i53 IF NOT EXISTS FOR (n:T3) ON (n.k40)
CREATE INDEX i54 IF NOT EXISTS FOR (n:T3) ON (n.id)
CREATE INDEX i55 IF NOT EXISTS FOR (n:T4) ON (n.k44)
CREATE INDEX i56 IF NOT EXISTS FOR (n:T4) ON (n.k47)
CREATE INDEX i57 IF NOT EXISTS FOR (n:T4) ON (n.id)
CREATE INDEX i58 IF NOT EXISTS FOR (n:T5) ON (n.k49)
CREATE INDEX i59 IF NOT EXISTS FOR (n:T5) ON (n.k50)
CREATE TEXT INDEX i60 IF NOT EXISTS FOR (n:T5) ON (n.k50)
CREATE INDEX i61 IF NOT EXISTS FOR (n:T5) ON (n.k51)
CREATE INDEX i62 IF NOT EXISTS FOR (n:T5) ON (n.k52)
CREATE INDEX i63 IF NOT EXISTS FOR (n:T5) ON (n.id)
CREATE INDEX i64 IF NOT EXISTS FOR (n:T6) ON (n.k56)
CREATE TEXT INDEX i65 IF NOT EXISTS FOR (n:T6) ON (n.k56)
CREATE INDEX i66 IF NOT EXISTS FOR (n:T6) ON (n.k57)
CREATE TEXT INDEX i67 IF NOT EXISTS FOR (n:T6) ON (n.k57)
CREATE INDEX i68 IF NOT EXISTS FOR (n:T6) ON (n.k58)
CREATE TEXT INDEX i69 IF NOT EXISTS FOR (n:T6) ON (n.k58)
CREATE INDEX i70 IF NOT EXISTS FOR (n:T6) ON (n.k59)
CREATE INDEX i71 IF NOT EXISTS FOR (n:T6) ON (n.id)
CREATE INDEX i72 IF NOT EXISTS FOR (n:T7) ON (n.k67)
CREATE TEXT INDEX i73 IF NOT EXISTS FOR (n:T7) ON (n.k67)
CREATE INDEX i74 IF NOT EXISTS FOR (n:T7) ON (n.id)
CREATE INDEX i75 IF NOT EXISTS FOR (n:T8) ON (n.k69)
CREATE INDEX i76 IF NOT EXISTS FOR (n:T8) ON (n.k72)
CREATE TEXT INDEX i77 IF NOT EXISTS FOR (n:T8) ON (n.k72)
CREATE INDEX i78 IF NOT EXISTS FOR (n:T8) ON (n.id)
CREATE INDEX i79 IF NOT EXISTS FOR (n:T9) ON (n.k74)
CREATE INDEX i80 IF NOT EXISTS FOR (n:T9) ON (n.k75)
CREATE TEXT INDEX i81 IF NOT EXISTS FOR (n:T9) ON (n.k75)
CREATE INDEX i82 IF NOT EXISTS FOR (n:T9) ON (n.id)
CREATE INDEX i83 IF NOT EXISTS FOR (n:T10) ON (n.k81)
CREATE TEXT INDEX i84 IF NOT EXISTS FOR (n:T10) ON (n.k81)
CREATE INDEX i85 IF NOT EXISTS FOR (n:T10) ON (n.id)
CREATE INDEX i86 IF NOT EXISTS FOR (r:T2) ON (r.k31, r.k33, r.k32)
CREATE INDEX i87 IF NOT EXISTS FOR (r:T3) ON (r.k38, r.k40, r.k37, r.k36)
CREATE INDEX i88 IF NOT EXISTS FOR (r:T6) ON (r.k55, r.k57)
CREATE INDEX i89 IF NOT EXISTS FOR (r:T10) ON (r.k80, r.k81, r.k78)
CREATE (n0 :L0{k0 : true, k1 : true, k2 : 4210416624530519796, k3 : "Kw3FFGs", k4 : "rKdKJ5p", k5 : "4PqWh6H", k6 : 7427721781644095585, id : 0})
CREATE (n0 :L0{k0 : false, k1 : true, k2 : -3429795065653349968, k3 : "dhnXf8Xz", k4 : "vVkPlO7", k5 : "2V56edc", k6 : 625976952889186717, id : 1})
CREATE (n0 :L0{k0 : false, k1 : false, k2 : 1543124947701348681, k3 : "rDlQR1pd", k4 : "1UTlp2wA", k5 : "qPty0S", k6 : 2605889426506092112, id : 2})
CREATE (n0 :L1{k11 : true, k10 : "x3BFXwZe", id : 3, k7 : "Wso8NUoG0", k8 : false, k12 : false, k9 : -6134362968387346857})
CREATE (n0 :L1{k11 : true, k10 : "pUV8S", id : 4, k7 : "D9zLmJ", k8 : true, k9 : -208710329271331487})
CREATE (n0 :L1{k11 : true, k10 : "TfhpA1XR", id : 5, k7 : "oEl6PfQ", k8 : true, k12 : false, k9 : -3486036180187648804})
CREATE (n0 :L1:L0{k0 : true, k1 : true, k2 : 6262083108321646812, k3 : "C1szkrIX", k4 : "QhqIi3", k11 : false, k5 : "Kmu7MUs", k10 : "QKOH71id", k6 : -9065533407807676015, k7 : "nhQiE", k8 : true, k12 : false, k9 : -5777102473470799591, id : 6})
CREATE (n0 {id : 7})
CREATE (n0 :L1:L0{k0 : false, k1 : true, k2 : -5015872062408528458, k4 : "owaRop7S7", k11 : true, k5 : "vF6KxG", k10 : "SnSA5i", k6 : -2967769719937436886, k7 : "UmMALCp", k8 : true, k12 : false, k9 : -9174692880727303493, id : 8})
CREATE (n0 :L0{k0 : false, k1 : false, k2 : -4780458030081106523, k3 : "AEcMF", k4 : "HYzEa", k5 : "355Ndxh", k6 : -7878945327175199302, id : 9})
MATCH (n0 {id : 5}), (n1 {id : 6}) MERGE(n0)-[r :T8{k71 : false, k70 : true, k72 : "ZSX5Oc", id : 10, k68 : -8648970987371304710, k69 : -1142554074982833819}]->(n1)
MATCH (n0 {id : 9}), (n1 {id : 6}) MERGE(n0)-[r :T8{k70 : false, k72 : "6a7MZ", id : 11, k68 : -4378803058642490344, k69 : -4255422819117162337}]->(n1)
MATCH (n0 {id : 1}), (n1 {id : 6}) MERGE(n0)-[r :T10{k80 : "KV6qG2nit", k82 : false, k81 : "XIjGce0", id : 12, k79 : "yOvNY92Zx", k78 : false}]->(n1)
MATCH (n0 {id : 4}), (n1 {id : 3}) MERGE(n0)-[r :T6{k60 : "vMlXZf", k55 : false, k54 : true, id : 13, k57 : "BOiqWHk", k56 : "n5ZFHp0J", k59 : 4040879540811070393, k58 : "efM0MHb"}]->(n1)
MATCH (n0 {id : 2}), (n1 {id : 7}) MERGE(n0)-[r :T4{k42 : "tln8rBxa", k44 : 6490722578346874515, k43 : false, id : 14, k46 : false, k45 : false, k48 : -4117345850112007597, k47 : -5113499445122991606}]->(n1)
MATCH (n0 {id : 6}), (n1 {id : 8}) MERGE(n0)-[r :T2{k31 : false, k30 : true, k33 : "jT3gPu", k32 : "Qcj9HEG", id : 15, k34 : -4148043997933021336}]->(n1)
MATCH (n0 {id : 5}), (n1 {id : 8}) MERGE(n0)-[r :T3{k38 : 4771022000053738987, k41 : true, id : 16, k35 : true, k37 : "pZcBeqO", k36 : -5473610331958713716}]->(n1)
MATCH (n0 {id : 5}), (n1 {id : 5}) MERGE(n0)-[r :T4{k42 : "qGKdGZQn", k44 : -8678516250831908312, k43 : false, id : 17, k46 : false, k45 : false, k48 : -2090443449142998109, k47 : -4604193750789080725}]->(n1)
MATCH (n0 {id : 3}), (n1 {id : 0}) MERGE(n0)-[r :T7{k62 : 329919412780166429, k61 : true, k64 : "L12gzY0l", k63 : "n71VsrhD", k66 : "J0q7pf3", k65 : false, id : 18, k67 : "KBA4z"}]->(n1)
MATCH (n0 {id : 1}), (n1 {id : 3}) MERGE(n0)-[r :T10{k80 : "h9Y8fVe", k82 : true, k81 : "ow17Qfw35", id : 19, k79 : "84sDk", k78 : true}]->(n1)
MATCH (n0 {id : 9}), (n1 {id : 8}) MERGE(n0)-[r :T7{k62 : -6172738118089083353, k61 : true, k64 : "UIe4C", k63 : "3nOjfbFxU", k66 : "PxVRiNG", k65 : true, id : 20, k67 : "CmJGOMyd"}]->(n1)
MATCH (n0 {id : 6}), (n1 {id : 6}) MERGE(n0)-[r :T1{k28 : "TyVmyR56", k27 : false, k29 : false, id : 21, k24 : -3012865684090159909, k26 : false, k25 : "Xmrkpa"}]->(n1)
MATCH (n0 {id : 4}), (n1 {id : 8}) MERGE(n0)-[r :T4{k42 : "L9ewA8j", k44 : 7581597131014636963, k43 : false, id : 22, k46 : false, k45 : false, k48 : -4657229519584224587, k47 : 9064168355062290904}]->(n1)
MATCH (n0 {id : 2}), (n1 {id : 0}) MERGE(n0)-[r :T7{k62 : -6386864749667872981, k61 : false, k64 : "vTGUE", k63 : "d6T9aZ", k66 : "I9MdAtzND", k65 : false, id : 23, k67 : "zVHcrLl3"}]->(n1)
MATCH (n0 {id : 8}), (n1 {id : 1}) MERGE(n0)-[r :T2{k31 : true, k30 : true, k33 : "EvfWFrq", k32 : "QzryLVo3a", id : 24, k34 : 2276064165476114873}]->(n1)
MATCH (n0 :L1)-[r0 :T3]->(n1 :L1 :L0{id:8})-[r1 :T2]-(n2 :L0{k3:'dhnXf8Xz'})-[r2 :T10]-(n3 :L0 :L1{k8:true}), (n4)<-[r3 :T4]-(n5{k3:'rDlQR1pd'}), (n5)-[r4 :T7]-(n6{k3:'Kw3FFGs'}), (n6{k0:true})<-[r5 :T7]-(n7{k9:-6134362968387346857})<-[r6 :T10]-(n2{k2:-3429795065653349968}) WHERE (((r1.id) > (r0.id)) AND (((((((((((((((((n0.k9) > -3486036180187648805) AND ((n0.k9) < -3486036180187648802)) AND (((((r0.k38) > 4771022000053738985) AND ((r0.k38) < 4771022000053738989)) AND ((r0.k38) = 4771022000053738987)) AND (((r0.k38) > 4771022000053738986) AND ((r0.k38) < 4771022000053738989)))) AND ((n1.id) = 8)) AND (((r1.k32) > 'QzryLVo3`') AND ((r1.k32) < 'QzryLVo3b'))) AND (((r2.k81) STARTS WITH 'XIjGce') AND ((r2.k81) ENDS WITH 'XIjGce0'))) AND (((n3.k6) >= -9065533407807676016) AND ((n3.k6) <= -9065533407807676014))) AND ((n4.id) = 7)) AND ((r3.k47) = -5113499445122991606)) AND ((n5.id) = 2)) AND ((r4.k64) ENDS WITH 'vTGUE')) AND ((n6.k3) ENDS WITH 'w3FFGs')) AND ((n6.id) = 0)) AND ((r5.k67) STARTS WITH 'KBA')) AND (((r6.k79) ENDS WITH '84sDk') AND ((r6.k80) = 'h9Y8fVe'))) AND ((n2.id) = 1))) WITH n3 WHERE ((NOT ((n5.id) = (n6.k6))) AND (((((r5.k64)+((n7.k10)+'drZoEpWTG'))+('e1nixT'+((n7.k7)+(n5.k3)))) STARTS WITH 'L12g') AND (((('PoOPfTcw'+(n1.k5))+(n7.k10))+(n1.k5)) <= ((n6.k4)+(('ZCGyXRPC'+(r6.k79))+('TSzaPM'+(r1.k32))))))) WITH sum(1) AS a0, split((n3.k4), '') AS a1 ORDER BY a0 DESC SKIP 0 WHERE (NOT (a0 = -1711727915837813812)) OPTIONAL MATCH (n6)-[r7 :T7]-(n7)-[r8 :T10]-(n2{id:1}), (n5)-[r9 :T7]-(n6{k0:true}), (n4{id:7})<-[r10 :T4]-(n5) WHERE ((((((((r7.k63)+(r8.k79))+('xTmZHxjwC'+(n7.k10)))+(((n7.k10)+(n6.k3))+((n6.k3)+(r8.k79))))+(n5.k5))+((n2.k5)+((((n6.k4)+'raXe2PM')+((r9.k67)+'MsxeWYobt'))+('hbqypQxSJ'+('V0atwFY6'+(r9.k63)))))) STARTS WITH 'n71VsrhD84sDkxTmZHxjwCx3BFXwZex3BFXwZeKw3FFGsKw3FFGs84sDkqPty0S2V56edcrKdKJ5praXe2PMzVHcrLl3MsxeWYobthbqy') AND ((((((((n6.k3) > 'Kw3FFGr') AND ((n6.k3) < 'Kw3FFGt')) AND ((r7.k66) CONTAINS '0q7pf')) AND ((r8.k81) ENDS WITH 'Qfw35')) AND ((n5.k5) ENDS WITH 'qPty0S')) AND (((r9.k62) >= -6386864749667872982) AND ((r9.k62) <= -6386864749667872979))) AND ((n4.id) = 7))) OPTIONAL MATCH (n0)-[r11 :T3]-(n1{k10:'SnSA5i'})-[r12 :T2]->(n2{id:1})-[r13 :T10]-(n3{k8:true}), (n4{id:7})-[r14 :T4]-(n5), (n5)-[r15 :T7]->(n6{k5:'4PqWh6H'}), (n6)<-[r16 :T7]-(n7{id:3})<-[r17 :T10]-(n2 :L0) WHERE ((((n0.id) > (r13.id)) OR ((('ury7LQ' STARTS WITH 'ury7LQ') OR ((n7.k12) = true)) OR (((r16.k62) <= (r16.k62)) OR (((n3.k9) > (n2.id)) AND ((r17.k82) = true))))) AND (((((((((((n0.k7) > 'oEl6PfP') AND ((n0.k7) < 'oEl6PfR')) AND (((((r11.k36) > -5473610331958713718) AND ((r11.k36) < -5473610331958713714)) AND ((r11.k36) = -5473610331958713716)) AND ((r11.id) = 16))) AND ((n1.k5) ENDS WITH 'vF6KxG')) AND (((r13.id) = 12) AND ((r13.k80) = 'KV6qG2nit'))) AND ((n3.id) = 6)) AND (((r15.k66) > 'I9MdAtzMD') AND ((r15.k66) < 'I9MdAtzOD'))) AND ((n6.k2) = 4210416624530519796)) AND ((r16.id) = 18)) AND (((r17.k79) = '84sDk') AND ((r17.id) = 19)))) RETURN 2 AS a2, sign(184976811) AS a3, 0 AS a4
java.lang.NoClassDefFoundError: com/kuzudb/KuzuObjectRefDestroyedException
	at org.example.gqs.cypher.standard_ast.Return.getActualResult(Return.java:386)
	at org.example.gqs.cypher.oracle.DifferentialNonEmptyBranchOracle.check(DifferentialNonEmptyBranchOracle.java:806)
	at org.example.gqs.cypher.algorithm.Compared3AlgorithmNew.generateAndTestDatabase(Compared3AlgorithmNew.java:238)
	at org.example.gqs.cypher.CypherProviderAdapter.generateAndTestDatabase(CypherProviderAdapter.java:56)
	at org.example.gqs.cypher.CypherProviderAdapter.generateAndTestDatabase(CypherProviderAdapter.java:1)
	at org.example.gqs.Main$DBMSExecutor.run(Main.java:409)
	at org.example.gqs.Main$2.run(Main.java:1115)
	at org.example.gqs.Main$2.runThread(Main.java:1092)
	at org.example.gqs.Main$2.run(Main.java:1013)
	at java.base/java.util.concurrent.ThreadPoolExecutor.runWorker(ThreadPoolExecutor.java:1144)
	at java.base/java.util.concurrent.ThreadPoolExecutor$Worker.run(ThreadPoolExecutor.java:642)
	at java.base/java.lang.Thread.run(Thread.java:1583)
Caused by: java.lang.ClassNotFoundException: com.kuzudb.KuzuObjectRefDestroyedException
	at java.base/jdk.internal.loader.BuiltinClassLoader.loadClass(BuiltinClassLoader.java:641)
	at java.base/jdk.internal.loader.ClassLoaders$AppClassLoader.loadClass(ClassLoaders.java:188)
	at java.base/java.lang.ClassLoader.loadClass(ClassLoader.java:526)
	... 12 more
--java.lang.NoClassDefFoundError: com/kuzudb/KuzuObjectRefDestroyedException
--	at org.example.gqs.cypher.standard_ast.Return.getActualResult(Return.java:386)
--	at org.example.gqs.cypher.oracle.DifferentialNonEmptyBranchOracle.check(DifferentialNonEmptyBranchOracle.java:806)
--	at org.example.gqs.cypher.algorithm.Compared3AlgorithmNew.generateAndTestDatabase(Compared3AlgorithmNew.java:238)
--	at org.example.gqs.cypher.CypherProviderAdapter.generateAndTestDatabase(CypherProviderAdapter.java:56)
--	at org.example.gqs.cypher.CypherProviderAdapter.generateAndTestDatabase(CypherProviderAdapter.java:1)
--	at org.example.gqs.Main$DBMSExecutor.run(Main.java:409)
--	at org.example.gqs.Main$2.run(Main.java:1115)
--	at org.example.gqs.Main$2.runThread(Main.java:1092)
--	at org.example.gqs.Main$2.run(Main.java:1013)
--	at java.base/java.util.concurrent.ThreadPoolExecutor.runWorker(ThreadPoolExecutor.java:1144)
--	at java.base/java.util.concurrent.ThreadPoolExecutor$Worker.run(ThreadPoolExecutor.java:642)
--	at java.base/java.lang.Thread.run(Thread.java:1583)
--Caused by: java.lang.ClassNotFoundException: com.kuzudb.KuzuObjectRefDestroyedException
--	at java.base/jdk.internal.loader.BuiltinClassLoader.loadClass(BuiltinClassLoader.java:641)
--	at java.base/jdk.internal.loader.ClassLoaders$AppClassLoader.loadClass(ClassLoaders.java:188)
--	at java.base/java.lang.ClassLoader.loadClass(ClassLoader.java:526)
--	... 12 more
--
-- Time: 2026/03/30 17:00:28
-- Database: neo4jdatabase0-1774882805173-0
-- seed value: 1774882805173
CREATE CONSTRAINT c0 IF NOT EXISTS FOR (n:L2) REQUIRE (n.k14) IS UNIQUE
CREATE CONSTRAINT c1 IF NOT EXISTS FOR (n:L2) REQUIRE (n.k17) IS UNIQUE
CREATE CONSTRAINT c2 IF NOT EXISTS FOR (n:L2) REQUIRE (n.id) IS UNIQUE
CREATE INDEX i3 IF NOT EXISTS FOR (n:L0) ON (n.k2)
CREATE INDEX i4 IF NOT EXISTS FOR (n:L0) ON (n.k3)
CREATE TEXT INDEX i5 IF NOT EXISTS FOR (n:L0) ON (n.k3)
CREATE INDEX i6 IF NOT EXISTS FOR (n:L0) ON (n.k5)
CREATE TEXT INDEX i7 IF NOT EXISTS FOR (n:L0) ON (n.k5)
CREATE INDEX i8 IF NOT EXISTS FOR (n:L0) ON (n.id)
CREATE INDEX i9 IF NOT EXISTS FOR (n:L1) ON (n.k9)
CREATE INDEX i10 IF NOT EXISTS FOR (n:L1) ON (n.id)
CREATE INDEX i11 IF NOT EXISTS FOR (n:L2) ON (n.k14)
CREATE INDEX i12 IF NOT EXISTS FOR (n:L2) ON (n.k17)
CREATE INDEX i13 IF NOT EXISTS FOR (n:L2) ON (n.id)
CREATE CONSTRAINT c14 IF NOT EXISTS FOR (n:L0) REQUIRE (n.k3, n.k5) IS UNIQUE
CREATE INDEX i15 IF NOT EXISTS FOR (n:L2) ON (n.k17, n.k16, n.k18, n.k13)
CREATE CONSTRAINT c16 IF NOT EXISTS FOR (r:T0) REQUIRE (r.id) IS UNIQUE
CREATE CONSTRAINT c17 IF NOT EXISTS FOR (r:T1) REQUIRE (r.k24) IS UNIQUE
CREATE CONSTRAINT c18 IF NOT EXISTS FOR (r:T1) REQUIRE (r.k25) IS UNIQUE
CREATE CONSTRAINT c19 IF NOT EXISTS FOR (r:T1) REQUIRE (r.id) IS UNIQUE
CREATE CONSTRAINT c20 IF NOT EXISTS FOR (r:T2) REQUIRE (r.id) IS UNIQUE
CREATE CONSTRAINT c21 IF NOT EXISTS FOR (r:T3) REQUIRE (r.k36) IS UNIQUE
CREATE CONSTRAINT c22 IF NOT EXISTS FOR (r:T3) REQUIRE (r.id) IS UNIQUE
CREATE CONSTRAINT c23 IF NOT EXISTS FOR (r:T4) REQUIRE (r.k47) IS UNIQUE
CREATE CONSTRAINT c24 IF NOT EXISTS FOR (r:T5) REQUIRE (r.k49) IS UNIQUE
CREATE CONSTRAINT c25 IF NOT EXISTS FOR (r:T5) REQUIRE (r.k50) IS UNIQUE
CREATE CONSTRAINT c26 IF NOT EXISTS FOR (r:T5) REQUIRE (r.k51) IS UNIQUE
CREATE CONSTRAINT c27 IF NOT EXISTS FOR (r:T5) REQUIRE (r.k52) IS UNIQUE
CREATE CONSTRAINT c28 IF NOT EXISTS FOR (r:T5) REQUIRE (r.id) IS UNIQUE
CREATE CONSTRAINT c29 IF NOT EXISTS FOR (r:T6) REQUIRE (r.k56) IS UNIQUE
CREATE CONSTRAINT c30 IF NOT EXISTS FOR (r:T6) REQUIRE (r.k58) IS UNIQUE
CREATE CONSTRAINT c31 IF NOT EXISTS FOR (r:T6) REQUIRE (r.k59) IS UNIQUE
CREATE CONSTRAINT c32 IF NOT EXISTS FOR (r:T8) REQUIRE (r.k69) IS UNIQUE
CREATE CONSTRAINT c33 IF NOT EXISTS FOR (r:T8) REQUIRE (r.k72) IS UNIQUE
CREATE CONSTRAINT c34 IF NOT EXISTS FOR (r:T8) REQUIRE (r.id) IS UNIQUE
CREATE CONSTRAINT c35 IF NOT EXISTS FOR (r:T9) REQUIRE (r.k74) IS UNIQUE
CREATE CONSTRAINT c36 IF NOT EXISTS FOR (r:T10) REQUIRE (r.k81) IS UNIQUE
CREATE INDEX i37 IF NOT EXISTS FOR (n:T0) ON (n.k20)
CREATE TEXT INDEX i38 IF NOT EXISTS FOR (n:T0) ON (n.k20)
CREATE INDEX i39 IF NOT EXISTS FOR (n:T0) ON (n.k21)
CREATE INDEX i40 IF NOT EXISTS FOR (n:T0) ON (n.k22)
CREATE INDEX i41 IF NOT EXISTS FOR (n:T0) ON (n.id)
CREATE INDEX i42 IF NOT EXISTS FOR (n:T1) ON (n.k24)
CREATE INDEX i43 IF NOT EXISTS FOR (n:T1) ON (n.k25)
CREATE TEXT INDEX i44 IF NOT EXISTS FOR (n:T1) ON (n.k25)
CREATE INDEX i45 IF NOT EXISTS FOR (n:T1) ON (n.id)
CREATE INDEX i46 IF NOT EXISTS FOR (n:T2) ON (n.k32)
CREATE TEXT INDEX i47 IF NOT EXISTS FOR (n:T2) ON (n.k32)
CREATE INDEX i48 IF NOT EXISTS FOR (n:T2) ON (n.k34)
CREATE INDEX i49 IF NOT EXISTS FOR (n:T2) ON (n.id)
CREATE INDEX i50 IF NOT EXISTS FOR (n:T3) ON (n.k36)
CREATE INDEX i51 IF NOT EXISTS FOR (n:T3) ON (n.k37)
CREATE TEXT INDEX i52 IF NOT EXISTS FOR (n:T3) ON (n.k37)
CREATE INDEX i53 IF NOT EXISTS FOR (n:T3) ON (n.k40)
CREATE INDEX i54 IF NOT EXISTS FOR (n:T3) ON (n.id)
CREATE INDEX i55 IF NOT EXISTS FOR (n:T4) ON (n.k44)
CREATE INDEX i56 IF NOT EXISTS FOR (n:T4) ON (n.k47)
CREATE INDEX i57 IF NOT EXISTS FOR (n:T4) ON (n.id)
CREATE INDEX i58 IF NOT EXISTS FOR (n:T5) ON (n.k49)
CREATE INDEX i59 IF NOT EXISTS FOR (n:T5) ON (n.k50)
CREATE TEXT INDEX i60 IF NOT EXISTS FOR (n:T5) ON (n.k50)
CREATE INDEX i61 IF NOT EXISTS FOR (n:T5) ON (n.k51)
CREATE INDEX i62 IF NOT EXISTS FOR (n:T5) ON (n.k52)
CREATE INDEX i63 IF NOT EXISTS FOR (n:T5) ON (n.id)
CREATE INDEX i64 IF NOT EXISTS FOR (n:T6) ON (n.k56)
CREATE TEXT INDEX i65 IF NOT EXISTS FOR (n:T6) ON (n.k56)
CREATE INDEX i66 IF NOT EXISTS FOR (n:T6) ON (n.k57)
CREATE TEXT INDEX i67 IF NOT EXISTS FOR (n:T6) ON (n.k57)
CREATE INDEX i68 IF NOT EXISTS FOR (n:T6) ON (n.k58)
CREATE TEXT INDEX i69 IF NOT EXISTS FOR (n:T6) ON (n.k58)
CREATE INDEX i70 IF NOT EXISTS FOR (n:T6) ON (n.k59)
CREATE INDEX i71 IF NOT EXISTS FOR (n:T6) ON (n.id)
CREATE INDEX i72 IF NOT EXISTS FOR (n:T7) ON (n.k67)
CREATE TEXT INDEX i73 IF NOT EXISTS FOR (n:T7) ON (n.k67)
CREATE INDEX i74 IF NOT EXISTS FOR (n:T7) ON (n.id)
CREATE INDEX i75 IF NOT EXISTS FOR (n:T8) ON (n.k69)
CREATE INDEX i76 IF NOT EXISTS FOR (n:T8) ON (n.k72)
CREATE TEXT INDEX i77 IF NOT EXISTS FOR (n:T8) ON (n.k72)
CREATE INDEX i78 IF NOT EXISTS FOR (n:T8) ON (n.id)
CREATE INDEX i79 IF NOT EXISTS FOR (n:T9) ON (n.k74)
CREATE INDEX i80 IF NOT EXISTS FOR (n:T9) ON (n.k75)
CREATE TEXT INDEX i81 IF NOT EXISTS FOR (n:T9) ON (n.k75)
CREATE INDEX i82 IF NOT EXISTS FOR (n:T9) ON (n.id)
CREATE INDEX i83 IF NOT EXISTS FOR (n:T10) ON (n.k81)
CREATE TEXT INDEX i84 IF NOT EXISTS FOR (n:T10) ON (n.k81)
CREATE INDEX i85 IF NOT EXISTS FOR (n:T10) ON (n.id)
CREATE INDEX i86 IF NOT EXISTS FOR (r:T2) ON (r.k31, r.k33, r.k32)
CREATE INDEX i87 IF NOT EXISTS FOR (r:T3) ON (r.k38, r.k40, r.k37, r.k36)
CREATE INDEX i88 IF NOT EXISTS FOR (r:T6) ON (r.k55, r.k57)
CREATE INDEX i89 IF NOT EXISTS FOR (r:T10) ON (r.k80, r.k81, r.k78)
CREATE (n0 :L0{k0 : true, k1 : true, k2 : 4210416624530519796, k3 : "Kw3FFGs", k4 : "rKdKJ5p", k5 : "4PqWh6H", k6 : 7427721781644095585, id : 0})
CREATE (n0 :L0{k0 : false, k1 : true, k2 : -3429795065653349968, k3 : "dhnXf8Xz", k4 : "vVkPlO7", k5 : "2V56edc", k6 : 625976952889186717, id : 1})
CREATE (n0 :L0{k0 : false, k1 : false, k2 : 1543124947701348681, k3 : "rDlQR1pd", k4 : "1UTlp2wA", k5 : "qPty0S", k6 : 2605889426506092112, id : 2})
CREATE (n0 :L1{k11 : true, k10 : "x3BFXwZe", id : 3, k7 : "Wso8NUoG0", k8 : false, k12 : false, k9 : -6134362968387346857})
CREATE (n0 :L1{k11 : true, k10 : "pUV8S", id : 4, k7 : "D9zLmJ", k8 : true, k9 : -208710329271331487})
CREATE (n0 :L1{k11 : true, k10 : "TfhpA1XR", id : 5, k7 : "oEl6PfQ", k8 : true, k12 : false, k9 : -3486036180187648804})
CREATE (n0 :L1:L0{k0 : true, k1 : true, k2 : 6262083108321646812, k3 : "C1szkrIX", k4 : "QhqIi3", k11 : false, k5 : "Kmu7MUs", k10 : "QKOH71id", k6 : -9065533407807676015, k7 : "nhQiE", k8 : true, k12 : false, k9 : -5777102473470799591, id : 6})
CREATE (n0 {id : 7})
CREATE (n0 :L1:L0{k0 : false, k1 : true, k2 : -5015872062408528458, k4 : "owaRop7S7", k11 : true, k5 : "vF6KxG", k10 : "SnSA5i", k6 : -2967769719937436886, k7 : "UmMALCp", k8 : true, k12 : false, k9 : -9174692880727303493, id : 8})
CREATE (n0 :L0{k0 : false, k1 : false, k2 : -4780458030081106523, k3 : "AEcMF", k4 : "HYzEa", k5 : "355Ndxh", k6 : -7878945327175199302, id : 9})
MATCH (n0 {id : 5}), (n1 {id : 6}) MERGE(n0)-[r :T8{k71 : false, k70 : true, k72 : "ZSX5Oc", id : 10, k68 : -8648970987371304710, k69 : -1142554074982833819}]->(n1)
MATCH (n0 {id : 9}), (n1 {id : 6}) MERGE(n0)-[r :T8{k70 : false, k72 : "6a7MZ", id : 11, k68 : -4378803058642490344, k69 : -4255422819117162337}]->(n1)
MATCH (n0 {id : 1}), (n1 {id : 6}) MERGE(n0)-[r :T10{k80 : "KV6qG2nit", k82 : false, k81 : "XIjGce0", id : 12, k79 : "yOvNY92Zx", k78 : false}]->(n1)
MATCH (n0 {id : 4}), (n1 {id : 3}) MERGE(n0)-[r :T6{k60 : "vMlXZf", k55 : false, k54 : true, id : 13, k57 : "BOiqWHk", k56 : "n5ZFHp0J", k59 : 4040879540811070393, k58 : "efM0MHb"}]->(n1)
MATCH (n0 {id : 2}), (n1 {id : 7}) MERGE(n0)-[r :T4{k42 : "tln8rBxa", k44 : 6490722578346874515, k43 : false, id : 14, k46 : false, k45 : false, k48 : -4117345850112007597, k47 : -5113499445122991606}]->(n1)
MATCH (n0 {id : 6}), (n1 {id : 8}) MERGE(n0)-[r :T2{k31 : false, k30 : true, k33 : "jT3gPu", k32 : "Qcj9HEG", id : 15, k34 : -4148043997933021336}]->(n1)
MATCH (n0 {id : 5}), (n1 {id : 8}) MERGE(n0)-[r :T3{k38 : 4771022000053738987, k41 : true, id : 16, k35 : true, k37 : "pZcBeqO", k36 : -5473610331958713716}]->(n1)
MATCH (n0 {id : 5}), (n1 {id : 5}) MERGE(n0)-[r :T4{k42 : "qGKdGZQn", k44 : -8678516250831908312, k43 : false, id : 17, k46 : false, k45 : false, k48 : -2090443449142998109, k47 : -4604193750789080725}]->(n1)
MATCH (n0 {id : 3}), (n1 {id : 0}) MERGE(n0)-[r :T7{k62 : 329919412780166429, k61 : true, k64 : "L12gzY0l", k63 : "n71VsrhD", k66 : "J0q7pf3", k65 : false, id : 18, k67 : "KBA4z"}]->(n1)
MATCH (n0 {id : 1}), (n1 {id : 3}) MERGE(n0)-[r :T10{k80 : "h9Y8fVe", k82 : true, k81 : "ow17Qfw35", id : 19, k79 : "84sDk", k78 : true}]->(n1)
MATCH (n0 {id : 9}), (n1 {id : 8}) MERGE(n0)-[r :T7{k62 : -6172738118089083353, k61 : true, k64 : "UIe4C", k63 : "3nOjfbFxU", k66 : "PxVRiNG", k65 : true, id : 20, k67 : "CmJGOMyd"}]->(n1)
MATCH (n0 {id : 6}), (n1 {id : 6}) MERGE(n0)-[r :T1{k28 : "TyVmyR56", k27 : false, k29 : false, id : 21, k24 : -3012865684090159909, k26 : false, k25 : "Xmrkpa"}]->(n1)
MATCH (n0 {id : 4}), (n1 {id : 8}) MERGE(n0)-[r :T4{k42 : "L9ewA8j", k44 : 7581597131014636963, k43 : false, id : 22, k46 : false, k45 : false, k48 : -4657229519584224587, k47 : 9064168355062290904}]->(n1)
MATCH (n0 {id : 2}), (n1 {id : 0}) MERGE(n0)-[r :T7{k62 : -6386864749667872981, k61 : false, k64 : "vTGUE", k63 : "d6T9aZ", k66 : "I9MdAtzND", k65 : false, id : 23, k67 : "zVHcrLl3"}]->(n1)
MATCH (n0 {id : 8}), (n1 {id : 1}) MERGE(n0)-[r :T2{k31 : true, k30 : true, k33 : "EvfWFrq", k32 : "QzryLVo3a", id : 24, k34 : 2276064165476114873}]->(n1)

Neo4j starting on bolt port 20000, PID=6053
wait for another moment
wait for another moment
wait for another moment
wait for another moment
wait for another moment
wait for another moment
wait for another moment
wait for another moment
wait for another moment
wait for another moment
wait for another moment
wait for another moment
wait for another moment
wait for another moment
wait for another moment
wait for another moment
wait for another moment
wait for another moment
wait for another moment
wait for another moment
wait for another moment
wait for another moment
wait for another moment
wait for another moment
wait for another moment
new global state
Database Name:neo4jdatabase0-1774882867286-0
CREATE CONSTRAINT c0 IF NOT EXISTS FOR (n:L0) REQUIRE (n.k0) IS UNIQUE
CREATE CONSTRAINT c1 IF NOT EXISTS FOR (n:L0) REQUIRE (n.k6) IS UNIQUE
CREATE CONSTRAINT c2 IF NOT EXISTS FOR (n:L0) REQUIRE (n.id) IS UNIQUE
CREATE CONSTRAINT c3 IF NOT EXISTS FOR (n:L1) REQUIRE (n.k8) IS UNIQUE
CREATE CONSTRAINT c4 IF NOT EXISTS FOR (n:L1) REQUIRE (n.k9) IS UNIQUE
CREATE CONSTRAINT c5 IF NOT EXISTS FOR (n:L1) REQUIRE (n.id) IS UNIQUE
CREATE CONSTRAINT c6 IF NOT EXISTS FOR (n:L2) REQUIRE (n.k16) IS UNIQUE
CREATE CONSTRAINT c7 IF NOT EXISTS FOR (n:L2) REQUIRE (n.id) IS UNIQUE
CREATE CONSTRAINT c8 IF NOT EXISTS FOR (n:L5) REQUIRE (n.k34) IS UNIQUE
CREATE CONSTRAINT c9 IF NOT EXISTS FOR (n:L6) REQUIRE (n.k41) IS UNIQUE
CREATE CONSTRAINT c10 IF NOT EXISTS FOR (n:L6) REQUIRE (n.k42) IS UNIQUE
CREATE CONSTRAINT c11 IF NOT EXISTS FOR (n:L6) REQUIRE (n.k43) IS UNIQUE
CREATE CONSTRAINT c12 IF NOT EXISTS FOR (n:L6) REQUIRE (n.id) IS UNIQUE
CREATE INDEX i13 IF NOT EXISTS FOR (n:L0) ON (n.k0)
CREATE TEXT INDEX i14 IF NOT EXISTS FOR (n:L0) ON (n.k0)
CREATE INDEX i15 IF NOT EXISTS FOR (n:L0) ON (n.k1)
CREATE INDEX i16 IF NOT EXISTS FOR (n:L0) ON (n.k6)
CREATE TEXT INDEX i17 IF NOT EXISTS FOR (n:L0) ON (n.k6)
CREATE INDEX i18 IF NOT EXISTS FOR (n:L0) ON (n.id)
CREATE INDEX i19 IF NOT EXISTS FOR (n:L1) ON (n.k8)
CREATE TEXT INDEX i20 IF NOT EXISTS FOR (n:L1) ON (n.k8)
CREATE INDEX i21 IF NOT EXISTS FOR (n:L1) ON (n.k9)
CREATE INDEX i22 IF NOT EXISTS FOR (n:L1) ON (n.id)
CREATE INDEX i23 IF NOT EXISTS FOR (n:L2) ON (n.k13)
CREATE INDEX i24 IF NOT EXISTS FOR (n:L2) ON (n.k16)
CREATE TEXT INDEX i25 IF NOT EXISTS FOR (n:L2) ON (n.k16)
CREATE INDEX i26 IF NOT EXISTS FOR (n:L2) ON (n.k19)
CREATE TEXT INDEX i27 IF NOT EXISTS FOR (n:L2) ON (n.k19)
CREATE INDEX i28 IF NOT EXISTS FOR (n:L2) ON (n.id)
CREATE INDEX i29 IF NOT EXISTS FOR (n:L3) ON (n.k20)
CREATE INDEX i30 IF NOT EXISTS FOR (n:L3) ON (n.k24)
CREATE INDEX i31 IF NOT EXISTS FOR (n:L3) ON (n.id)
CREATE INDEX i32 IF NOT EXISTS FOR (n:L4) ON (n.k29)
CREATE TEXT INDEX i33 IF NOT EXISTS FOR (n:L4) ON (n.k29)
CREATE INDEX i34 IF NOT EXISTS FOR (n:L4) ON (n.k31)
CREATE INDEX i35 IF NOT EXISTS FOR (n:L4) ON (n.id)
CREATE INDEX i36 IF NOT EXISTS FOR (n:L5) ON (n.k33)
CREATE INDEX i37 IF NOT EXISTS FOR (n:L5) ON (n.k34)
CREATE TEXT INDEX i38 IF NOT EXISTS FOR (n:L5) ON (n.k34)
CREATE INDEX i39 IF NOT EXISTS FOR (n:L5) ON (n.k35)
CREATE TEXT INDEX i40 IF NOT EXISTS FOR (n:L5) ON (n.k35)
CREATE INDEX i41 IF NOT EXISTS FOR (n:L5) ON (n.k38)
CREATE INDEX i42 IF NOT EXISTS FOR (n:L5) ON (n.id)
CREATE INDEX i43 IF NOT EXISTS FOR (n:L6) ON (n.k41)
CREATE TEXT INDEX i44 IF NOT EXISTS FOR (n:L6) ON (n.k41)
CREATE INDEX i45 IF NOT EXISTS FOR (n:L6) ON (n.k42)
CREATE TEXT INDEX i46 IF NOT EXISTS FOR (n:L6) ON (n.k42)
CREATE INDEX i47 IF NOT EXISTS FOR (n:L6) ON (n.k43)
CREATE TEXT INDEX i48 IF NOT EXISTS FOR (n:L6) ON (n.k43)
CREATE INDEX i49 IF NOT EXISTS FOR (n:L6) ON (n.id)
CREATE INDEX i50 IF NOT EXISTS FOR (n:L7) ON (n.k49)
CREATE INDEX i51 IF NOT EXISTS FOR (n:L7) ON (n.id)
CREATE INDEX i52 IF NOT EXISTS FOR (n:L8) ON (n.k52)
CREATE TEXT INDEX i53 IF NOT EXISTS FOR (n:L8) ON (n.k52)
CREATE INDEX i54 IF NOT EXISTS FOR (n:L8) ON (n.id)
CREATE CONSTRAINT c55 IF NOT EXISTS FOR (n:L2) REQUIRE (n.k19, n.k13) IS UNIQUE
CREATE CONSTRAINT c56 IF NOT EXISTS FOR (n:L5) REQUIRE (n.k35, n.k34) IS UNIQUE
CREATE INDEX i57 IF NOT EXISTS FOR (n:L7) ON (n.k45, n.k48)
CREATE CONSTRAINT c58 IF NOT EXISTS FOR (r:T0) REQUIRE (r.k57) IS UNIQUE
CREATE CONSTRAINT c59 IF NOT EXISTS FOR (r:T0) REQUIRE (r.k58) IS UNIQUE
CREATE CONSTRAINT c60 IF NOT EXISTS FOR (r:T4) REQUIRE (r.k78) IS UNIQUE
CREATE CONSTRAINT c61 IF NOT EXISTS FOR (r:T4) REQUIRE (r.k84) IS UNIQUE
CREATE CONSTRAINT c62 IF NOT EXISTS FOR (r:T4) REQUIRE (r.id) IS UNIQUE
CREATE CONSTRAINT c63 IF NOT EXISTS FOR (r:T5) REQUIRE (r.k90) IS UNIQUE
CREATE CONSTRAINT c64 IF NOT EXISTS FOR (r:T6) REQUIRE (r.k95) IS UNIQUE
CREATE CONSTRAINT c65 IF NOT EXISTS FOR (r:T7) REQUIRE (r.k97) IS UNIQUE
CREATE CONSTRAINT c66 IF NOT EXISTS FOR (r:T7) REQUIRE (r.k98) IS UNIQUE
CREATE CONSTRAINT c67 IF NOT EXISTS FOR (r:T7) REQUIRE (r.k99) IS UNIQUE
CREATE CONSTRAINT c68 IF NOT EXISTS FOR (r:T7) REQUIRE (r.k100) IS UNIQUE
CREATE CONSTRAINT c69 IF NOT EXISTS FOR (r:T7) REQUIRE (r.k101) IS UNIQUE
CREATE CONSTRAINT c70 IF NOT EXISTS FOR (r:T8) REQUIRE (r.k108) IS UNIQUE
CREATE CONSTRAINT c71 IF NOT EXISTS FOR (r:T8) REQUIRE (r.id) IS UNIQUE
CREATE CONSTRAINT c72 IF NOT EXISTS FOR (r:T9) REQUIRE (r.k110) IS UNIQUE
CREATE CONSTRAINT c73 IF NOT EXISTS FOR (r:T9) REQUIRE (r.k113) IS UNIQUE
CREATE CONSTRAINT c74 IF NOT EXISTS FOR (r:T9) REQUIRE (r.id) IS UNIQUE
CREATE CONSTRAINT c75 IF NOT EXISTS FOR (r:T10) REQUIRE (r.k116) IS UNIQUE
CREATE CONSTRAINT c76 IF NOT EXISTS FOR (r:T10) REQUIRE (r.id) IS UNIQUE
CREATE CONSTRAINT c77 IF NOT EXISTS FOR (r:T11) REQUIRE (r.k120) IS UNIQUE
CREATE CONSTRAINT c78 IF NOT EXISTS FOR (r:T12) REQUIRE (r.k127) IS UNIQUE
CREATE CONSTRAINT c79 IF NOT EXISTS FOR (r:T13) REQUIRE (r.k129) IS UNIQUE
CREATE CONSTRAINT c80 IF NOT EXISTS FOR (r:T13) REQUIRE (r.k133) IS UNIQUE
CREATE CONSTRAINT c81 IF NOT EXISTS FOR (r:T13) REQUIRE (r.k135) IS UNIQUE
CREATE CONSTRAINT c82 IF NOT EXISTS FOR (r:T13) REQUIRE (r.id) IS UNIQUE
CREATE CONSTRAINT c83 IF NOT EXISTS FOR (r:T14) REQUIRE (r.k138) IS UNIQUE
CREATE CONSTRAINT c84 IF NOT EXISTS FOR (r:T14) REQUIRE (r.id) IS UNIQUE
CREATE CONSTRAINT c85 IF NOT EXISTS FOR (r:T15) REQUIRE (r.k143) IS UNIQUE
CREATE CONSTRAINT c86 IF NOT EXISTS FOR (r:T15) REQUIRE (r.id) IS UNIQUE
CREATE CONSTRAINT c87 IF NOT EXISTS FOR (r:T16) REQUIRE (r.k149) IS UNIQUE
CREATE CONSTRAINT c88 IF NOT EXISTS FOR (r:T17) REQUIRE (r.id) IS UNIQUE
CREATE CONSTRAINT c89 IF NOT EXISTS FOR (r:T18) REQUIRE (r.id) IS UNIQUE
CREATE CONSTRAINT c90 IF NOT EXISTS FOR (r:T19) REQUIRE (r.k166) IS UNIQUE
CREATE CONSTRAINT c91 IF NOT EXISTS FOR (r:T19) REQUIRE (r.k168) IS UNIQUE
CREATE CONSTRAINT c92 IF NOT EXISTS FOR (r:T19) REQUIRE (r.k170) IS UNIQUE
CREATE CONSTRAINT c93 IF NOT EXISTS FOR (r:T19) REQUIRE (r.k171) IS UNIQUE
CREATE CONSTRAINT c94 IF NOT EXISTS FOR (r:T19) REQUIRE (r.id) IS UNIQUE
CREATE CONSTRAINT c95 IF NOT EXISTS FOR (r:T20) REQUIRE (r.id) IS UNIQUE
CREATE CONSTRAINT c96 IF NOT EXISTS FOR (r:T22) REQUIRE (r.id) IS UNIQUE
CREATE CONSTRAINT c97 IF NOT EXISTS FOR (r:T23) REQUIRE (r.k191) IS UNIQUE
CREATE CONSTRAINT c98 IF NOT EXISTS FOR (r:T24) REQUIRE (r.k199) IS UNIQUE
CREATE CONSTRAINT c99 IF NOT EXISTS FOR (r:T25) REQUIRE (r.id) IS UNIQUE
CREATE CONSTRAINT c100 IF NOT EXISTS FOR (r:T26) REQUIRE (r.k209) IS UNIQUE
CREATE CONSTRAINT c101 IF NOT EXISTS FOR (r:T26) REQUIRE (r.id) IS UNIQUE
CREATE CONSTRAINT c102 IF NOT EXISTS FOR (r:T27) REQUIRE (r.k218) IS UNIQUE
CREATE INDEX i103 IF NOT EXISTS FOR (n:T0) ON (n.k57)
CREATE INDEX i104 IF NOT EXISTS FOR (n:T0) ON (n.k58)
CREATE INDEX i105 IF NOT EXISTS FOR (n:T0) ON (n.id)
CREATE INDEX i106 IF NOT EXISTS FOR (n:T1) ON (n.k63)
CREATE INDEX i107 IF NOT EXISTS FOR (n:T1) ON (n.k65)
CREATE INDEX i108 IF NOT EXISTS FOR (n:T1) ON (n.id)
CREATE INDEX i109 IF NOT EXISTS FOR (n:T2) ON (n.k71)
CREATE TEXT INDEX i110 IF NOT EXISTS FOR (n:T2) ON (n.k71)
CREATE INDEX i111 IF NOT EXISTS FOR (n:T2) ON (n.id)
CREATE INDEX i112 IF NOT EXISTS FOR (n:T3) ON (n.k76)
CREATE INDEX i113 IF NOT EXISTS FOR (n:T3) ON (n.id)
CREATE INDEX i114 IF NOT EXISTS FOR (n:T4) ON (n.k78)
CREATE INDEX i115 IF NOT EXISTS FOR (n:T4) ON (n.k81)
CREATE INDEX i116 IF NOT EXISTS FOR (n:T4) ON (n.k84)
CREATE TEXT INDEX i117 IF NOT EXISTS FOR (n:T4) ON (n.k84)
CREATE INDEX i118 IF NOT EXISTS FOR (n:T4) ON (n.id)
CREATE INDEX i119 IF NOT EXISTS FOR (n:T5) ON (n.k90)
CREATE INDEX i120 IF NOT EXISTS FOR (n:T5) ON (n.id)
CREATE INDEX i121 IF NOT EXISTS FOR (n:T6) ON (n.k95)
CREATE TEXT INDEX i122 IF NOT EXISTS FOR (n:T6) ON (n.k95)
CREATE INDEX i123 IF NOT EXISTS FOR (n:T6) ON (n.id)
CREATE INDEX i124 IF NOT EXISTS FOR (n:T7) ON (n.k97)
CREATE INDEX i125 IF NOT EXISTS FOR (n:T7) ON (n.k98)
CREATE INDEX i126 IF NOT EXISTS FOR (n:T7) ON (n.k99)
CREATE TEXT INDEX i127 IF NOT EXISTS FOR (n:T7) ON (n.k99)
CREATE INDEX i128 IF NOT EXISTS FOR (n:T7) ON (n.k100)
CREATE TEXT INDEX i129 IF NOT EXISTS FOR (n:T7) ON (n.k100)
CREATE INDEX i130 IF NOT EXISTS FOR (n:T7) ON (n.k101)
CREATE TEXT INDEX i131 IF NOT EXISTS FOR (n:T7) ON (n.k101)
CREATE INDEX i132 IF NOT EXISTS FOR (n:T7) ON (n.id)
CREATE INDEX i133 IF NOT EXISTS FOR (n:T8) ON (n.k103)
CREATE INDEX i134 IF NOT EXISTS FOR (n:T8) ON (n.k105)
CREATE INDEX i135 IF NOT EXISTS FOR (n:T8) ON (n.k108)
CREATE TEXT INDEX i136 IF NOT EXISTS FOR (n:T8) ON (n.k108)
CREATE INDEX i137 IF NOT EXISTS FOR (n:T8) ON (n.id)
CREATE INDEX i138 IF NOT EXISTS FOR (n:T9) ON (n.k110)
CREATE INDEX i139 IF NOT EXISTS FOR (n:T9) ON (n.k113)
CREATE TEXT INDEX i140 IF NOT EXISTS FOR (n:T9) ON (n.k113)
CREATE INDEX i141 IF NOT EXISTS FOR (n:T9) ON (n.id)
CREATE INDEX i142 IF NOT EXISTS FOR (n:T10) ON (n.k116)
CREATE TEXT INDEX i143 IF NOT EXISTS FOR (n:T10) ON (n.k116)
CREATE INDEX i144 IF NOT EXISTS FOR (n:T10) ON (n.id)
CREATE INDEX i145 IF NOT EXISTS FOR (n:T11) ON (n.k120)
CREATE INDEX i146 IF NOT EXISTS FOR (n:T11) ON (n.id)
CREATE INDEX i147 IF NOT EXISTS FOR (n:T12) ON (n.k126)
CREATE TEXT INDEX i148 IF NOT EXISTS FOR (n:T12) ON (n.k126)
CREATE INDEX i149 IF NOT EXISTS FOR (n:T12) ON (n.k127)
CREATE TEXT INDEX i150 IF NOT EXISTS FOR (n:T12) ON (n.k127)
CREATE INDEX i151 IF NOT EXISTS FOR (n:T12) ON (n.k128)
CREATE TEXT INDEX i152 IF NOT EXISTS FOR (n:T12) ON (n.k128)
CREATE INDEX i153 IF NOT EXISTS FOR (n:T12) ON (n.id)
CREATE INDEX i154 IF NOT EXISTS FOR (n:T13) ON (n.k129)
CREATE TEXT INDEX i155 IF NOT EXISTS FOR (n:T13) ON (n.k129)
CREATE INDEX i156 IF NOT EXISTS FOR (n:T13) ON (n.k131)
CREATE TEXT INDEX i157 IF NOT EXISTS FOR (n:T13) ON (n.k131)
CREATE INDEX i158 IF NOT EXISTS FOR (n:T13) ON (n.k133)
CREATE TEXT INDEX i159 IF NOT EXISTS FOR (n:T13) ON (n.k133)
CREATE INDEX i160 IF NOT EXISTS FOR (n:T13) ON (n.k134)
CREATE TEXT INDEX i161 IF NOT EXISTS FOR (n:T13) ON (n.k134)
CREATE INDEX i162 IF NOT EXISTS FOR (n:T13) ON (n.k135)
CREATE INDEX i163 IF NOT EXISTS FOR (n:T13) ON (n.id)
CREATE INDEX i164 IF NOT EXISTS FOR (n:T14) ON (n.k136)
CREATE INDEX i165 IF NOT EXISTS FOR (n:T14) ON (n.k138)
CREATE INDEX i166 IF NOT EXISTS FOR (n:T14) ON (n.id)
CREATE INDEX i167 IF NOT EXISTS FOR (n:T15) ON (n.k143)
CREATE INDEX i168 IF NOT EXISTS FOR (n:T15) ON (n.id)
CREATE INDEX i169 IF NOT EXISTS FOR (n:T16) ON (n.k148)
CREATE TEXT INDEX i170 IF NOT EXISTS FOR (n:T16) ON (n.k148)
CREATE INDEX i171 IF NOT EXISTS FOR (n:T16) ON (n.k149)
CREATE INDEX i172 IF NOT EXISTS FOR (n:T16) ON (n.k150)
CREATE TEXT INDEX i173 IF NOT EXISTS FOR (n:T16) ON (n.k150)
CREATE INDEX i174 IF NOT EXISTS FOR (n:T16) ON (n.id)
CREATE INDEX i175 IF NOT EXISTS FOR (n:T17) ON (n.k157)
CREATE INDEX i176 IF NOT EXISTS FOR (n:T17) ON (n.id)
CREATE INDEX i177 IF NOT EXISTS FOR (n:T18) ON (n.k158)
CREATE INDEX i178 IF NOT EXISTS FOR (n:T18) ON (n.k160)
CREATE INDEX i179 IF NOT EXISTS FOR (n:T18) ON (n.k162)
CREATE INDEX i180 IF NOT EXISTS FOR (n:T18) ON (n.k163)
CREATE INDEX i181 IF NOT EXISTS FOR (n:T18) ON (n.id)
CREATE INDEX i182 IF NOT EXISTS FOR (n:T19) ON (n.k166)
CREATE INDEX i183 IF NOT EXISTS FOR (n:T19) ON (n.k168)
CREATE TEXT INDEX i184 IF NOT EXISTS FOR (n:T19) ON (n.k168)
CREATE INDEX i185 IF NOT EXISTS FOR (n:T19) ON (n.k170)
CREATE TEXT INDEX i186 IF NOT EXISTS FOR (n:T19) ON (n.k170)
CREATE INDEX i187 IF NOT EXISTS FOR (n:T19) ON (n.k171)
CREATE INDEX i188 IF NOT EXISTS FOR (n:T19) ON (n.id)
CREATE INDEX i189 IF NOT EXISTS FOR (n:T20) ON (n.k172)
CREATE TEXT INDEX i190 IF NOT EXISTS FOR (n:T20) ON (n.k172)
CREATE INDEX i191 IF NOT EXISTS FOR (n:T20) ON (n.k173)
CREATE TEXT INDEX i192 IF NOT EXISTS FOR (n:T20) ON (n.k173)
CREATE INDEX i193 IF NOT EXISTS FOR (n:T20) ON (n.id)
CREATE INDEX i194 IF NOT EXISTS FOR (n:T21) ON (n.k181)
CREATE TEXT INDEX i195 IF NOT EXISTS FOR (n:T21) ON (n.k181)
CREATE INDEX i196 IF NOT EXISTS FOR (n:T21) ON (n.id)
CREATE INDEX i197 IF NOT EXISTS FOR (n:T22) ON (n.k187)
CREATE INDEX i198 IF NOT EXISTS FOR (n:T22) ON (n.id)
CREATE INDEX i199 IF NOT EXISTS FOR (n:T23) ON (n.k191)
CREATE TEXT INDEX i200 IF NOT EXISTS FOR (n:T23) ON (n.k191)
CREATE INDEX i201 IF NOT EXISTS FOR (n:T23) ON (n.id)
CREATE INDEX i202 IF NOT EXISTS FOR (n:T24) ON (n.k199)
CREATE INDEX i203 IF NOT EXISTS FOR (n:T24) ON (n.id)
CREATE INDEX i204 IF NOT EXISTS FOR (n:T25) ON (n.id)
CREATE INDEX i205 IF NOT EXISTS FOR (n:T26) ON (n.k209)
CREATE TEXT INDEX i206 IF NOT EXISTS FOR (n:T26) ON (n.k209)
CREATE INDEX i207 IF NOT EXISTS FOR (n:T26) ON (n.id)
CREATE INDEX i208 IF NOT EXISTS FOR (n:T27) ON (n.k213)
CREATE INDEX i209 IF NOT EXISTS FOR (n:T27) ON (n.k218)
CREATE INDEX i210 IF NOT EXISTS FOR (n:T27) ON (n.id)
CREATE INDEX i211 IF NOT EXISTS FOR (r:T1) ON (r.k63, r.k65)
CREATE INDEX i212 IF NOT EXISTS FOR (r:T2) ON (r.k71, r.k72, r.k69)
CREATE INDEX i213 IF NOT EXISTS FOR (r:T5) ON (r.k86, r.k89)
CREATE CONSTRAINT c214 IF NOT EXISTS FOR (r:T7) REQUIRE (r.k101, r.k100, r.k99) IS UNIQUE
CREATE INDEX i215 IF NOT EXISTS FOR (r:T8) ON (r.k103, r.k105, r.k107, r.k106, r.k108)
CREATE CONSTRAINT c216 IF NOT EXISTS FOR (r:T13) REQUIRE (r.k131, r.k129) IS UNIQUE
CREATE CONSTRAINT c217 IF NOT EXISTS FOR (r:T16) REQUIRE (r.k150, r.k149, r.k148) IS UNIQUE
CREATE INDEX i218 IF NOT EXISTS FOR (r:T17) ON (r.k152, r.k153)
CREATE INDEX i219 IF NOT EXISTS FOR (r:T20) ON (r.k172, r.k174, r.k173, r.k175)
CREATE INDEX i220 IF NOT EXISTS FOR (r:T25) ON (r.k204, r.k203, r.k205)
CREATE (n0 :L5:L2:L7{k33 : 1804616250169691300, k44 : false, k35 : "cdAGnp", k13 : 3885236916745445949, k46 : false, k34 : "EJ8mX", k45 : false, k37 : "eWXnyHj", k15 : 4981448333875467958, k48 : -7200734702942640799, k36 : 4335898224509170187, k14 : false, k47 : false, k17 : "B5FDgKC", k38 : 6856889051321918929, k16 : "DudE6", k49 : -428708778850680526, k19 : "KGrsHwnPP", k18 : false, id : 0})
CREATE (n0 :L1:L5{k38 : -6038651881625052550, k11 : false, k33 : -1109508277846465256, k10 : false, id : 1, k7 : true, k35 : "H43K5X", k8 : "pPDCcRKu", k34 : "1Rgo0jhE", k9 : -4390697440904372320, k37 : "KQVDZercJ", k36 : 3035401916803230346})
CREATE (n0 :L4{k28 : 449354995474282209, k27 : "UcSM10l9o", k29 : "b7GMP", k31 : -5885317483407426958, k30 : "SJQLT", k32 : false, id : 2})
CREATE (n0 :L6:L3:L5{k40 : 5413588482057051138, k42 : "Gzw6hMW", k20 : -7279036225132718246, k41 : "Sts37", k22 : true, k33 : -1050101414209857767, k43 : "p3yq3U", k21 : 5974462628631004569, k24 : 1281608608889462921, k35 : "MmoTPIW8", k23 : true, k34 : "aOjrxyD3", k26 : "K7EgccI", k37 : "uwz9siJLy", k25 : -6276280041785997383, k36 : 8402397484013798408, k39 : 6838370596063202414, k38 : -1524947098592539942, id : 3})
CREATE (n0 :L2{k17 : "QGpMb5", k16 : "QPkx7", k19 : "NSOmGeVk", k18 : false, id : 4, k13 : 2845632462374259551, k15 : -2085164867206844606})
CREATE (n0 :L6{k39 : 2677529833975346670, k40 : -6197593192469781677, k42 : "PNShSsji", k41 : "SGx15jc", k43 : "2zHLpwg", id : 5})
CREATE (n0 :L5{k38 : -1565059034791800422, k33 : -8568417478508391383, id : 6, k35 : "sPiOQ", k34 : "EQ5R9Zyd", k37 : "xVouSQXk", k36 : -5472712582853006168})
CREATE (n0 :L4:L5{k31 : -7599666752922946916, k30 : "HIjLnZ6x", k33 : -7552523054553018728, k32 : true, k35 : "38EJ90", k34 : "Nc9MW", k37 : "rrn0qT", k36 : -3651506198411542971, k28 : -7050228498889935636, k27 : "ptHfDg", k38 : 2410199653069150480, k29 : "zYm8T", id : 7})
CREATE (n0 :L6{k39 : 8137723585984682723, k40 : 1442406293146892538, k42 : "95z8Lmi", k41 : "51LF6ZSCq", k43 : "raMum", id : 8})
CREATE (n0 :L5:L3{k20 : 6361021166109111162, k33 : 544469250831647912, k22 : false, k21 : -1612290105420732207, k35 : "kQi6JS3Dd", k24 : -1249241341474895555, k34 : "C8kvTAl", k23 : false, k37 : "2ITjZGhBr", k26 : "V0GzOu6M", k36 : -5338301144970640189, k25 : -1008476367589687516, k38 : -8978404130087392320, id : 9})
CREATE (n0 :L4{k28 : -6055968177721214026, k27 : "3KRKTa", k29 : "jN61THd", k31 : 803763748343802489, k30 : "gV5kK", k32 : false, id : 10})
CREATE (n0 {id : 11})
CREATE (n0 {id : 12})
CREATE (n0 :L4{k28 : 762143889071823387, k27 : "qJ9cZ", k29 : "xIYTYu66t", k31 : -6935139594114042225, k30 : "WhoRRV7F", k32 : false, id : 13})
MATCH (n0 {id : 10}), (n1 {id : 4}) MERGE(n0)-[r :T17{k152 : false, k154 : false, k153 : false, k156 : 3236519262507846338, k155 : "WYZOP1zt", k157 : 7927787326642139717, id : 14}]->(n1)
MATCH (n0 {id : 10}), (n1 {id : 11}) MERGE(n0)-[r :T25{k204 : true, k203 : 1933852423462542815, id : 15, k206 : true, k205 : true, k207 : -2492725791054758714}]->(n1)
MATCH (n0 {id : 3}), (n1 {id : 1}) MERGE(n0)-[r :T18{k161 : false, k160 : 4787494337073086685, k163 : -7056193544503074664, k162 : 7238589883658377380, k164 : "IdtOgSVbS", k158 : -3329201360504282823, k159 : "ddT5Uwv", id : 16}]->(n1)
MATCH (n0 {id : 12}), (n1 {id : 0}) MERGE(n0)-[r :T17{k152 : false, k154 : true, k153 : false, k156 : 9173040085718552175, k155 : "AwiGm3jbH", k157 : 728969345936089996, id : 17}]->(n1)
MATCH (n0 {id : 6}), (n1 {id : 3}) MERGE(n0)-[r :T1{k64 : -8875610876991075415, k63 : 7380930071379396212, k65 : -7205037691778212702, id : 18, k67 : false}]->(n1)
MATCH (n0 {id : 9}), (n1 {id : 2}) MERGE(n0)-[r :T6{k91 : false, k93 : 174528533450246014, k92 : false, k95 : "xh7XN", k94 : false, id : 19}]->(n1)
MATCH (n0 {id : 8}), (n1 {id : 4}) MERGE(n0)-[r :T26{k209 : "RoucxIN", k211 : 4777664622551954657, k210 : true, k212 : true, id : 20, k208 : "WedH0"}]->(n1)
MATCH (n0 {id : 6}), (n1 {id : 0}) MERGE(n0)-[r :T2{k71 : "6we9JrDOH", k70 : false, k72 : "wyqYg", id : 21, k68 : false, k69 : false}]->(n1)
MATCH (n0 {id : 11}), (n1 {id : 0}) MERGE(n0)-[r :T18{k161 : false, k163 : -3634450671190482741, k162 : 787399576924787291, k164 : "etvjfod", k158 : 5003015187452573347, id : 22}]->(n1)
MATCH (n0 {id : 7}), (n1 {id : 7}) MERGE(n0)-[r :T8{k105 : -8113987874630697642, k104 : true, id : 23, k107 : "Le0pG", k106 : true, k108 : "fCmmGL"}]->(n1)
MATCH (n0 {id : 6}), (n1 {id : 8}) MERGE(n0)-[r :T13{k130 : false, k132 : false, k131 : "4Pz9X", k134 : "jyutio", k133 : "LZ2ygO", k135 : 3470780592374455916, id : 24, k129 : "cfKDsg"}]->(n1)
MATCH (n0 {id : 0}), (n1 {id : 11}) MERGE(n0)-[r :T16{k151 : -2889690551106697099, k147 : false, k149 : -6576717277433977875, k148 : "etbeE", id : 25}]->(n1)
MATCH (n0 {id : 1}), (n1 {id : 10}) MERGE(n0)-[r :T10{k114 : false, k116 : "73X4AovxB", k115 : "roHWFWk", id : 26, k118 : false, k117 : true}]->(n1)
MATCH (n0 {id : 7}), (n1 {id : 3}) MERGE(n0)-[r :T15{k143 : 7175357153866825205, k142 : 8969932839102746438, k145 : 4176025990863392621, k144 : true, k146 : true, id : 27}]->(n1)
MATCH (n0 {id : 8}), (n1 {id : 4}) MERGE(n0)-[r :T13{k130 : true, k132 : false, k131 : "u9UQoc", k134 : "v1lLtU3z", k133 : "oyPvLL9", id : 28, k129 : "gsxd9h"}]->(n1)
MATCH (n0 {id : 5}), (n1 {id : 6}) MERGE(n0)-[r :T7{k101 : "yLXrJZ8", k100 : "Ox2Ynwxq", k97 : 7840550617622856737, k102 : false, k99 : "yy9dLMwl", k98 : 4588893468358606928, id : 29}]->(n1)
MATCH (n0 {id : 10}), (n1 {id : 4}) MERGE(n0)-[r :T25{k204 : false, k203 : -4351747187193487302, id : 30, k206 : true, k205 : false, k207 : 6355285633927838683}]->(n1)
MATCH (n0 {id : 8}), (n1 {id : 11}) MERGE(n0)-[r :T26{k209 : "53MnY", k211 : -379973720996649251, k210 : false, k212 : true, id : 31, k208 : "nvP9WOSjG"}]->(n1)
MATCH (n0 {id : 8}), (n1 {id : 13}) MERGE(n0)-[r :T0{k60 : 9119053212417619048, k62 : "AEEZEieT", k61 : false, id : 32, k59 : 6745199721974997666, k58 : -4525995267262050422}]->(n1)
MATCH (n0 {id : 6}), (n1 {id : 10}) MERGE(n0)-[r :T18{k161 : false, k160 : 1606066873736384925, k163 : -5055507955162542868, k162 : 2995520160554473268, k164 : "2qWueo", k158 : -1100327572725827918, k159 : "ZuBju", id : 33}]->(n1)
MATCH (n0 {id : 2}), (n1 {id : 11}) MERGE(n0)-[r :T9{k110 : 4152488168741430873, k112 : true, k111 : "UvbOaIm", id : 34, k109 : false}]->(n1)
MATCH (n0 {id : 6}), (n1 {id : 1}) MERGE(n0)-[r :T24{k198 : -6164206508009634672, k197 : false, k200 : false, k199 : -7989375599940037627, k202 : 8731554380844602320, k201 : false, id : 35}]->(n1)
MATCH (n0 {id : 5}), (n1 {id : 6}) MERGE(n0)-[r :T16{k150 : "InxX6Yb", k151 : -1146942101902476895, k147 : true, k149 : 3707974267652204966, k148 : "tosT6Y", id : 36}]->(n1)
MATCH (n0 {id : 10}), (n1 {id : 6}) MERGE(n0)-[r :T5{k90 : -2460303989449311421, k86 : false, k85 : true, k88 : 4421096873399255219, k87 : 1888530935338457120, id : 37, k89 : 6127283484306504914}]->(n1)
MATCH (n0 {id : 5}), (n1 {id : 13}) MERGE(n0)-[r :T9{k110 : 2517518805792920435, k112 : true, k111 : "7FJYZ5K", k113 : "Bpcke9gw", id : 38, k109 : true}]->(n1)
MATCH (n0 {id : 2}), (n1 {id : 1}) MERGE(n0)-[r :T25{k204 : false, k203 : 6756017157149761825, id : 39, k206 : false, k205 : true, k207 : -964026193420970968}]->(n1)
MATCH (n0 {id : 12}), (n1 {id : 10}) MERGE(n0)-[r :T3{k73 : true, k75 : true, k74 : false, k77 : -816452913581011590, k76 : -8175649976157681784, id : 40}]->(n1)
MATCH (n0 {id : 5}), (n1 {id : 11}) MERGE(n0)-[r :T2{k71 : "E7JhM1JQ", k70 : true, k72 : "EmU6MBN", id : 41, k68 : true, k69 : false}]->(n1)
MATCH (n0 :L5 :L2 :L7{k48:-7200734702942640799})<-[r0 :T18]-(n1)<-[r1 :T16]-(n2 :L5 :L2 :L7), (n3 :L4{k32:false})-[r2 :T25]-(n4 :L2{k13:2845632462374259551}), (n5 :L6{id:5})-[r3 :T16]-(n6 :L5{k35:'sPiOQ'})-[r4 :T18]->(n3{k31:803763748343802489})-[r5 :T17]->(n4), (n5{k42:'PNShSsji'})-[r6 :T9]-(n7) WHERE ((-1205063695 = -1205063695) AND ((((((((((((((((n0.k13) = 3885236916745445949) AND (((r0.k158) >= 5003015187452573346) AND ((r0.k158) <= 5003015187452573348))) AND ((n1.id) = 11)) AND (((((((r1.k148) > 'etbdE') AND ((r1.k148) < 'etbfE')) AND ((r1.id) = 25)) AND ((r1.k148) CONTAINS 'etbe')) AND ((r1.k149) = -6576717277433977875)) AND ((r1.id) = 25))) AND (((n2.k33) > 1804616250169691298) AND ((n2.k33) < 1804616250169691301))) AND ((n3.k31) = 803763748343802489)) AND ((((((((r2.k207) >= 6355285633927838682) AND ((r2.k207) <= 6355285633927838684)) AND (((r2.k203) >= -4351747187193487304) AND ((r2.k203) <= -4351747187193487301))) AND ((r2.id) = 30)) AND (((r2.k207) > 6355285633927838682) AND ((r2.k207) < 6355285633927838684))) AND (((r2.k207) >= 6355285633927838681) AND ((r2.k207) <= 6355285633927838684))) AND (((r2.k207) >= 6355285633927838681) AND ((r2.k207) <= 6355285633927838685)))) AND ((n4.k19) = 'NSOmGeVk')) AND (((n5.k40) >= -6197593192469781678) AND ((n5.k40) <= -6197593192469781675))) AND (((r3.k149) >= 3707974267652204965) AND ((r3.k149) <= 3707974267652204968))) AND ((r4.id) = 33)) AND ((r5.id) = 14)) AND (((n5.k42) > 'PNShSsii') AND ((n5.k42) < 'PNShSski'))) AND ((((r6.k110) = 2517518805792920435) AND ((r6.id) = 38)) AND ((r6.id) = 38))) AND ((n7.id) = 13))) OPTIONAL MATCH (n0 :L2{k35:'cdAGnp'})<-[r7 :T18]-(n1)<-[r8 :T16]-(n0{k15:4981448333875467958}), (n8 :L1 :L5{id:1})-[r9 :T10]-(n3{k29:'jN61THd'})-[r10 :T5]->(n6 :L5{id:6})-[r11 :T13]->(n9 :L6)-[r12 :T13]->(n4), (n5 :L6)-[r13 :T16]-(n6{k35:'sPiOQ'})-[r14 :T18]->(n3{k30:'gV5kK'})-[r15 :T17]-(n4 :L2) WHERE ((NOT (NOT (((r7.k164)+(n4.k16)) CONTAINS ('etvj'+'fodQP')))) AND ((((((((((((r7.id) = 22) AND ((((((r8.id) = 25) AND ((r8.id) = 25)) AND ((r8.k148) CONTAINS 'etbe')) AND (((r8.k149) >= -6576717277433977876) AND ((r8.k149) <= -6576717277433977873))) AND ((r8.k149) = -6576717277433977875))) AND ((n8.k8) CONTAINS 'DCcR')) AND ((r9.id) = 26)) AND ((((((((r10.k89) >= 6127283484306504912) AND ((r10.k89) <= 6127283484306504915)) AND (((r10.k88) >= 4421096873399255218) AND ((r10.k88) <= 4421096873399255220))) AND (((r10.k89) >= 6127283484306504912) AND ((r10.k89) <= 6127283484306504916))) AND ((r10.id) = 37)) AND (((r10.k90) >= -2460303989449311423) AND ((r10.k90) <= -2460303989449311420))) AND (((r10.k89) >= 6127283484306504913) AND ((r10.k89) <= 6127283484306504915)))) AND ((((((((r11.k129) STARTS WITH 'cfKDs') AND ((r11.k129) CONTAINS 'fKDs')) AND ((r11.k129) ENDS WITH 'fKDsg')) AND ((r11.id) = 24)) AND ((r11.id) = 24)) AND ((r11.id) = 24)) AND ((r11.k135) = 3470780592374455916))) AND (((n9.k39) >= 8137723585984682722) AND ((n9.k39) <= 8137723585984682725))) AND (((((r12.id) = 28) AND ((r12.k133) = 'oyPvLL9')) AND ((r12.k129) ENDS WITH 'gsxd9h')) AND ((r12.k131) STARTS WITH 'u9UQ'))) AND (((((r13.k151) >= -1146942101902476897) AND ((r13.k151) <= -1146942101902476894)) AND ((r13.id) = 36)) AND ((r13.id) = 36))) AND ((((((((r14.k159) STARTS WITH 'ZuB') AND ((r14.k164) ENDS WITH '2qWueo')) AND ((r14.id) = 33)) AND ((r14.k159) STARTS WITH 'ZuBj')) AND ((r14.id) = 33)) AND ((r14.id) = 33)) AND (((r14.k162) > 2995520160554473266) AND ((r14.k162) < 2995520160554473270)))) AND ((r15.id) = 14))) MATCH (n0 :L7)<-[r16 :T18]-(n1{id:11})<-[r17 :T16]-(n0 :L2{k15:4981448333875467958}), (n3 :L4{k29:'jN61THd'})-[r18 :T25]->(n4), (n5{k43:'2zHLpwg'})-[r19 :T16]->(n6 :L5)-[r20 :T18]->(n3{k31:803763748343802489})-[r21 :T17]-(n4{k18:false}) WHERE ((((('cxuMuNzh1'+(((n4.k16)+(n0.k16))+(n6.k34)))+(n4.k16)) >= ((n3.k27)+(('dVMlK'+((n4.k16)+(n0.k16)))+((n4.k16)+(n7.k27))))) AND (((n9.k42)+((((n0.k16)+(n0.k37))+((n2.k35)+(r20.k159)))+((r16.k164)+((r6.k113)+'7qK7GJ')))) <> ('6ha0p6'+((((n5.k43)+'b3ki4')+((r14.k164)+(r12.k129)))+('9bqSP0hJ4'+((n0.k34)+(n0.k19))))))) AND ((((((((((r16.k164) > 'etvjfoc') AND ((r16.k164) < 'etvjfoe')) AND (((r16.k164) > 'etvjfnd') AND ((r16.k164) < 'etvjfpd'))) AND ((r16.id) = 22)) AND ((((((r17.id) = 25) AND ((r17.id) = 25)) AND (((r17.k149) > -6576717277433977876) AND ((r17.k149) < -6576717277433977873))) AND (((r17.k149) >= -6576717277433977876) AND ((r17.k149) <= -6576717277433977873))) AND ((r17.id) = 25))) AND ((((((((r18.k207) > 6355285633927838681) AND ((r18.k207) < 6355285633927838684)) AND (((r18.k207) >= 6355285633927838681) AND ((r18.k207) <= 6355285633927838684))) AND ((r18.k207) = 6355285633927838683)) AND (((r18.k207) >= 6355285633927838682) AND ((r18.k207) <= 6355285633927838684))) AND (((r18.k207) >= 6355285633927838682) AND ((r18.k207) <= 6355285633927838684))) AND (((r18.k203) > -4351747187193487303) AND ((r18.k203) < -4351747187193487300)))) AND ((r19.k150) = 'InxX6Yb')) AND ((((((((r20.id) = 33) AND (((r20.k158) >= -1100327572725827920) AND ((r20.k158) <= -1100327572725827917))) AND ((r20.id) = 33)) AND (((r20.k162) >= 2995520160554473267) AND ((r20.k162) <= 2995520160554473269))) AND ((r20.k162) = 2995520160554473268)) AND ((r20.k164) STARTS WITH '2qWu')) AND ((r20.id) = 33))) AND ((r21.id) = 14))) UNWIND ['WuvzZ9c', (n6.k37), (n4.k19)] AS a0 RETURN DISTINCT toInteger(avg(1654637304)) AS a1, toString('p7OWp1nzf') AS a2 ORDER BY a1, a2 SKIP 0
java.lang.NoClassDefFoundError: com/kuzudb/KuzuObjectRefDestroyedException
	at org.example.gqs.cypher.standard_ast.Return.getActualResult(Return.java:386)
	at org.example.gqs.cypher.oracle.DifferentialNonEmptyBranchOracle.check(DifferentialNonEmptyBranchOracle.java:806)
	at org.example.gqs.cypher.algorithm.Compared3AlgorithmNew.generateAndTestDatabase(Compared3AlgorithmNew.java:238)
	at org.example.gqs.cypher.CypherProviderAdapter.generateAndTestDatabase(CypherProviderAdapter.java:56)
	at org.example.gqs.cypher.CypherProviderAdapter.generateAndTestDatabase(CypherProviderAdapter.java:1)
	at org.example.gqs.Main$DBMSExecutor.run(Main.java:409)
	at org.example.gqs.Main$2.run(Main.java:1115)
	at org.example.gqs.Main$2.runThread(Main.java:1092)
	at org.example.gqs.Main$2.run(Main.java:1013)
	at java.base/java.util.concurrent.ThreadPoolExecutor.runWorker(ThreadPoolExecutor.java:1144)
	at java.base/java.util.concurrent.ThreadPoolExecutor$Worker.run(ThreadPoolExecutor.java:642)
	at java.base/java.lang.Thread.run(Thread.java:1583)
Caused by: java.lang.ClassNotFoundException: com.kuzudb.KuzuObjectRefDestroyedException
	at java.base/jdk.internal.loader.BuiltinClassLoader.loadClass(BuiltinClassLoader.java:641)
	at java.base/jdk.internal.loader.ClassLoaders$AppClassLoader.loadClass(ClassLoaders.java:188)
	at java.base/java.lang.ClassLoader.loadClass(ClassLoader.java:526)
	... 12 more
--java.lang.NoClassDefFoundError: com/kuzudb/KuzuObjectRefDestroyedException
--	at org.example.gqs.cypher.standard_ast.Return.getActualResult(Return.java:386)
--	at org.example.gqs.cypher.oracle.DifferentialNonEmptyBranchOracle.check(DifferentialNonEmptyBranchOracle.java:806)
--	at org.example.gqs.cypher.algorithm.Compared3AlgorithmNew.generateAndTestDatabase(Compared3AlgorithmNew.java:238)
--	at org.example.gqs.cypher.CypherProviderAdapter.generateAndTestDatabase(CypherProviderAdapter.java:56)
--	at org.example.gqs.cypher.CypherProviderAdapter.generateAndTestDatabase(CypherProviderAdapter.java:1)
--	at org.example.gqs.Main$DBMSExecutor.run(Main.java:409)
--	at org.example.gqs.Main$2.run(Main.java:1115)
--	at org.example.gqs.Main$2.runThread(Main.java:1092)
--	at org.example.gqs.Main$2.run(Main.java:1013)
--	at java.base/java.util.concurrent.ThreadPoolExecutor.runWorker(ThreadPoolExecutor.java:1144)
--	at java.base/java.util.concurrent.ThreadPoolExecutor$Worker.run(ThreadPoolExecutor.java:642)
--	at java.base/java.lang.Thread.run(Thread.java:1583)
--Caused by: java.lang.ClassNotFoundException: com.kuzudb.KuzuObjectRefDestroyedException
--	at java.base/jdk.internal.loader.BuiltinClassLoader.loadClass(BuiltinClassLoader.java:641)
--	at java.base/jdk.internal.loader.ClassLoaders$AppClassLoader.loadClass(ClassLoaders.java:188)
--	at java.base/java.lang.ClassLoader.loadClass(ClassLoader.java:526)
--	... 12 more
--
-- Time: 2026/03/30 17:01:46
-- Database: neo4jdatabase0-1774882867286-0
-- seed value: 1774882867286
CREATE CONSTRAINT c0 IF NOT EXISTS FOR (n:L0) REQUIRE (n.k0) IS UNIQUE
CREATE CONSTRAINT c1 IF NOT EXISTS FOR (n:L0) REQUIRE (n.k6) IS UNIQUE
CREATE CONSTRAINT c2 IF NOT EXISTS FOR (n:L0) REQUIRE (n.id) IS UNIQUE
CREATE CONSTRAINT c3 IF NOT EXISTS FOR (n:L1) REQUIRE (n.k8) IS UNIQUE
CREATE CONSTRAINT c4 IF NOT EXISTS FOR (n:L1) REQUIRE (n.k9) IS UNIQUE
CREATE CONSTRAINT c5 IF NOT EXISTS FOR (n:L1) REQUIRE (n.id) IS UNIQUE
CREATE CONSTRAINT c6 IF NOT EXISTS FOR (n:L2) REQUIRE (n.k16) IS UNIQUE
CREATE CONSTRAINT c7 IF NOT EXISTS FOR (n:L2) REQUIRE (n.id) IS UNIQUE
CREATE CONSTRAINT c8 IF NOT EXISTS FOR (n:L5) REQUIRE (n.k34) IS UNIQUE
CREATE CONSTRAINT c9 IF NOT EXISTS FOR (n:L6) REQUIRE (n.k41) IS UNIQUE
CREATE CONSTRAINT c10 IF NOT EXISTS FOR (n:L6) REQUIRE (n.k42) IS UNIQUE
CREATE CONSTRAINT c11 IF NOT EXISTS FOR (n:L6) REQUIRE (n.k43) IS UNIQUE
CREATE CONSTRAINT c12 IF NOT EXISTS FOR (n:L6) REQUIRE (n.id) IS UNIQUE
CREATE INDEX i13 IF NOT EXISTS FOR (n:L0) ON (n.k0)
CREATE TEXT INDEX i14 IF NOT EXISTS FOR (n:L0) ON (n.k0)
CREATE INDEX i15 IF NOT EXISTS FOR (n:L0) ON (n.k1)
CREATE INDEX i16 IF NOT EXISTS FOR (n:L0) ON (n.k6)
CREATE TEXT INDEX i17 IF NOT EXISTS FOR (n:L0) ON (n.k6)
CREATE INDEX i18 IF NOT EXISTS FOR (n:L0) ON (n.id)
CREATE INDEX i19 IF NOT EXISTS FOR (n:L1) ON (n.k8)
CREATE TEXT INDEX i20 IF NOT EXISTS FOR (n:L1) ON (n.k8)
CREATE INDEX i21 IF NOT EXISTS FOR (n:L1) ON (n.k9)
CREATE INDEX i22 IF NOT EXISTS FOR (n:L1) ON (n.id)
CREATE INDEX i23 IF NOT EXISTS FOR (n:L2) ON (n.k13)
CREATE INDEX i24 IF NOT EXISTS FOR (n:L2) ON (n.k16)
CREATE TEXT INDEX i25 IF NOT EXISTS FOR (n:L2) ON (n.k16)
CREATE INDEX i26 IF NOT EXISTS FOR (n:L2) ON (n.k19)
CREATE TEXT INDEX i27 IF NOT EXISTS FOR (n:L2) ON (n.k19)
CREATE INDEX i28 IF NOT EXISTS FOR (n:L2) ON (n.id)
CREATE INDEX i29 IF NOT EXISTS FOR (n:L3) ON (n.k20)
CREATE INDEX i30 IF NOT EXISTS FOR (n:L3) ON (n.k24)
CREATE INDEX i31 IF NOT EXISTS FOR (n:L3) ON (n.id)
CREATE INDEX i32 IF NOT EXISTS FOR (n:L4) ON (n.k29)
CREATE TEXT INDEX i33 IF NOT EXISTS FOR (n:L4) ON (n.k29)
CREATE INDEX i34 IF NOT EXISTS FOR (n:L4) ON (n.k31)
CREATE INDEX i35 IF NOT EXISTS FOR (n:L4) ON (n.id)
CREATE INDEX i36 IF NOT EXISTS FOR (n:L5) ON (n.k33)
CREATE INDEX i37 IF NOT EXISTS FOR (n:L5) ON (n.k34)
CREATE TEXT INDEX i38 IF NOT EXISTS FOR (n:L5) ON (n.k34)
CREATE INDEX i39 IF NOT EXISTS FOR (n:L5) ON (n.k35)
CREATE TEXT INDEX i40 IF NOT EXISTS FOR (n:L5) ON (n.k35)
CREATE INDEX i41 IF NOT EXISTS FOR (n:L5) ON (n.k38)
CREATE INDEX i42 IF NOT EXISTS FOR (n:L5) ON (n.id)
CREATE INDEX i43 IF NOT EXISTS FOR (n:L6) ON (n.k41)
CREATE TEXT INDEX i44 IF NOT EXISTS FOR (n:L6) ON (n.k41)
CREATE INDEX i45 IF NOT EXISTS FOR (n:L6) ON (n.k42)
CREATE TEXT INDEX i46 IF NOT EXISTS FOR (n:L6) ON (n.k42)
CREATE INDEX i47 IF NOT EXISTS FOR (n:L6) ON (n.k43)
CREATE TEXT INDEX i48 IF NOT EXISTS FOR (n:L6) ON (n.k43)
CREATE INDEX i49 IF NOT EXISTS FOR (n:L6) ON (n.id)
CREATE INDEX i50 IF NOT EXISTS FOR (n:L7) ON (n.k49)
CREATE INDEX i51 IF NOT EXISTS FOR (n:L7) ON (n.id)
CREATE INDEX i52 IF NOT EXISTS FOR (n:L8) ON (n.k52)
CREATE TEXT INDEX i53 IF NOT EXISTS FOR (n:L8) ON (n.k52)
CREATE INDEX i54 IF NOT EXISTS FOR (n:L8) ON (n.id)
CREATE CONSTRAINT c55 IF NOT EXISTS FOR (n:L2) REQUIRE (n.k19, n.k13) IS UNIQUE
CREATE CONSTRAINT c56 IF NOT EXISTS FOR (n:L5) REQUIRE (n.k35, n.k34) IS UNIQUE
CREATE INDEX i57 IF NOT EXISTS FOR (n:L7) ON (n.k45, n.k48)
CREATE CONSTRAINT c58 IF NOT EXISTS FOR (r:T0) REQUIRE (r.k57) IS UNIQUE
CREATE CONSTRAINT c59 IF NOT EXISTS FOR (r:T0) REQUIRE (r.k58) IS UNIQUE
CREATE CONSTRAINT c60 IF NOT EXISTS FOR (r:T4) REQUIRE (r.k78) IS UNIQUE
CREATE CONSTRAINT c61 IF NOT EXISTS FOR (r:T4) REQUIRE (r.k84) IS UNIQUE
CREATE CONSTRAINT c62 IF NOT EXISTS FOR (r:T4) REQUIRE (r.id) IS UNIQUE
CREATE CONSTRAINT c63 IF NOT EXISTS FOR (r:T5) REQUIRE (r.k90) IS UNIQUE
CREATE CONSTRAINT c64 IF NOT EXISTS FOR (r:T6) REQUIRE (r.k95) IS UNIQUE
CREATE CONSTRAINT c65 IF NOT EXISTS FOR (r:T7) REQUIRE (r.k97) IS UNIQUE
CREATE CONSTRAINT c66 IF NOT EXISTS FOR (r:T7) REQUIRE (r.k98) IS UNIQUE
CREATE CONSTRAINT c67 IF NOT EXISTS FOR (r:T7) REQUIRE (r.k99) IS UNIQUE
CREATE CONSTRAINT c68 IF NOT EXISTS FOR (r:T7) REQUIRE (r.k100) IS UNIQUE
CREATE CONSTRAINT c69 IF NOT EXISTS FOR (r:T7) REQUIRE (r.k101) IS UNIQUE
CREATE CONSTRAINT c70 IF NOT EXISTS FOR (r:T8) REQUIRE (r.k108) IS UNIQUE
CREATE CONSTRAINT c71 IF NOT EXISTS FOR (r:T8) REQUIRE (r.id) IS UNIQUE
CREATE CONSTRAINT c72 IF NOT EXISTS FOR (r:T9) REQUIRE (r.k110) IS UNIQUE
CREATE CONSTRAINT c73 IF NOT EXISTS FOR (r:T9) REQUIRE (r.k113) IS UNIQUE
CREATE CONSTRAINT c74 IF NOT EXISTS FOR (r:T9) REQUIRE (r.id) IS UNIQUE
CREATE CONSTRAINT c75 IF NOT EXISTS FOR (r:T10) REQUIRE (r.k116) IS UNIQUE
CREATE CONSTRAINT c76 IF NOT EXISTS FOR (r:T10) REQUIRE (r.id) IS UNIQUE
CREATE CONSTRAINT c77 IF NOT EXISTS FOR (r:T11) REQUIRE (r.k120) IS UNIQUE
CREATE CONSTRAINT c78 IF NOT EXISTS FOR (r:T12) REQUIRE (r.k127) IS UNIQUE
CREATE CONSTRAINT c79 IF NOT EXISTS FOR (r:T13) REQUIRE (r.k129) IS UNIQUE
CREATE CONSTRAINT c80 IF NOT EXISTS FOR (r:T13) REQUIRE (r.k133) IS UNIQUE
CREATE CONSTRAINT c81 IF NOT EXISTS FOR (r:T13) REQUIRE (r.k135) IS UNIQUE
CREATE CONSTRAINT c82 IF NOT EXISTS FOR (r:T13) REQUIRE (r.id) IS UNIQUE
CREATE CONSTRAINT c83 IF NOT EXISTS FOR (r:T14) REQUIRE (r.k138) IS UNIQUE
CREATE CONSTRAINT c84 IF NOT EXISTS FOR (r:T14) REQUIRE (r.id) IS UNIQUE
CREATE CONSTRAINT c85 IF NOT EXISTS FOR (r:T15) REQUIRE (r.k143) IS UNIQUE
CREATE CONSTRAINT c86 IF NOT EXISTS FOR (r:T15) REQUIRE (r.id) IS UNIQUE
CREATE CONSTRAINT c87 IF NOT EXISTS FOR (r:T16) REQUIRE (r.k149) IS UNIQUE
CREATE CONSTRAINT c88 IF NOT EXISTS FOR (r:T17) REQUIRE (r.id) IS UNIQUE
CREATE CONSTRAINT c89 IF NOT EXISTS FOR (r:T18) REQUIRE (r.id) IS UNIQUE
CREATE CONSTRAINT c90 IF NOT EXISTS FOR (r:T19) REQUIRE (r.k166) IS UNIQUE
CREATE CONSTRAINT c91 IF NOT EXISTS FOR (r:T19) REQUIRE (r.k168) IS UNIQUE
CREATE CONSTRAINT c92 IF NOT EXISTS FOR (r:T19) REQUIRE (r.k170) IS UNIQUE
CREATE CONSTRAINT c93 IF NOT EXISTS FOR (r:T19) REQUIRE (r.k171) IS UNIQUE
CREATE CONSTRAINT c94 IF NOT EXISTS FOR (r:T19) REQUIRE (r.id) IS UNIQUE
CREATE CONSTRAINT c95 IF NOT EXISTS FOR (r:T20) REQUIRE (r.id) IS UNIQUE
CREATE CONSTRAINT c96 IF NOT EXISTS FOR (r:T22) REQUIRE (r.id) IS UNIQUE
CREATE CONSTRAINT c97 IF NOT EXISTS FOR (r:T23) REQUIRE (r.k191) IS UNIQUE
CREATE CONSTRAINT c98 IF NOT EXISTS FOR (r:T24) REQUIRE (r.k199) IS UNIQUE
CREATE CONSTRAINT c99 IF NOT EXISTS FOR (r:T25) REQUIRE (r.id) IS UNIQUE
CREATE CONSTRAINT c100 IF NOT EXISTS FOR (r:T26) REQUIRE (r.k209) IS UNIQUE
CREATE CONSTRAINT c101 IF NOT EXISTS FOR (r:T26) REQUIRE (r.id) IS UNIQUE
CREATE CONSTRAINT c102 IF NOT EXISTS FOR (r:T27) REQUIRE (r.k218) IS UNIQUE
CREATE INDEX i103 IF NOT EXISTS FOR (n:T0) ON (n.k57)
CREATE INDEX i104 IF NOT EXISTS FOR (n:T0) ON (n.k58)
CREATE INDEX i105 IF NOT EXISTS FOR (n:T0) ON (n.id)
CREATE INDEX i106 IF NOT EXISTS FOR (n:T1) ON (n.k63)
CREATE INDEX i107 IF NOT EXISTS FOR (n:T1) ON (n.k65)
CREATE INDEX i108 IF NOT EXISTS FOR (n:T1) ON (n.id)
CREATE INDEX i109 IF NOT EXISTS FOR (n:T2) ON (n.k71)
CREATE TEXT INDEX i110 IF NOT EXISTS FOR (n:T2) ON (n.k71)
CREATE INDEX i111 IF NOT EXISTS FOR (n:T2) ON (n.id)
CREATE INDEX i112 IF NOT EXISTS FOR (n:T3) ON (n.k76)
CREATE INDEX i113 IF NOT EXISTS FOR (n:T3) ON (n.id)
CREATE INDEX i114 IF NOT EXISTS FOR (n:T4) ON (n.k78)
CREATE INDEX i115 IF NOT EXISTS FOR (n:T4) ON (n.k81)
CREATE INDEX i116 IF NOT EXISTS FOR (n:T4) ON (n.k84)
CREATE TEXT INDEX i117 IF NOT EXISTS FOR (n:T4) ON (n.k84)
CREATE INDEX i118 IF NOT EXISTS FOR (n:T4) ON (n.id)
CREATE INDEX i119 IF NOT EXISTS FOR (n:T5) ON (n.k90)
CREATE INDEX i120 IF NOT EXISTS FOR (n:T5) ON (n.id)
CREATE INDEX i121 IF NOT EXISTS FOR (n:T6) ON (n.k95)
CREATE TEXT INDEX i122 IF NOT EXISTS FOR (n:T6) ON (n.k95)
CREATE INDEX i123 IF NOT EXISTS FOR (n:T6) ON (n.id)
CREATE INDEX i124 IF NOT EXISTS FOR (n:T7) ON (n.k97)
CREATE INDEX i125 IF NOT EXISTS FOR (n:T7) ON (n.k98)
CREATE INDEX i126 IF NOT EXISTS FOR (n:T7) ON (n.k99)
CREATE TEXT INDEX i127 IF NOT EXISTS FOR (n:T7) ON (n.k99)
CREATE INDEX i128 IF NOT EXISTS FOR (n:T7) ON (n.k100)
CREATE TEXT INDEX i129 IF NOT EXISTS FOR (n:T7) ON (n.k100)
CREATE INDEX i130 IF NOT EXISTS FOR (n:T7) ON (n.k101)
CREATE TEXT INDEX i131 IF NOT EXISTS FOR (n:T7) ON (n.k101)
CREATE INDEX i132 IF NOT EXISTS FOR (n:T7) ON (n.id)
CREATE INDEX i133 IF NOT EXISTS FOR (n:T8) ON (n.k103)
CREATE INDEX i134 IF NOT EXISTS FOR (n:T8) ON (n.k105)
CREATE INDEX i135 IF NOT EXISTS FOR (n:T8) ON (n.k108)
CREATE TEXT INDEX i136 IF NOT EXISTS FOR (n:T8) ON (n.k108)
CREATE INDEX i137 IF NOT EXISTS FOR (n:T8) ON (n.id)
CREATE INDEX i138 IF NOT EXISTS FOR (n:T9) ON (n.k110)
CREATE INDEX i139 IF NOT EXISTS FOR (n:T9) ON (n.k113)
CREATE TEXT INDEX i140 IF NOT EXISTS FOR (n:T9) ON (n.k113)
CREATE INDEX i141 IF NOT EXISTS FOR (n:T9) ON (n.id)
CREATE INDEX i142 IF NOT EXISTS FOR (n:T10) ON (n.k116)
CREATE TEXT INDEX i143 IF NOT EXISTS FOR (n:T10) ON (n.k116)
CREATE INDEX i144 IF NOT EXISTS FOR (n:T10) ON (n.id)
CREATE INDEX i145 IF NOT EXISTS FOR (n:T11) ON (n.k120)
CREATE INDEX i146 IF NOT EXISTS FOR (n:T11) ON (n.id)
CREATE INDEX i147 IF NOT EXISTS FOR (n:T12) ON (n.k126)
CREATE TEXT INDEX i148 IF NOT EXISTS FOR (n:T12) ON (n.k126)
CREATE INDEX i149 IF NOT EXISTS FOR (n:T12) ON (n.k127)
CREATE TEXT INDEX i150 IF NOT EXISTS FOR (n:T12) ON (n.k127)
CREATE INDEX i151 IF NOT EXISTS FOR (n:T12) ON (n.k128)
CREATE TEXT INDEX i152 IF NOT EXISTS FOR (n:T12) ON (n.k128)
CREATE INDEX i153 IF NOT EXISTS FOR (n:T12) ON (n.id)
CREATE INDEX i154 IF NOT EXISTS FOR (n:T13) ON (n.k129)
CREATE TEXT INDEX i155 IF NOT EXISTS FOR (n:T13) ON (n.k129)
CREATE INDEX i156 IF NOT EXISTS FOR (n:T13) ON (n.k131)
CREATE TEXT INDEX i157 IF NOT EXISTS FOR (n:T13) ON (n.k131)
CREATE INDEX i158 IF NOT EXISTS FOR (n:T13) ON (n.k133)
CREATE TEXT INDEX i159 IF NOT EXISTS FOR (n:T13) ON (n.k133)
CREATE INDEX i160 IF NOT EXISTS FOR (n:T13) ON (n.k134)
CREATE TEXT INDEX i161 IF NOT EXISTS FOR (n:T13) ON (n.k134)
CREATE INDEX i162 IF NOT EXISTS FOR (n:T13) ON (n.k135)
CREATE INDEX i163 IF NOT EXISTS FOR (n:T13) ON (n.id)
CREATE INDEX i164 IF NOT EXISTS FOR (n:T14) ON (n.k136)
CREATE INDEX i165 IF NOT EXISTS FOR (n:T14) ON (n.k138)
CREATE INDEX i166 IF NOT EXISTS FOR (n:T14) ON (n.id)
CREATE INDEX i167 IF NOT EXISTS FOR (n:T15) ON (n.k143)
CREATE INDEX i168 IF NOT EXISTS FOR (n:T15) ON (n.id)
CREATE INDEX i169 IF NOT EXISTS FOR (n:T16) ON (n.k148)
CREATE TEXT INDEX i170 IF NOT EXISTS FOR (n:T16) ON (n.k148)
CREATE INDEX i171 IF NOT EXISTS FOR (n:T16) ON (n.k149)
CREATE INDEX i172 IF NOT EXISTS FOR (n:T16) ON (n.k150)
CREATE TEXT INDEX i173 IF NOT EXISTS FOR (n:T16) ON (n.k150)
CREATE INDEX i174 IF NOT EXISTS FOR (n:T16) ON (n.id)
CREATE INDEX i175 IF NOT EXISTS FOR (n:T17) ON (n.k157)
CREATE INDEX i176 IF NOT EXISTS FOR (n:T17) ON (n.id)
CREATE INDEX i177 IF NOT EXISTS FOR (n:T18) ON (n.k158)
CREATE INDEX i178 IF NOT EXISTS FOR (n:T18) ON (n.k160)
CREATE INDEX i179 IF NOT EXISTS FOR (n:T18) ON (n.k162)
CREATE INDEX i180 IF NOT EXISTS FOR (n:T18) ON (n.k163)
CREATE INDEX i181 IF NOT EXISTS FOR (n:T18) ON (n.id)
CREATE INDEX i182 IF NOT EXISTS FOR (n:T19) ON (n.k166)
CREATE INDEX i183 IF NOT EXISTS FOR (n:T19) ON (n.k168)
CREATE TEXT INDEX i184 IF NOT EXISTS FOR (n:T19) ON (n.k168)
CREATE INDEX i185 IF NOT EXISTS FOR (n:T19) ON (n.k170)
CREATE TEXT INDEX i186 IF NOT EXISTS FOR (n:T19) ON (n.k170)
CREATE INDEX i187 IF NOT EXISTS FOR (n:T19) ON (n.k171)
CREATE INDEX i188 IF NOT EXISTS FOR (n:T19) ON (n.id)
CREATE INDEX i189 IF NOT EXISTS FOR (n:T20) ON (n.k172)
CREATE TEXT INDEX i190 IF NOT EXISTS FOR (n:T20) ON (n.k172)
CREATE INDEX i191 IF NOT EXISTS FOR (n:T20) ON (n.k173)
CREATE TEXT INDEX i192 IF NOT EXISTS FOR (n:T20) ON (n.k173)
CREATE INDEX i193 IF NOT EXISTS FOR (n:T20) ON (n.id)
CREATE INDEX i194 IF NOT EXISTS FOR (n:T21) ON (n.k181)
CREATE TEXT INDEX i195 IF NOT EXISTS FOR (n:T21) ON (n.k181)
CREATE INDEX i196 IF NOT EXISTS FOR (n:T21) ON (n.id)
CREATE INDEX i197 IF NOT EXISTS FOR (n:T22) ON (n.k187)
CREATE INDEX i198 IF NOT EXISTS FOR (n:T22) ON (n.id)
CREATE INDEX i199 IF NOT EXISTS FOR (n:T23) ON (n.k191)
CREATE TEXT INDEX i200 IF NOT EXISTS FOR (n:T23) ON (n.k191)
CREATE INDEX i201 IF NOT EXISTS FOR (n:T23) ON (n.id)
CREATE INDEX i202 IF NOT EXISTS FOR (n:T24) ON (n.k199)
CREATE INDEX i203 IF NOT EXISTS FOR (n:T24) ON (n.id)
CREATE INDEX i204 IF NOT EXISTS FOR (n:T25) ON (n.id)
CREATE INDEX i205 IF NOT EXISTS FOR (n:T26) ON (n.k209)
CREATE TEXT INDEX i206 IF NOT EXISTS FOR (n:T26) ON (n.k209)
CREATE INDEX i207 IF NOT EXISTS FOR (n:T26) ON (n.id)
CREATE INDEX i208 IF NOT EXISTS FOR (n:T27) ON (n.k213)
CREATE INDEX i209 IF NOT EXISTS FOR (n:T27) ON (n.k218)
CREATE INDEX i210 IF NOT EXISTS FOR (n:T27) ON (n.id)
CREATE INDEX i211 IF NOT EXISTS FOR (r:T1) ON (r.k63, r.k65)
CREATE INDEX i212 IF NOT EXISTS FOR (r:T2) ON (r.k71, r.k72, r.k69)
CREATE INDEX i213 IF NOT EXISTS FOR (r:T5) ON (r.k86, r.k89)
CREATE CONSTRAINT c214 IF NOT EXISTS FOR (r:T7) REQUIRE (r.k101, r.k100, r.k99) IS UNIQUE
CREATE INDEX i215 IF NOT EXISTS FOR (r:T8) ON (r.k103, r.k105, r.k107, r.k106, r.k108)
CREATE CONSTRAINT c216 IF NOT EXISTS FOR (r:T13) REQUIRE (r.k131, r.k129) IS UNIQUE
CREATE CONSTRAINT c217 IF NOT EXISTS FOR (r:T16) REQUIRE (r.k150, r.k149, r.k148) IS UNIQUE
CREATE INDEX i218 IF NOT EXISTS FOR (r:T17) ON (r.k152, r.k153)
CREATE INDEX i219 IF NOT EXISTS FOR (r:T20) ON (r.k172, r.k174, r.k173, r.k175)
CREATE INDEX i220 IF NOT EXISTS FOR (r:T25) ON (r.k204, r.k203, r.k205)
CREATE (n0 :L5:L2:L7{k33 : 1804616250169691300, k44 : false, k35 : "cdAGnp", k13 : 3885236916745445949, k46 : false, k34 : "EJ8mX", k45 : false, k37 : "eWXnyHj", k15 : 4981448333875467958, k48 : -7200734702942640799, k36 : 4335898224509170187, k14 : false, k47 : false, k17 : "B5FDgKC", k38 : 6856889051321918929, k16 : "DudE6", k49 : -428708778850680526, k19 : "KGrsHwnPP", k18 : false, id : 0})
CREATE (n0 :L1:L5{k38 : -6038651881625052550, k11 : false, k33 : -1109508277846465256, k10 : false, id : 1, k7 : true, k35 : "H43K5X", k8 : "pPDCcRKu", k34 : "1Rgo0jhE", k9 : -4390697440904372320, k37 : "KQVDZercJ", k36 : 3035401916803230346})
CREATE (n0 :L4{k28 : 449354995474282209, k27 : "UcSM10l9o", k29 : "b7GMP", k31 : -5885317483407426958, k30 : "SJQLT", k32 : false, id : 2})
CREATE (n0 :L6:L3:L5{k40 : 5413588482057051138, k42 : "Gzw6hMW", k20 : -7279036225132718246, k41 : "Sts37", k22 : true, k33 : -1050101414209857767, k43 : "p3yq3U", k21 : 5974462628631004569, k24 : 1281608608889462921, k35 : "MmoTPIW8", k23 : true, k34 : "aOjrxyD3", k26 : "K7EgccI", k37 : "uwz9siJLy", k25 : -6276280041785997383, k36 : 8402397484013798408, k39 : 6838370596063202414, k38 : -1524947098592539942, id : 3})
CREATE (n0 :L2{k17 : "QGpMb5", k16 : "QPkx7", k19 : "NSOmGeVk", k18 : false, id : 4, k13 : 2845632462374259551, k15 : -2085164867206844606})
CREATE (n0 :L6{k39 : 2677529833975346670, k40 : -6197593192469781677, k42 : "PNShSsji", k41 : "SGx15jc", k43 : "2zHLpwg", id : 5})
CREATE (n0 :L5{k38 : -1565059034791800422, k33 : -8568417478508391383, id : 6, k35 : "sPiOQ", k34 : "EQ5R9Zyd", k37 : "xVouSQXk", k36 : -5472712582853006168})
CREATE (n0 :L4:L5{k31 : -7599666752922946916, k30 : "HIjLnZ6x", k33 : -7552523054553018728, k32 : true, k35 : "38EJ90", k34 : "Nc9MW", k37 : "rrn0qT", k36 : -3651506198411542971, k28 : -7050228498889935636, k27 : "ptHfDg", k38 : 2410199653069150480, k29 : "zYm8T", id : 7})
CREATE (n0 :L6{k39 : 8137723585984682723, k40 : 1442406293146892538, k42 : "95z8Lmi", k41 : "51LF6ZSCq", k43 : "raMum", id : 8})
CREATE (n0 :L5:L3{k20 : 6361021166109111162, k33 : 544469250831647912, k22 : false, k21 : -1612290105420732207, k35 : "kQi6JS3Dd", k24 : -1249241341474895555, k34 : "C8kvTAl", k23 : false, k37 : "2ITjZGhBr", k26 : "V0GzOu6M", k36 : -5338301144970640189, k25 : -1008476367589687516, k38 : -8978404130087392320, id : 9})
CREATE (n0 :L4{k28 : -6055968177721214026, k27 : "3KRKTa", k29 : "jN61THd", k31 : 803763748343802489, k30 : "gV5kK", k32 : false, id : 10})
CREATE (n0 {id : 11})
CREATE (n0 {id : 12})
CREATE (n0 :L4{k28 : 762143889071823387, k27 : "qJ9cZ", k29 : "xIYTYu66t", k31 : -6935139594114042225, k30 : "WhoRRV7F", k32 : false, id : 13})
MATCH (n0 {id : 10}), (n1 {id : 4}) MERGE(n0)-[r :T17{k152 : false, k154 : false, k153 : false, k156 : 3236519262507846338, k155 : "WYZOP1zt", k157 : 7927787326642139717, id : 14}]->(n1)
MATCH (n0 {id : 10}), (n1 {id : 11}) MERGE(n0)-[r :T25{k204 : true, k203 : 1933852423462542815, id : 15, k206 : true, k205 : true, k207 : -2492725791054758714}]->(n1)
MATCH (n0 {id : 3}), (n1 {id : 1}) MERGE(n0)-[r :T18{k161 : false, k160 : 4787494337073086685, k163 : -7056193544503074664, k162 : 7238589883658377380, k164 : "IdtOgSVbS", k158 : -3329201360504282823, k159 : "ddT5Uwv", id : 16}]->(n1)
MATCH (n0 {id : 12}), (n1 {id : 0}) MERGE(n0)-[r :T17{k152 : false, k154 : true, k153 : false, k156 : 9173040085718552175, k155 : "AwiGm3jbH", k157 : 728969345936089996, id : 17}]->(n1)
MATCH (n0 {id : 6}), (n1 {id : 3}) MERGE(n0)-[r :T1{k64 : -8875610876991075415, k63 : 7380930071379396212, k65 : -7205037691778212702, id : 18, k67 : false}]->(n1)
MATCH (n0 {id : 9}), (n1 {id : 2}) MERGE(n0)-[r :T6{k91 : false, k93 : 174528533450246014, k92 : false, k95 : "xh7XN", k94 : false, id : 19}]->(n1)
MATCH (n0 {id : 8}), (n1 {id : 4}) MERGE(n0)-[r :T26{k209 : "RoucxIN", k211 : 4777664622551954657, k210 : true, k212 : true, id : 20, k208 : "WedH0"}]->(n1)
MATCH (n0 {id : 6}), (n1 {id : 0}) MERGE(n0)-[r :T2{k71 : "6we9JrDOH", k70 : false, k72 : "wyqYg", id : 21, k68 : false, k69 : false}]->(n1)
MATCH (n0 {id : 11}), (n1 {id : 0}) MERGE(n0)-[r :T18{k161 : false, k163 : -3634450671190482741, k162 : 787399576924787291, k164 : "etvjfod", k158 : 5003015187452573347, id : 22}]->(n1)
MATCH (n0 {id : 7}), (n1 {id : 7}) MERGE(n0)-[r :T8{k105 : -8113987874630697642, k104 : true, id : 23, k107 : "Le0pG", k106 : true, k108 : "fCmmGL"}]->(n1)
MATCH (n0 {id : 6}), (n1 {id : 8}) MERGE(n0)-[r :T13{k130 : false, k132 : false, k131 : "4Pz9X", k134 : "jyutio", k133 : "LZ2ygO", k135 : 3470780592374455916, id : 24, k129 : "cfKDsg"}]->(n1)
MATCH (n0 {id : 0}), (n1 {id : 11}) MERGE(n0)-[r :T16{k151 : -2889690551106697099, k147 : false, k149 : -6576717277433977875, k148 : "etbeE", id : 25}]->(n1)
MATCH (n0 {id : 1}), (n1 {id : 10}) MERGE(n0)-[r :T10{k114 : false, k116 : "73X4AovxB", k115 : "roHWFWk", id : 26, k118 : false, k117 : true}]->(n1)
MATCH (n0 {id : 7}), (n1 {id : 3}) MERGE(n0)-[r :T15{k143 : 7175357153866825205, k142 : 8969932839102746438, k145 : 4176025990863392621, k144 : true, k146 : true, id : 27}]->(n1)
MATCH (n0 {id : 8}), (n1 {id : 4}) MERGE(n0)-[r :T13{k130 : true, k132 : false, k131 : "u9UQoc", k134 : "v1lLtU3z", k133 : "oyPvLL9", id : 28, k129 : "gsxd9h"}]->(n1)
MATCH (n0 {id : 5}), (n1 {id : 6}) MERGE(n0)-[r :T7{k101 : "yLXrJZ8", k100 : "Ox2Ynwxq", k97 : 7840550617622856737, k102 : false, k99 : "yy9dLMwl", k98 : 4588893468358606928, id : 29}]->(n1)
MATCH (n0 {id : 10}), (n1 {id : 4}) MERGE(n0)-[r :T25{k204 : false, k203 : -4351747187193487302, id : 30, k206 : true, k205 : false, k207 : 6355285633927838683}]->(n1)
MATCH (n0 {id : 8}), (n1 {id : 11}) MERGE(n0)-[r :T26{k209 : "53MnY", k211 : -379973720996649251, k210 : false, k212 : true, id : 31, k208 : "nvP9WOSjG"}]->(n1)
MATCH (n0 {id : 8}), (n1 {id : 13}) MERGE(n0)-[r :T0{k60 : 9119053212417619048, k62 : "AEEZEieT", k61 : false, id : 32, k59 : 6745199721974997666, k58 : -4525995267262050422}]->(n1)
MATCH (n0 {id : 6}), (n1 {id : 10}) MERGE(n0)-[r :T18{k161 : false, k160 : 1606066873736384925, k163 : -5055507955162542868, k162 : 2995520160554473268, k164 : "2qWueo", k158 : -1100327572725827918, k159 : "ZuBju", id : 33}]->(n1)
MATCH (n0 {id : 2}), (n1 {id : 11}) MERGE(n0)-[r :T9{k110 : 4152488168741430873, k112 : true, k111 : "UvbOaIm", id : 34, k109 : false}]->(n1)
MATCH (n0 {id : 6}), (n1 {id : 1}) MERGE(n0)-[r :T24{k198 : -6164206508009634672, k197 : false, k200 : false, k199 : -7989375599940037627, k202 : 8731554380844602320, k201 : false, id : 35}]->(n1)
MATCH (n0 {id : 5}), (n1 {id : 6}) MERGE(n0)-[r :T16{k150 : "InxX6Yb", k151 : -1146942101902476895, k147 : true, k149 : 3707974267652204966, k148 : "tosT6Y", id : 36}]->(n1)
MATCH (n0 {id : 10}), (n1 {id : 6}) MERGE(n0)-[r :T5{k90 : -2460303989449311421, k86 : false, k85 : true, k88 : 4421096873399255219, k87 : 1888530935338457120, id : 37, k89 : 6127283484306504914}]->(n1)
MATCH (n0 {id : 5}), (n1 {id : 13}) MERGE(n0)-[r :T9{k110 : 2517518805792920435, k112 : true, k111 : "7FJYZ5K", k113 : "Bpcke9gw", id : 38, k109 : true}]->(n1)
MATCH (n0 {id : 2}), (n1 {id : 1}) MERGE(n0)-[r :T25{k204 : false, k203 : 6756017157149761825, id : 39, k206 : false, k205 : true, k207 : -964026193420970968}]->(n1)
MATCH (n0 {id : 12}), (n1 {id : 10}) MERGE(n0)-[r :T3{k73 : true, k75 : true, k74 : false, k77 : -816452913581011590, k76 : -8175649976157681784, id : 40}]->(n1)
MATCH (n0 {id : 5}), (n1 {id : 11}) MERGE(n0)-[r :T2{k71 : "E7JhM1JQ", k70 : true, k72 : "EmU6MBN", id : 41, k68 : true, k69 : false}]->(n1)

Neo4j starting on bolt port 20000, PID=6726
wait for another moment
wait for another moment
wait for another moment
wait for another moment
wait for another moment
wait for another moment
wait for another moment
wait for another moment
wait for another moment
wait for another moment
wait for another moment
wait for another moment
wait for another moment
wait for another moment
wait for another moment
wait for another moment
wait for another moment
wait for another moment
wait for another moment
wait for another moment
wait for another moment
wait for another moment
wait for another moment
wait for another moment
wait for another moment
new global state
Database Name:neo4jdatabase0-1774882947943-0
CREATE CONSTRAINT c0 IF NOT EXISTS FOR (n:L1) REQUIRE (n.id) IS UNIQUE
CREATE CONSTRAINT c1 IF NOT EXISTS FOR (n:L2) REQUIRE (n.id) IS UNIQUE
CREATE CONSTRAINT c2 IF NOT EXISTS FOR (n:L3) REQUIRE (n.id) IS UNIQUE
CREATE CONSTRAINT c3 IF NOT EXISTS FOR (n:L4) REQUIRE (n.k25) IS UNIQUE
CREATE CONSTRAINT c4 IF NOT EXISTS FOR (n:L4) REQUIRE (n.id) IS UNIQUE
CREATE INDEX i5 IF NOT EXISTS FOR (n:L0) ON (n.k1)
CREATE INDEX i6 IF NOT EXISTS FOR (n:L0) ON (n.id)
CREATE INDEX i7 IF NOT EXISTS FOR (n:L1) ON (n.k10)
CREATE TEXT INDEX i8 IF NOT EXISTS FOR (n:L1) ON (n.k10)
CREATE INDEX i9 IF NOT EXISTS FOR (n:L1) ON (n.id)
CREATE INDEX i10 IF NOT EXISTS FOR (n:L2) ON (n.k13)
CREATE INDEX i11 IF NOT EXISTS FOR (n:L2) ON (n.k17)
CREATE TEXT INDEX i12 IF NOT EXISTS FOR (n:L2) ON (n.k17)
CREATE INDEX i13 IF NOT EXISTS FOR (n:L2) ON (n.id)
CREATE INDEX i14 IF NOT EXISTS FOR (n:L3) ON (n.id)
CREATE INDEX i15 IF NOT EXISTS FOR (n:L4) ON (n.k23)
CREATE INDEX i16 IF NOT EXISTS FOR (n:L4) ON (n.k25)
CREATE TEXT INDEX i17 IF NOT EXISTS FOR (n:L4) ON (n.k25)
CREATE INDEX i18 IF NOT EXISTS FOR (n:L4) ON (n.k28)
CREATE INDEX i19 IF NOT EXISTS FOR (n:L4) ON (n.id)
CREATE INDEX i20 IF NOT EXISTS FOR (n:L0) ON (n.k1, n.k2, n.k4)
CREATE INDEX i21 IF NOT EXISTS FOR (n:L2) ON (n.k17, n.k16, n.k15)
CREATE INDEX i22 IF NOT EXISTS FOR (n:L3) ON (n.k22, n.k21)
CREATE CONSTRAINT c23 IF NOT EXISTS FOR (n:L4) REQUIRE (n.k28, n.k23, n.k25) IS UNIQUE
CREATE CONSTRAINT c24 IF NOT EXISTS FOR (r:T1) REQUIRE (r.k38) IS UNIQUE
CREATE CONSTRAINT c25 IF NOT EXISTS FOR (r:T3) REQUIRE (r.id) IS UNIQUE
CREATE CONSTRAINT c26 IF NOT EXISTS FOR (r:T4) REQUIRE (r.k52) IS UNIQUE
CREATE CONSTRAINT c27 IF NOT EXISTS FOR (r:T5) REQUIRE (r.k58) IS UNIQUE
CREATE CONSTRAINT c28 IF NOT EXISTS FOR (r:T5) REQUIRE (r.k62) IS UNIQUE
CREATE CONSTRAINT c29 IF NOT EXISTS FOR (r:T5) REQUIRE (r.id) IS UNIQUE
CREATE CONSTRAINT c30 IF NOT EXISTS FOR (r:T7) REQUIRE (r.k72) IS UNIQUE
CREATE CONSTRAINT c31 IF NOT EXISTS FOR (r:T7) REQUIRE (r.id) IS UNIQUE
CREATE CONSTRAINT c32 IF NOT EXISTS FOR (r:T8) REQUIRE (r.id) IS UNIQUE
CREATE CONSTRAINT c33 IF NOT EXISTS FOR (r:T9) REQUIRE (r.k82) IS UNIQUE
CREATE CONSTRAINT c34 IF NOT EXISTS FOR (r:T9) REQUIRE (r.id) IS UNIQUE
CREATE CONSTRAINT c35 IF NOT EXISTS FOR (r:T10) REQUIRE (r.k85) IS UNIQUE
CREATE CONSTRAINT c36 IF NOT EXISTS FOR (r:T11) REQUIRE (r.k97) IS UNIQUE
CREATE CONSTRAINT c37 IF NOT EXISTS FOR (r:T11) REQUIRE (r.id) IS UNIQUE
CREATE CONSTRAINT c38 IF NOT EXISTS FOR (r:T12) REQUIRE (r.k101) IS UNIQUE
CREATE CONSTRAINT c39 IF NOT EXISTS FOR (r:T12) REQUIRE (r.id) IS UNIQUE
CREATE CONSTRAINT c40 IF NOT EXISTS FOR (r:T13) REQUIRE (r.k103) IS UNIQUE
CREATE CONSTRAINT c41 IF NOT EXISTS FOR (r:T13) REQUIRE (r.id) IS UNIQUE
CREATE CONSTRAINT c42 IF NOT EXISTS FOR (r:T15) REQUIRE (r.k114) IS UNIQUE
CREATE CONSTRAINT c43 IF NOT EXISTS FOR (r:T15) REQUIRE (r.k115) IS UNIQUE
CREATE CONSTRAINT c44 IF NOT EXISTS FOR (r:T15) REQUIRE (r.k117) IS UNIQUE
CREATE CONSTRAINT c45 IF NOT EXISTS FOR (r:T17) REQUIRE (r.k129) IS UNIQUE
CREATE INDEX i46 IF NOT EXISTS FOR (n:T0) ON (n.k30)
CREATE INDEX i47 IF NOT EXISTS FOR (n:T0) ON (n.k33)
CREATE TEXT INDEX i48 IF NOT EXISTS FOR (n:T0) ON (n.k33)
CREATE INDEX i49 IF NOT EXISTS FOR (n:T0) ON (n.id)
CREATE INDEX i50 IF NOT EXISTS FOR (n:T1) ON (n.k35)
CREATE INDEX i51 IF NOT EXISTS FOR (n:T1) ON (n.k38)
CREATE INDEX i52 IF NOT EXISTS FOR (n:T1) ON (n.id)
CREATE INDEX i53 IF NOT EXISTS FOR (n:T2) ON (n.k42)
CREATE TEXT INDEX i54 IF NOT EXISTS FOR (n:T2) ON (n.k42)
CREATE INDEX i55 IF NOT EXISTS FOR (n:T2) ON (n.k45)
CREATE TEXT INDEX i56 IF NOT EXISTS FOR (n:T2) ON (n.k45)
CREATE INDEX i57 IF NOT EXISTS FOR (n:T2) ON (n.id)
CREATE INDEX i58 IF NOT EXISTS FOR (n:T3) ON (n.k47)
CREATE TEXT INDEX i59 IF NOT EXISTS FOR (n:T3) ON (n.k47)
