Neo4j starting on bolt port 20000, PID=11084
wait for another moment
wait for another moment
wait for another moment
wait for another moment
wait for another moment
wait for another moment
wait for another moment
wait for another moment
wait for another moment
wait for another moment
wait for another moment
wait for another moment
wait for another moment
wait for another moment
wait for another moment
wait for another moment
wait for another moment
Neo4j starting on bolt port 20000, PID=11566
wait for another moment
wait for another moment
wait for another moment
wait for another moment
wait for another moment
wait for another moment
wait for another moment
wait for another moment
wait for another moment
wait for another moment
wait for another moment
wait for another moment
wait for another moment
wait for another moment
wait for another moment
wait for another moment
wait for another moment
new global state
Database Name:neo4jdatabase0-1774885092526-0
CREATE CONSTRAINT c0 IF NOT EXISTS FOR (n:L0) REQUIRE (n.id) IS UNIQUE
CREATE CONSTRAINT c1 IF NOT EXISTS FOR (n:L1) REQUIRE (n.k8) IS UNIQUE
CREATE CONSTRAINT c2 IF NOT EXISTS FOR (n:L1) REQUIRE (n.k9) IS UNIQUE
CREATE CONSTRAINT c3 IF NOT EXISTS FOR (n:L1) REQUIRE (n.id) IS UNIQUE
CREATE CONSTRAINT c4 IF NOT EXISTS FOR (n:L3) REQUIRE (n.id) IS UNIQUE
CREATE CONSTRAINT c5 IF NOT EXISTS FOR (n:L4) REQUIRE (n.k32) IS UNIQUE
CREATE CONSTRAINT c6 IF NOT EXISTS FOR (n:L4) REQUIRE (n.id) IS UNIQUE
CREATE CONSTRAINT c7 IF NOT EXISTS FOR (n:L7) REQUIRE (n.id) IS UNIQUE
CREATE CONSTRAINT c8 IF NOT EXISTS FOR (n:L8) REQUIRE (n.k50) IS UNIQUE
CREATE CONSTRAINT c9 IF NOT EXISTS FOR (n:L8) REQUIRE (n.k51) IS UNIQUE
CREATE CONSTRAINT c10 IF NOT EXISTS FOR (n:L8) REQUIRE (n.k52) IS UNIQUE
CREATE CONSTRAINT c11 IF NOT EXISTS FOR (n:L8) REQUIRE (n.k53) IS UNIQUE
CREATE CONSTRAINT c12 IF NOT EXISTS FOR (n:L8) REQUIRE (n.k54) IS UNIQUE
CREATE INDEX i13 IF NOT EXISTS FOR (n:L0) ON (n.k4)
CREATE TEXT INDEX i14 IF NOT EXISTS FOR (n:L0) ON (n.k4)
CREATE INDEX i15 IF NOT EXISTS FOR (n:L0) ON (n.k5)
CREATE INDEX i16 IF NOT EXISTS FOR (n:L0) ON (n.id)
CREATE INDEX i17 IF NOT EXISTS FOR (n:L1) ON (n.k8)
CREATE INDEX i18 IF NOT EXISTS FOR (n:L1) ON (n.k9)
CREATE INDEX i19 IF NOT EXISTS FOR (n:L1) ON (n.k10)
CREATE TEXT INDEX i20 IF NOT EXISTS FOR (n:L1) ON (n.k10)
CREATE INDEX i21 IF NOT EXISTS FOR (n:L1) ON (n.k11)
CREATE INDEX i22 IF NOT EXISTS FOR (n:L1) ON (n.id)
CREATE INDEX i23 IF NOT EXISTS FOR (n:L2) ON (n.k14)
CREATE INDEX i24 IF NOT EXISTS FOR (n:L2) ON (n.k15)
CREATE INDEX i25 IF NOT EXISTS FOR (n:L2) ON (n.id)
CREATE INDEX i26 IF NOT EXISTS FOR (n:L3) ON (n.k22)
CREATE TEXT INDEX i27 IF NOT EXISTS FOR (n:L3) ON (n.k22)
CREATE INDEX i28 IF NOT EXISTS FOR (n:L3) ON (n.k25)
CREATE INDEX i29 IF NOT EXISTS FOR (n:L3) ON (n.id)
CREATE INDEX i30 IF NOT EXISTS FOR (n:L4) ON (n.k32)
CREATE TEXT INDEX i31 IF NOT EXISTS FOR (n:L4) ON (n.k32)
CREATE INDEX i32 IF NOT EXISTS FOR (n:L4) ON (n.id)
CREATE INDEX i33 IF NOT EXISTS FOR (n:L5) ON (n.k34)
CREATE INDEX i34 IF NOT EXISTS FOR (n:L5) ON (n.k37)
CREATE INDEX i35 IF NOT EXISTS FOR (n:L5) ON (n.id)
CREATE INDEX i36 IF NOT EXISTS FOR (n:L6) ON (n.k39)
CREATE TEXT INDEX i37 IF NOT EXISTS FOR (n:L6) ON (n.k39)
CREATE INDEX i38 IF NOT EXISTS FOR (n:L6) ON (n.id)
CREATE INDEX i39 IF NOT EXISTS FOR (n:L7) ON (n.k43)
CREATE TEXT INDEX i40 IF NOT EXISTS FOR (n:L7) ON (n.k43)
CREATE INDEX i41 IF NOT EXISTS FOR (n:L7) ON (n.k44)
CREATE INDEX i42 IF NOT EXISTS FOR (n:L7) ON (n.k47)
CREATE TEXT INDEX i43 IF NOT EXISTS FOR (n:L7) ON (n.k47)
CREATE INDEX i44 IF NOT EXISTS FOR (n:L7) ON (n.id)
CREATE INDEX i45 IF NOT EXISTS FOR (n:L8) ON (n.k50)
CREATE TEXT INDEX i46 IF NOT EXISTS FOR (n:L8) ON (n.k50)
CREATE INDEX i47 IF NOT EXISTS FOR (n:L8) ON (n.k51)
CREATE INDEX i48 IF NOT EXISTS FOR (n:L8) ON (n.k52)
CREATE INDEX i49 IF NOT EXISTS FOR (n:L8) ON (n.k53)
CREATE INDEX i50 IF NOT EXISTS FOR (n:L8) ON (n.k54)
CREATE INDEX i51 IF NOT EXISTS FOR (n:L8) ON (n.id)
CREATE INDEX i52 IF NOT EXISTS FOR (n:L2) ON (n.k16, n.k18)
CREATE INDEX i53 IF NOT EXISTS FOR (n:L3) ON (n.k19, n.k21, n.k24, n.k25)
CREATE INDEX i54 IF NOT EXISTS FOR (n:L7) ON (n.k43, n.k45, n.k48, n.k47)
CREATE CONSTRAINT c55 IF NOT EXISTS FOR (n:L8) REQUIRE (n.k51, n.k50, n.k53) IS UNIQUE
CREATE CONSTRAINT c56 IF NOT EXISTS FOR (r:T0) REQUIRE (r.k56) IS UNIQUE
CREATE CONSTRAINT c57 IF NOT EXISTS FOR (r:T2) REQUIRE (r.k66) IS UNIQUE
CREATE CONSTRAINT c58 IF NOT EXISTS FOR (r:T2) REQUIRE (r.k67) IS UNIQUE
CREATE CONSTRAINT c59 IF NOT EXISTS FOR (r:T2) REQUIRE (r.id) IS UNIQUE
CREATE CONSTRAINT c60 IF NOT EXISTS FOR (r:T3) REQUIRE (r.k75) IS UNIQUE
CREATE CONSTRAINT c61 IF NOT EXISTS FOR (r:T3) REQUIRE (r.id) IS UNIQUE
CREATE CONSTRAINT c62 IF NOT EXISTS FOR (r:T4) REQUIRE (r.id) IS UNIQUE
CREATE CONSTRAINT c63 IF NOT EXISTS FOR (r:T5) REQUIRE (r.k84) IS UNIQUE
CREATE CONSTRAINT c64 IF NOT EXISTS FOR (r:T7) REQUIRE (r.k96) IS UNIQUE
CREATE CONSTRAINT c65 IF NOT EXISTS FOR (r:T8) REQUIRE (r.k100) IS UNIQUE
CREATE CONSTRAINT c66 IF NOT EXISTS FOR (r:T13) REQUIRE (r.k131) IS UNIQUE
CREATE CONSTRAINT c67 IF NOT EXISTS FOR (r:T13) REQUIRE (r.id) IS UNIQUE
CREATE CONSTRAINT c68 IF NOT EXISTS FOR (r:T14) REQUIRE (r.k138) IS UNIQUE
CREATE CONSTRAINT c69 IF NOT EXISTS FOR (r:T14) REQUIRE (r.id) IS UNIQUE
CREATE CONSTRAINT c70 IF NOT EXISTS FOR (r:T16) REQUIRE (r.k145) IS UNIQUE
CREATE CONSTRAINT c71 IF NOT EXISTS FOR (r:T16) REQUIRE (r.k146) IS UNIQUE
CREATE CONSTRAINT c72 IF NOT EXISTS FOR (r:T16) REQUIRE (r.id) IS UNIQUE
CREATE CONSTRAINT c73 IF NOT EXISTS FOR (r:T17) REQUIRE (r.k151) IS UNIQUE
CREATE CONSTRAINT c74 IF NOT EXISTS FOR (r:T17) REQUIRE (r.k152) IS UNIQUE
CREATE CONSTRAINT c75 IF NOT EXISTS FOR (r:T17) REQUIRE (r.k155) IS UNIQUE
CREATE CONSTRAINT c76 IF NOT EXISTS FOR (r:T17) REQUIRE (r.id) IS UNIQUE
CREATE CONSTRAINT c77 IF NOT EXISTS FOR (r:T18) REQUIRE (r.k158) IS UNIQUE
CREATE CONSTRAINT c78 IF NOT EXISTS FOR (r:T18) REQUIRE (r.id) IS UNIQUE
CREATE CONSTRAINT c79 IF NOT EXISTS FOR (r:T19) REQUIRE (r.k163) IS UNIQUE
CREATE CONSTRAINT c80 IF NOT EXISTS FOR (r:T19) REQUIRE (r.k166) IS UNIQUE
CREATE CONSTRAINT c81 IF NOT EXISTS FOR (r:T19) REQUIRE (r.id) IS UNIQUE
CREATE CONSTRAINT c82 IF NOT EXISTS FOR (r:T21) REQUIRE (r.id) IS UNIQUE
CREATE CONSTRAINT c83 IF NOT EXISTS FOR (r:T22) REQUIRE (r.k183) IS UNIQUE
CREATE CONSTRAINT c84 IF NOT EXISTS FOR (r:T23) REQUIRE (r.id) IS UNIQUE
CREATE CONSTRAINT c85 IF NOT EXISTS FOR (r:T24) REQUIRE (r.id) IS UNIQUE
CREATE CONSTRAINT c86 IF NOT EXISTS FOR (r:T25) REQUIRE (r.k201) IS UNIQUE
CREATE CONSTRAINT c87 IF NOT EXISTS FOR (r:T25) REQUIRE (r.k205) IS UNIQUE
CREATE CONSTRAINT c88 IF NOT EXISTS FOR (r:T26) REQUIRE (r.id) IS UNIQUE
CREATE CONSTRAINT c89 IF NOT EXISTS FOR (r:T27) REQUIRE (r.id) IS UNIQUE
CREATE CONSTRAINT c90 IF NOT EXISTS FOR (r:T28) REQUIRE (r.k219) IS UNIQUE
CREATE CONSTRAINT c91 IF NOT EXISTS FOR (r:T28) REQUIRE (r.k222) IS UNIQUE
CREATE CONSTRAINT c92 IF NOT EXISTS FOR (r:T28) REQUIRE (r.id) IS UNIQUE
CREATE INDEX i93 IF NOT EXISTS FOR (n:T0) ON (n.k56)
CREATE INDEX i94 IF NOT EXISTS FOR (n:T0) ON (n.k60)
CREATE INDEX i95 IF NOT EXISTS FOR (n:T0) ON (n.id)
CREATE INDEX i96 IF NOT EXISTS FOR (n:T1) ON (n.id)
CREATE INDEX i97 IF NOT EXISTS FOR (n:T2) ON (n.k66)
CREATE INDEX i98 IF NOT EXISTS FOR (n:T2) ON (n.k67)
CREATE TEXT INDEX i99 IF NOT EXISTS FOR (n:T2) ON (n.k67)
CREATE INDEX i100 IF NOT EXISTS FOR (n:T2) ON (n.k71)
CREATE INDEX i101 IF NOT EXISTS FOR (n:T2) ON (n.id)
CREATE INDEX i102 IF NOT EXISTS FOR (n:T3) ON (n.k74)
CREATE TEXT INDEX i103 IF NOT EXISTS FOR (n:T3) ON (n.k74)
CREATE INDEX i104 IF NOT EXISTS FOR (n:T3) ON (n.k75)
CREATE TEXT INDEX i105 IF NOT EXISTS FOR (n:T3) ON (n.k75)
CREATE INDEX i106 IF NOT EXISTS FOR (n:T3) ON (n.k76)
CREATE TEXT INDEX i107 IF NOT EXISTS FOR (n:T3) ON (n.k76)
CREATE INDEX i108 IF NOT EXISTS FOR (n:T3) ON (n.id)
CREATE INDEX i109 IF NOT EXISTS FOR (n:T4) ON (n.id)
CREATE INDEX i110 IF NOT EXISTS FOR (n:T5) ON (n.k82)
CREATE TEXT INDEX i111 IF NOT EXISTS FOR (n:T5) ON (n.k82)
CREATE INDEX i112 IF NOT EXISTS FOR (n:T5) ON (n.k84)
CREATE TEXT INDEX i113 IF NOT EXISTS FOR (n:T5) ON (n.k84)
CREATE INDEX i114 IF NOT EXISTS FOR (n:T5) ON (n.id)
CREATE INDEX i115 IF NOT EXISTS FOR (n:T6) ON (n.k89)
CREATE TEXT INDEX i116 IF NOT EXISTS FOR (n:T6) ON (n.k89)
CREATE INDEX i117 IF NOT EXISTS FOR (n:T6) ON (n.id)
CREATE INDEX i118 IF NOT EXISTS FOR (n:T7) ON (n.k96)
CREATE INDEX i119 IF NOT EXISTS FOR (n:T7) ON (n.id)
CREATE INDEX i120 IF NOT EXISTS FOR (n:T8) ON (n.k99)
CREATE TEXT INDEX i121 IF NOT EXISTS FOR (n:T8) ON (n.k99)
CREATE INDEX i122 IF NOT EXISTS FOR (n:T8) ON (n.k100)
CREATE INDEX i123 IF NOT EXISTS FOR (n:T8) ON (n.k101)
CREATE TEXT INDEX i124 IF NOT EXISTS FOR (n:T8) ON (n.k101)
CREATE INDEX i125 IF NOT EXISTS FOR (n:T8) ON (n.id)
CREATE INDEX i126 IF NOT EXISTS FOR (n:T9) ON (n.k102)
CREATE INDEX i127 IF NOT EXISTS FOR (n:T9) ON (n.k103)
CREATE INDEX i128 IF NOT EXISTS FOR (n:T9) ON (n.k104)
CREATE INDEX i129 IF NOT EXISTS FOR (n:T9) ON (n.id)
CREATE INDEX i130 IF NOT EXISTS FOR (n:T10) ON (n.k114)
CREATE TEXT INDEX i131 IF NOT EXISTS FOR (n:T10) ON (n.k114)
CREATE INDEX i132 IF NOT EXISTS FOR (n:T10) ON (n.id)
CREATE INDEX i133 IF NOT EXISTS FOR (n:T11) ON (n.k115)
CREATE TEXT INDEX i134 IF NOT EXISTS FOR (n:T11) ON (n.k115)
CREATE INDEX i135 IF NOT EXISTS FOR (n:T11) ON (n.id)
CREATE INDEX i136 IF NOT EXISTS FOR (n:T12) ON (n.k123)
CREATE INDEX i137 IF NOT EXISTS FOR (n:T12) ON (n.k124)
CREATE TEXT INDEX i138 IF NOT EXISTS FOR (n:T12) ON (n.k124)
CREATE INDEX i139 IF NOT EXISTS FOR (n:T12) ON (n.id)
CREATE INDEX i140 IF NOT EXISTS FOR (n:T13) ON (n.k127)
CREATE INDEX i141 IF NOT EXISTS FOR (n:T13) ON (n.k131)
CREATE TEXT INDEX i142 IF NOT EXISTS FOR (n:T13) ON (n.k131)
CREATE INDEX i143 IF NOT EXISTS FOR (n:T13) ON (n.id)
CREATE INDEX i144 IF NOT EXISTS FOR (n:T14) ON (n.k138)
CREATE INDEX i145 IF NOT EXISTS FOR (n:T14) ON (n.id)
CREATE INDEX i146 IF NOT EXISTS FOR (n:T15) ON (n.k142)
CREATE TEXT INDEX i147 IF NOT EXISTS FOR (n:T15) ON (n.k142)
CREATE INDEX i148 IF NOT EXISTS FOR (n:T15) ON (n.id)
CREATE INDEX i149 IF NOT EXISTS FOR (n:T16) ON (n.k145)
CREATE INDEX i150 IF NOT EXISTS FOR (n:T16) ON (n.k146)
CREATE INDEX i151 IF NOT EXISTS FOR (n:T16) ON (n.k147)
CREATE TEXT INDEX i152 IF NOT EXISTS FOR (n:T16) ON (n.k147)
CREATE INDEX i153 IF NOT EXISTS FOR (n:T16) ON (n.id)
CREATE INDEX i154 IF NOT EXISTS FOR (n:T17) ON (n.k151)
CREATE TEXT INDEX i155 IF NOT EXISTS FOR (n:T17) ON (n.k151)
CREATE INDEX i156 IF NOT EXISTS FOR (n:T17) ON (n.k152)
CREATE INDEX i157 IF NOT EXISTS FOR (n:T17) ON (n.k153)
CREATE INDEX i158 IF NOT EXISTS FOR (n:T17) ON (n.k155)
CREATE INDEX i159 IF NOT EXISTS FOR (n:T17) ON (n.id)
CREATE INDEX i160 IF NOT EXISTS FOR (n:T18) ON (n.k158)
CREATE TEXT INDEX i161 IF NOT EXISTS FOR (n:T18) ON (n.k158)
CREATE INDEX i162 IF NOT EXISTS FOR (n:T18) ON (n.id)
CREATE INDEX i163 IF NOT EXISTS FOR (n:T19) ON (n.k163)
CREATE TEXT INDEX i164 IF NOT EXISTS FOR (n:T19) ON (n.k163)
CREATE INDEX i165 IF NOT EXISTS FOR (n:T19) ON (n.k166)
CREATE INDEX i166 IF NOT EXISTS FOR (n:T19) ON (n.id)
CREATE INDEX i167 IF NOT EXISTS FOR (n:T20) ON (n.k169)
CREATE INDEX i168 IF NOT EXISTS FOR (n:T20) ON (n.id)
CREATE INDEX i169 IF NOT EXISTS FOR (n:T21) ON (n.id)
CREATE INDEX i170 IF NOT EXISTS FOR (n:T22) ON (n.k183)
CREATE INDEX i171 IF NOT EXISTS FOR (n:T22) ON (n.k184)
CREATE INDEX i172 IF NOT EXISTS FOR (n:T22) ON (n.k186)
CREATE INDEX i173 IF NOT EXISTS FOR (n:T22) ON (n.id)
CREATE INDEX i174 IF NOT EXISTS FOR (n:T23) ON (n.id)
CREATE INDEX i175 IF NOT EXISTS FOR (n:T24) ON (n.k198)
CREATE INDEX i176 IF NOT EXISTS FOR (n:T24) ON (n.id)
CREATE INDEX i177 IF NOT EXISTS FOR (n:T25) ON (n.k201)
CREATE INDEX i178 IF NOT EXISTS FOR (n:T25) ON (n.k202)
CREATE INDEX i179 IF NOT EXISTS FOR (n:T25) ON (n.k205)
CREATE TEXT INDEX i180 IF NOT EXISTS FOR (n:T25) ON (n.k205)
CREATE INDEX i181 IF NOT EXISTS FOR (n:T25) ON (n.k206)
CREATE TEXT INDEX i182 IF NOT EXISTS FOR (n:T25) ON (n.k206)
CREATE INDEX i183 IF NOT EXISTS FOR (n:T25) ON (n.id)
CREATE INDEX i184 IF NOT EXISTS FOR (n:T26) ON (n.k208)
CREATE TEXT INDEX i185 IF NOT EXISTS FOR (n:T26) ON (n.k208)
CREATE INDEX i186 IF NOT EXISTS FOR (n:T26) ON (n.id)
CREATE INDEX i187 IF NOT EXISTS FOR (n:T27) ON (n.k214)
CREATE INDEX i188 IF NOT EXISTS FOR (n:T27) ON (n.k217)
CREATE INDEX i189 IF NOT EXISTS FOR (n:T27) ON (n.id)
CREATE INDEX i190 IF NOT EXISTS FOR (n:T28) ON (n.k219)
CREATE INDEX i191 IF NOT EXISTS FOR (n:T28) ON (n.k220)
CREATE TEXT INDEX i192 IF NOT EXISTS FOR (n:T28) ON (n.k220)
CREATE INDEX i193 IF NOT EXISTS FOR (n:T28) ON (n.k221)
CREATE TEXT INDEX i194 IF NOT EXISTS FOR (n:T28) ON (n.k221)
CREATE INDEX i195 IF NOT EXISTS FOR (n:T28) ON (n.k222)
CREATE INDEX i196 IF NOT EXISTS FOR (n:T28) ON (n.id)
CREATE INDEX i197 IF NOT EXISTS FOR (r:T0) ON (r.k56, r.k59)
CREATE CONSTRAINT c198 IF NOT EXISTS FOR (r:T2) REQUIRE (r.k71, r.k66) IS UNIQUE
CREATE INDEX i199 IF NOT EXISTS FOR (r:T3) ON (r.k73, r.k74, r.k76)
CREATE INDEX i200 IF NOT EXISTS FOR (r:T5) ON (r.k82, r.k84, r.k85)
CREATE INDEX i201 IF NOT EXISTS FOR (r:T6) ON (r.k91, r.k88, r.k87)
CREATE CONSTRAINT c202 IF NOT EXISTS FOR (r:T8) REQUIRE (r.k101, r.k99) IS UNIQUE
CREATE INDEX i203 IF NOT EXISTS FOR (r:T9) ON (r.k103, r.k105, r.k106)
CREATE INDEX i204 IF NOT EXISTS FOR (r:T10) ON (r.k111, r.k114, r.k113)
CREATE INDEX i205 IF NOT EXISTS FOR (r:T12) ON (r.k123, r.k125, r.k126)
CREATE INDEX i206 IF NOT EXISTS FOR (r:T14) ON (r.k134, r.k133, r.k137)
CREATE INDEX i207 IF NOT EXISTS FOR (r:T16) ON (r.k147, r.k149, r.k148)
CREATE INDEX i208 IF NOT EXISTS FOR (r:T17) ON (r.k150, r.k152, r.k154, r.k153)
CREATE CONSTRAINT c209 IF NOT EXISTS FOR (r:T22) REQUIRE (r.k183, r.k186) IS UNIQUE
CREATE INDEX i210 IF NOT EXISTS FOR (r:T23) ON (r.k188, r.k190, r.k192, r.k191)
CREATE CONSTRAINT c211 IF NOT EXISTS FOR (r:T25) REQUIRE (r.k202, r.k201, r.k205) IS UNIQUE
CREATE INDEX i212 IF NOT EXISTS FOR (r:T27) ON (r.k215, r.k217)
CREATE CONSTRAINT c213 IF NOT EXISTS FOR (r:T28) REQUIRE (r.k222, r.k219) IS UNIQUE
CREATE (n0 :L2:L5{k17 : false, k16 : -7012417840344948119, k18 : true, k33 : true, id : 0, k13 : -4602100562286318761, k35 : "yMs3i", k12 : "6mzAZuw9", k34 : 6179862335993338594, k15 : 5989069448888154472, k37 : -406503534336382114, k36 : 8612711047123248148})
CREATE (n0 :L5{k33 : true, id : 1, k35 : "F8r1dos1", k34 : 1965625194247199693, k37 : 785608621570665755, k36 : 466367946567531309})
CREATE (n0 :L0:L3{k0 : -2046839461079807702, k1 : false, k2 : "lslEb9Bp2", k3 : 3099992888748003913, k20 : false, k4 : "S6YUGAIV", k5 : -8188776341176690476, k22 : "WyYxr", k21 : true, k24 : "ltSGUVOU", k23 : true, k25 : 1240055692166681818, k19 : -4091082929431476081, id : 2})
CREATE (n0 :L4:L0{k0 : -6012561382415058307, k1 : false, k2 : "5LuNIA8I5", k31 : false, k3 : -6387252300878824235, k30 : true, k5 : -6712606753417264333, k32 : "Uk7Eqp3", k26 : "llWWdlJ", k28 : true, k27 : false, k29 : -2949808460025857780, id : 3})
CREATE (n0 :L6{k39 : "5w36Mf54W", k38 : "06rII", k40 : true, k42 : "Xld81HL", k41 : "IfJeii", id : 4})
CREATE (n0 {id : 5})
CREATE (n0 {id : 6})
CREATE (n0 :L0{k0 : -1906050157137018094, k1 : false, k2 : "hlkEXIeD", k3 : -7464571967216274257, k4 : "wmbkbu3v", k5 : -2400920000561693138, id : 7})
CREATE (n0 :L0:L1{k0 : 5920646469914511856, k1 : true, k2 : "aRCLionqk", k3 : 125373113888663038, k4 : "FgGHHE6sR", k5 : -8408587225525372772, k11 : 693347435208133931, k6 : false, k10 : "bw1vQ4gDT", k7 : false, k8 : -4107237767664150894, k9 : -5724164219108997761, id : 8})
CREATE (n0 :L6{k38 : "gSqX8w", k40 : true, k42 : "lhQKYzD", k41 : "d52ku9hIJ", id : 9})
CREATE (n0 :L5{k33 : true, id : 10, k35 : "DIe4OXrE", k34 : -7583288959209556088, k37 : -4123222271918706618, k36 : 376371496100050021})
CREATE (n0 :L0:L6{k38 : "9jQ4cJ", k0 : -6708116742212665316, k1 : false, k40 : true, k2 : "YUDT2n", k3 : 2392547742313983864, k42 : "RONw3SOc7", k4 : "yPNCwk", k41 : "0FXoc", k5 : 3261015534487220440, id : 11})
CREATE (n0 :L1:L4{k31 : true, k30 : false, k11 : 4991724402361332958, k6 : true, k10 : "Rrj35wCT", k32 : "Vo4tKga", k7 : false, k8 : 7042114855180338148, k9 : 2767796042371578913, k26 : "TiYbFZ9", k28 : false, k27 : false, k29 : 1266321051555660273, id : 12})
CREATE (n0 :L6:L4{k40 : true, k42 : "fUafO5", k31 : true, k41 : "JCH7swa", k30 : true, k32 : "f76nAgHe", k26 : "Qs1AUL", k39 : "eQQoizZK", k28 : true, k38 : "G66h54gy", k27 : false, k29 : 8066247206471178395, id : 13})
CREATE (n0 :L3:L2{k20 : true, k22 : "AUZmj0U", k21 : false, k24 : "gyzAB4j", k13 : 3399386675929356568, k23 : false, k12 : "592RnI", k15 : -2446511175260932910, k25 : -2206665055465668531, k14 : 8623196897885206238, k17 : false, k16 : -2716617476983529533, k19 : 6559121387036916050, k18 : false, id : 14})
CREATE (n0 :L7{k44 : -8266938458973302966, k43 : "XTIWLJZ", id : 15, k46 : "RbujJo", k45 : 2718911057759583312, k48 : 4543459467705193670})
CREATE (n0 :L4:L1:L7{k31 : true, k30 : false, k44 : -8896115924327519686, k32 : "rEGGseoi6", k6 : true, k10 : "y1diem3l", k43 : "v6jJg6AGH", k7 : true, k8 : -1124049135995523481, k26 : "iKG3vB", k9 : 1181119789980388786, k48 : 5967145899274200833, k47 : "UD0fp", k28 : true, k27 : false, k29 : 6795446390278999292, id : 16})
MATCH (n0 {id : 10}), (n1 {id : 12}) MERGE(n0)-[r :T1{k62 : false, k61 : -7825767595787592155, k64 : false, k63 : 5764713500642301137, id : 17}]->(n1)
MATCH (n0 {id : 16}), (n1 {id : 7}) MERGE(n0)-[r :T3{k73 : "1BxTrvn", k72 : -6775504715404395824, k75 : "SOjpE", k74 : "4uzOF", k76 : "widVbyP3", id : 18}]->(n1)
MATCH (n0 {id : 15}), (n1 {id : 5}) MERGE(n0)-[r :T18{k161 : false, k160 : false, k156 : false, k158 : "koISYaq4", k157 : true, k159 : 2754502035547936133, id : 19}]->(n1)
MATCH (n0 {id : 14}), (n1 {id : 8}) MERGE(n0)-[r :T25{k200 : false, k202 : 8070887007901028980, k201 : -2856531495863862388, k204 : "KSA9s", k203 : "JN8T9JoQ", id : 20, k206 : "HwwtS04MC", k205 : "PLDOc"}]->(n1)
MATCH (n0 {id : 13}), (n1 {id : 10}) MERGE(n0)-[r :T10{k110 : false, k112 : 8619326266014210131, k111 : true, k114 : "ZL9jO0", k113 : "BGRby", id : 21, k109 : true}]->(n1)
MATCH (n0 {id : 15}), (n1 {id : 6}) MERGE(n0)-[r :T12{k123 : 6082356648555420690, k122 : false, k125 : true, k124 : "K2LbRSI", k126 : "y1mN32d", id : 22}]->(n1)
MATCH (n0 {id : 8}), (n1 {id : 13}) MERGE(n0)-[r :T12{k123 : 1402329967508564604, k122 : false, k125 : true, k124 : "WkjQv", k126 : "ddChX3j", id : 23}]->(n1)
MATCH (n0 {id : 5}), (n1 {id : 9}) MERGE(n0)-[r :T26{k209 : 4435309192548859995, k211 : true, k210 : "cs6dDfAIW", k212 : false, id : 24, k208 : "ImRV1TD", k207 : -2783621490039719715}]->(n1)
MATCH (n0 {id : 0}), (n1 {id : 6}) MERGE(n0)-[r :T6{k91 : 864591430261021655, k90 : true, k88 : true, k87 : "Kzy7X", id : 25, k89 : "TDJmSbdc"}]->(n1)
MATCH (n0 {id : 0}), (n1 {id : 6}) MERGE(n0)-[r :T8{k101 : "YXgxhRUZ", k100 : 3540112961909550966, k97 : "Dies1v2rl", k99 : "cXTOVPl", k98 : true, id : 26}]->(n1)
MATCH (n0 {id : 7}), (n1 {id : 4}) MERGE(n0)-[r :T20{k172 : true, k171 : "J5ZCVM", k174 : 4069073454625864956, k173 : "UzxaLH", k175 : false, k169 : -4853415323776279845, id : 27, k170 : false}]->(n1)
MATCH (n0 {id : 13}), (n1 {id : 13}) MERGE(n0)-[r :T19{k163 : "Meb9w9bz", k162 : 8940694427341717915, k165 : 8334348553015764746, k164 : true, k167 : true, k166 : 2593392974680238288, k168 : "hUAfA", id : 28}]->(n1)
MATCH (n0 {id : 1}), (n1 {id : 12}) MERGE(n0)-[r :T15{k141 : false, k140 : true, k143 : "BcGxi", k142 : "vREk0p", k144 : false, id : 29, k139 : true}]->(n1)
MATCH (n0 {id : 9}), (n1 {id : 6}) MERGE(n0)-[r :T20{k172 : false, k171 : "bhdt7DNP", k174 : -6057677018444856096, k173 : "YWVHNEcq", k175 : true, k169 : 2232831999908142577, id : 30, k170 : true}]->(n1)
MATCH (n0 {id : 1}), (n1 {id : 12}) MERGE(n0)-[r :T13{k130 : "082fuN", k131 : "uaYJWYt", k127 : 5101727655859649513, id : 31, k129 : true, k128 : -4279423502983938201}]->(n1)
MATCH (n0 {id : 14}), (n1 {id : 10}) MERGE(n0)-[r :T14{k132 : true, k134 : "GmczFz7K", k133 : "HSD7Xztb", k136 : "w6rVT", k135 : "IplffSU", k138 : -7202624143682116271, k137 : true, id : 32}]->(n1)
MATCH (n0 {id : 10}), (n1 {id : 13}) MERGE(n0)-[r :T24{k194 : -5882943237774994308, k193 : true, k196 : "mgeUewP", k195 : true, k198 : 4027856393029522741, k197 : true, k199 : false, id : 33}]->(n1)
MATCH (n0 {id : 16}), (n1 {id : 4}) MERGE(n0)-[r :T11{k121 : -6330868736350595616, k120 : false, k116 : true, k115 : "UH90JT", id : 34, k118 : false, k117 : "HyNMA", k119 : -7056345085841727844}]->(n1)
MATCH (n0 {id : 9}), (n1 {id : 11}) MERGE(n0)-[r :T28{k220 : "PWGnqoCv", k222 : 3804251417676348122, k221 : "PsdwRn", k224 : true, k223 : "yAezo", id : 35, k219 : 4018243849994837523}]->(n1)
MATCH (n0 {id : 1}), (n1 {id : 6}) MERGE(n0)-[r :T2{k71 : 2820036865457788493, k66 : -5778711994477049958, id : 36, k68 : "VSCHLx", k67 : "Ns9JHeCY", k69 : "7HBxS5"}]->(n1)
MATCH (n0 {id : 5}), (n1 {id : 6}) MERGE(n0)-[r :T28{k220 : "eq4WmJc", k222 : -2774331026389006873, k224 : false, k223 : "Ngdpd", id : 37, k219 : 1622161806245935802}]->(n1)
MATCH (n0 {id : 5}), (n1 {id : 8}) MERGE(n0)-[r :T24{k194 : -9023582833066204103, k193 : false, k196 : "0xUp98Jr", k195 : false, k198 : 8746241522820875852, k197 : false, k199 : false, id : 38}]->(n1)
MATCH (n0 {id : 16}), (n1 {id : 7}) MERGE(n0)-[r :T8{k101 : "vVoBcAL", k97 : "Ei11hUFsK", k99 : "hCjQSK", k98 : false, id : 39}]->(n1)
MATCH (n0 {id : 13}), (n1 {id : 9}) MERGE(n0)-[r :T23{k189 : false, k188 : "K69cLNn", id : 40, k190 : 7526033825694392952, k192 : 5322921643877952845, k191 : "jjGUbrJ"}]->(n1)
MATCH (n0 {id : 8}), (n1 {id : 4}) MERGE(n0)-[r :T0{k60 : -7335157833533973050, id : 41, k57 : -2497523888505129148, k56 : -3233492417696465966, k59 : -4633079729852842370, k58 : false}]->(n1)
MATCH (n0 {id : 5}), (n1 {id : 1}) MERGE(n0)-[r :T3{k73 : "RV1sKQ", k75 : "pcHJEaYt", k74 : "Zmgw3pRb", k76 : "lQkVC", id : 42}]->(n1)
MATCH (n0 :L5{k35:'F8r1dos1'})-[r0 :T2]-(n1), (n2{id:5})-[r1 :T26]->(n3 :L6{k42:'lhQKYzD'})-[r2 :T20]-(n1), (n1{id:6})-[r3 :T12]-(n4 :L7), (n5 :L2 :L5{k37:-406503534336382114})-[r4 :T8]-(n1{id:6}) WHERE ((((n3.k40) = true) OR ((('4qcPr6L' <= (((r0.k68)+(n3.k42))+((r0.k69)+(n5.k12)))) AND ((n0.k33) = true)) OR ((((true AND ((r2.k175) = true)) AND (((r3.k125) = true) AND true)) AND (((r1.k209) = (r1.k209)) OR (((n3.k40) = true) OR ((r1.k211) = true)))) AND ((NOT (NOT ((r1.k211) = true))) OR ((n5.id) <= (n5.k16)))))) AND (((((((((((((n0.id) = 1) AND (((((r0.k71) >= 2820036865457788491) AND ((r0.k71) <= 2820036865457788495)) AND (((r0.k71) > 2820036865457788492) AND ((r0.k71) < 2820036865457788494))) AND (((r0.k66) > -5778711994477049959) AND ((r0.k66) < -5778711994477049956)))) AND ((n1.id) = 6)) AND ((n2.id) = 5)) AND (((((r1.k207) = -2783621490039719715) AND ((r1.id) = 24)) AND (((r1.k208) > 'ImRV1TC') AND ((r1.k208) < 'ImRV1TE'))) AND (((r1.k207) >= -2783621490039719716) AND ((r1.k207) <= -2783621490039719714)))) AND ((n3.id) = 9)) AND ((r2.k174) = -6057677018444856096)) AND ((n1.id) = 6)) AND ((((((r3.id) = 22) AND ((r3.id) = 22)) AND ((r3.id) = 22)) AND ((r3.k123) = 6082356648555420690)) AND (((r3.k123) >= 6082356648555420689) AND ((r3.k123) <= 6082356648555420692)))) AND (((n4.k44) > -8266938458973302968) AND ((n4.k44) < -8266938458973302965))) AND (((n5.k13) >= -4602100562286318762) AND ((n5.k13) <= -4602100562286318759))) AND ((r4.id) = 26))) WITH type(r3) AS a0 ORDER BY a0 DESC LIMIT 1 WHERE (-1842487621 < 4469174062433691823) UNWIND [(a0+(a0+a0))] AS a1 WITH sum(556369027) AS a2, sum(-196499967) AS a3 ORDER BY a3 DESC, a2 SKIP 0 WHERE (((((('t3exf'+'Oxx0dF')+'apmanD')+(('nXAgf7q9a'+'QHa6RupKP')+'GT2bol'))+((('7e5ew42'+'mvbRc')+'G5Qdl')+(('Pu6pf'+'ZXptUhBw')+('3zuBQd2Ej'+'vxRcgvt'))))+(((('0ykP2oU'+'6QTPy')+'8X8U5zJw')+'u5EPiRHX')+((('BLLmqn'+'4P3Fhe7')+('BwW49H'+'mZa2S283'))+(('UlNDFwf'+'GZn59')+('tC6DCk'+'bi0b59'))))) ENDS WITH '3zuBQd2EjvxRcgvt0ykP2oU6QTPy8X8U5zJwu5EPiRHXBLLmqn4P3Fhe7BwW49HmZa2S283UlNDFwfGZn59tC6DCkbi0b59') RETURN count(-131001260) AS a4 ORDER BY a4 DESC LIMIT 1
result_size=1
MATCH (n0{id:6})<-[r0 :T2]-(n1 :L5), (n2)-[r1 :T26]-(n3 :L6{k38:'gSqX8w'})-[r2 :T20]-(n0), (n4 :L7{k44:-8266938458973302966})-[r3 :T12]->(n0{id:6}) WHERE ((NOT ((((((n4.k46)+(n4.k46))+(r3.k126)) <= (((r0.k69)+(r0.k68))+((r2.k171)+(r1.k210)))) AND (((r2.k172) = true) OR (((r1.k208) = 'ImRV1T@') OR (365170437 > (n1.k37))))) OR (NOT (((((r2.k172) = true) AND ((r3.k122) = true)) OR (((r1.k211) = true) AND true)) OR (365170437 >= (n4.k44)))))) AND ((((((((((((n0.id) = 6) AND (((((((r0.k69) > '7HBxS4') AND ((r0.k69) < '7HBxS6')) AND ((r0.k69) CONTAINS '7HBxS')) AND (((r0.k71) > 2820036865457788492) AND ((r0.k71) < 2820036865457788495))) AND ((r0.k67) = 'Ns9JHeCY')) AND ((r0.k69) = '7HBxS5'))) AND ((n1.k35) STARTS WITH 'F8r1dos')) AND ((n2.id) = 5)) AND ((((((r1.k208) > 'ImRV1SD') AND ((r1.k208) < 'ImRV1UD')) AND ((r1.k210) STARTS WITH 'cs6dDfA')) AND (((r1.k207) >= -2783621490039719716) AND ((r1.k207) <= -2783621490039719714))) AND (((r1.k208) > 'ImRV1TC') AND ((r1.k208) < 'ImRV1TE')))) AND ((n3.id) = 9)) AND ((((r2.id) = 30) AND ((r2.id) = 30)) AND (((r2.k174) > -6057677018444856097) AND ((r2.k174) < -6057677018444856095)))) AND ((n0.id) = 6)) AND ((n4.k43) STARTS WITH 'XTIWLJ')) AND ((r3.k124) = 'K2LbRSI')) AND ((n0.id) = 6))) MATCH (n4)-[r4 :T12]->(n0{id:6}), (n5{k3:-7464571967216274257})-[r5 :T20]->(n6 :L6{k40:true}), (n7 :L5{k37:-4123222271918706618})-[r6 :T1]->(n8 :L1 :L4), (n2)-[r7 :T26]->(n3 :L6)-[r8 :T20]-(n0{id:6}), (n0{id:6})<-[r9 :T2]-(n1 :L5{k34:1965625194247199693}), (n0{id:6})<-[r10 :T28]-(n2{id:5}) WHERE ((1291688551 >= (r1.id)) AND ((((((((((r4.id) = 22) AND (((n5.k3) > -7464571967216274259) AND ((n5.k3) < -7464571967216274255))) AND (((n7.k35) > 'DIe4OXrD') AND ((n7.k35) < 'DIe4OXrF'))) AND (((((r6.k61) >= -7825767595787592157) AND ((r6.k61) <= -7825767595787592153)) AND (((r6.k61) > -7825767595787592157) AND ((r6.k61) < -7825767595787592153))) AND ((r6.id) = 17))) AND ((n8.k32) CONTAINS 'o4tK')) AND ((r7.k210) ENDS WITH 'dDfAIW')) AND ((((r8.id) = 30) AND ((r8.k173) ENDS WITH 'VHNEcq')) AND (((r8.k174) >= -6057677018444856098) AND ((r8.k174) <= -6057677018444856095)))) AND ((((((r9.k71) = 2820036865457788493) AND ((r9.k71) = 2820036865457788493)) AND (((r9.k66) > -5778711994477049959) AND ((r9.k66) < -5778711994477049957))) AND ((r9.id) = 36)) AND ((r9.k71) = 2820036865457788493))) AND (((((((r10.k219) > 1622161806245935800) AND ((r10.k219) < 1622161806245935804)) AND ((r10.id) = 37)) AND (((r10.k222) >= -2774331026389006874) AND ((r10.k222) <= -2774331026389006872))) AND ((r10.id) = 37)) AND ((r10.k223) ENDS WITH 'Ngdpd')))) WITH toBoolean((r4.id)) AS a0, toBoolean((n5.k0)) AS a1, collect(-985064407) AS a2 ORDER BY a0, a1 SKIP 0 WHERE (((('BnS11Xa6q'+(('I0XeWOx'+'JBJGm')+('JeDpU'+'zxpJvs8')))+((('nrLOquy'+'FFmLYCB')+('cklmTOJ'+'TmGryEL5'))+(('QNnWqizT'+'b2M8W')+('7gcLa8O'+'KozZo7WVV'))))+(((('gK8MBAFP'+'JMLZk')+'FQbEZa8K')+(('ih2It'+'i6ADaLlgY')+('3U46iMM'+'rZJ9KFUaP')))+(('egMlx6hx'+('Rb7OYD'+'I9OuB'))+'fYMZA'))) >= ((((('6msF7K'+'FYAb2')+('hKbXv1K'+'hugjnon'))+('xrUEBL6Mb'+('H6psGISQV'+'onHPy')))+'tcoTT5ZlA')+((('KmwevX7'+('r8KzHAP'+'v3GwI'))+(('vuP9Kf'+'0Bw35b9lP')+'wq967oY'))+('GeY861u'+(('W3MeFb'+'fNBMVoL')+'pQDDSzuA'))))) OPTIONAL MATCH (n7)-[r11 :T1]->(n8{k30:false}), (n6{k38:'06rII'})-[r12 :T11]-(n9 :L4 :L1 :L7{k29:6795446390278999292}), (n10 :L0 :L1)-[r13 :T12]->(n11 :L6 :L4)-[r14 :T23]->(n3 :L6)-[r15 :T28]-(n12 :L0 :L6), (n5)-[r16 :T20]-(n6{k38:'06rII'}), (n4)-[r17 :T12]-(n0), (n6{id:4})-[r18 :T0]-(n10)<-[r19 :T24]-(n2) WHERE ((((n6.k39)+(n4.k43)) ENDS WITH (n4.k43)) AND ((((((((((((((((((((((n7.k36) >= 376371496100050019) AND ((n7.k36) <= 376371496100050022)) AND ((r11.id) = 17)) AND ((n6.k42) CONTAINS 'd81H')) AND (((r12.k117) STARTS WITH 'HyN') AND (((r12.k115) > 'UH90IT') AND ((r12.k115) < 'UH90KT')))) AND ((n9.k9) = 1181119789980388786)) AND ((n10.id) = 8)) AND ((r13.k123) = 1402329967508564604)) AND (((((((r14.k192) >= 5322921643877952844) AND ((r14.k192) <= 5322921643877952847)) AND ((r14.k190) = 7526033825694392952)) AND ((r14.k191) STARTS WITH 'jjGUb')) AND ((r14.k188) STARTS WITH 'K69cL')) AND (((r14.k190) >= 7526033825694392951) AND ((r14.k190) <= 7526033825694392953)))) AND ((n3.id) = 9)) AND ((r15.k220) STARTS WITH 'PWGnqo')) AND ((n5.k2) = 'hlkEXIeD')) AND (((r16.id) = 27) AND (((r16.k174) > 4069073454625864954) AND ((r16.k174) < 4069073454625864958)))) AND (((n6.k39) > '5w36Mf54V') AND ((n6.k39) < '5w36Mf54X'))) AND (((n4.k44) > -8266938458973302967) AND ((n4.k44) < -8266938458973302965))) AND ((r17.id) = 22)) AND ((n6.id) = 4)) AND (((r18.k59) = -4633079729852842370) AND (((r18.k60) >= -7335157833533973051) AND ((r18.k60) <= -7335157833533973049)))) AND ((n10.id) = 8)) AND ((r19.id) = 38)) AND ((n2.id) = 5))) RETURN left('BA9c3sHi', 1) AS a3, min(-893757129) AS a4, (r17.k126) AS a5 ORDER BY a4 DESC, a5
result_size=1
MATCH (n0)<-[r0 :T2]-(n1 :L5), (n0{id:6})<-[r1 :T20]-(n2)-[r2 :T26]-(n3), (n4{id:15})-[r3 :T12]-(n0{id:6}), (n0{id:6})<-[r4 :T8]-(n5 :L2 :L5) WHERE ((NOT (((r4.k98) = true) AND (875199613 = 2483177394013510587))) AND ((((((((((((((n0.id) = 6) AND (((((((r0.k71) > 2820036865457788492) AND ((r0.k71) < 2820036865457788495)) AND ((r0.k67) = 'Ns9JHeCY')) AND ((r0.k68) STARTS WITH 'VSCHL')) AND ((r0.k66) = -5778711994477049958)) AND ((r0.k69) STARTS WITH '7HBx'))) AND ((n1.id) = 1)) AND ((n0.id) = 6)) AND ((((((r1.k171) STARTS WITH 'bhdt7D') AND ((r1.id) = 30)) AND (((r1.k171) > 'bhdt7DMP') AND ((r1.k171) < 'bhdt7DOP'))) AND ((r1.k173) CONTAINS 'HNEc')) AND ((r1.k173) = 'YWVHNEcq'))) AND (((n2.k42) > 'lhQKYyD') AND ((n2.k42) < 'lhQKY{D'))) AND (((((r2.k210) > 'cs6dDfAIV') AND ((r2.k210) < 'cs6dDfAIX')) AND ((r2.id) = 24)) AND ((r2.k207) = -2783621490039719715))) AND ((n3.id) = 5)) AND (((n4.k48) > 4543459467705193669) AND ((n4.k48) < 4543459467705193672))) AND ((r3.id) = 22)) AND ((n0.id) = 6)) AND ((n0.id) = 6)) AND ((r4.id) = 26))) OPTIONAL MATCH (n4 :L7)-[r5 :T12]->(n0{id:6}), (n6 :L6)<-[r6 :T20]-(n7 :L0), (n2 :L6{k40:true})-[r7 :T28]->(n8 :L0 :L6{id:11}), (n0)<-[r8 :T20]-(n2)<-[r9 :T26]-(n3), (n0{id:6})-[r10 :T2]-(n1 :L5) WHERE (((NOT ((r1.k172) = true)) AND ((r5.id) <> (r6.id))) AND ((((((((((r5.k123) > 6082356648555420689) AND ((r5.k123) < 6082356648555420691)) AND ((n6.id) = 4)) AND (((r6.id) = 27) AND ((r6.id) = 27))) AND (((n7.k5) >= -2400920000561693139) AND ((n7.k5) <= -2400920000561693137))) AND ((r7.k221) = 'PsdwRn')) AND ((((((r8.id) = 30) AND (((r8.k174) > -6057677018444856098) AND ((r8.k174) < -6057677018444856095))) AND ((r8.id) = 30)) AND ((r8.k171) = 'bhdt7DNP')) AND ((r8.k171) ENDS WITH 't7DNP'))) AND (((r9.k207) >= -2783621490039719716) AND ((r9.k207) <= -2783621490039719714))) AND ((((((r10.id) = 36) AND ((r10.k68) STARTS WITH 'VSCHL')) AND ((r10.k69) CONTAINS '7HBx')) AND ((r10.k67) STARTS WITH 'Ns9JHe')) AND (((r10.k66) >= -5778711994477049960) AND ((r10.k66) <= -5778711994477049957))))) MATCH (n2 :L6{k40:true})-[r11 :T28]-(n8 :L0 :L6{k5:3261015534487220440}), (n9 :L4 :L1 :L7{k48:5967145899274200833})-[r12 :T11]->(n6), (n10 :L1 :L4)-[r13 :T1]-(n11 :L5{k33:true})<-[r14 :T10]-(n12 :L4{k42:'fUafO5'})<-[r15 :T12]-(n13 :L0 :L1) WHERE ((((n12.k26)+('R0vcIIyBH'+('rX0xzv'+((r0.k69)+('x3uv3GoE'+(r1.k173)))))) = 'Qs1AULR0vcIIyBHrX0xzv7HBxS5x3uv3GoEYWVHNEcq') AND (((((((((r11.k219) = 4018243849994837523) AND (((n9.k48) >= 5967145899274200831) AND ((n9.k48) <= 5967145899274200835))) AND (((r12.k119) = -7056345085841727844) AND ((r12.k117) STARTS WITH 'HyN'))) AND ((n10.id) = 12)) AND ((((r13.k63) > 5764713500642301136) AND ((r13.k63) < 5764713500642301139)) AND ((r13.id) = 17))) AND (((n11.k37) >= -4123222271918706619) AND ((n11.k37) <= -4123222271918706617))) AND (((r14.k112) >= 8619326266014210129) AND ((r14.k112) <= 8619326266014210133))) AND ((r15.id) = 23))) WITH split((r1.k171), (r11.k221)) AS a0 WHERE ((NOT (NOT (((NOT (false = true)) AND (true OR true)) OR (((true = true) AND (true = true)) OR ((false = true) OR (false = true)))))) AND (-1496056565 <= 2844227545607127310)) UNWIND [(('HyhGf1'+'xtSeYgL')+'HP2AZFpE'), '2j9NjD'] AS a1 RETURN max('j0Dja') AS a2 ORDER BY a2
result_size=1
MATCH (n0{id:6})-[r0 :T2]-(n1 :L5), (n2 :L6{k40:true})-[r1 :T20]-(n3 :L0), (n1)-[r2 :T15]->(n4 :L1 :L4), (n5 :L2 :L5{k34:6179862335993338594})-[r3 :T8]-(n0), (n0)<-[r4 :T6]-(n5) WHERE (((r0.k69) < ((r2.k142)+'u3FXIaeXG')) AND (((((((((((((((n0.id) = 6) AND (((((((r0.k68) > 'VSCHKx') AND ((r0.k68) < 'VSCHMx')) AND ((r0.k71) = 2820036865457788493)) AND ((r0.k69) = '7HBxS5')) AND (((r0.k66) >= -5778711994477049959) AND ((r0.k66) <= -5778711994477049956))) AND ((r0.k67) = 'Ns9JHeCY'))) AND (((n1.k36) >= 466367946567531308) AND ((n1.k36) <= 466367946567531311))) AND ((n2.id) = 4)) AND (((r1.id) = 27) AND ((r1.k173) = 'UzxaLH'))) AND ((n3.k3) = -7464571967216274257)) AND (((n1.k37) >= 785608621570665753) AND ((n1.k37) <= 785608621570665756))) AND ((((r2.id) = 29) AND ((r2.id) = 29)) AND ((r2.id) = 29))) AND (((n4.k8) >= 7042114855180338146) AND ((n4.k8) <= 7042114855180338149))) AND (((n5.k13) > -4602100562286318763) AND ((n5.k13) < -4602100562286318759))) AND (((r3.k100) >= 3540112961909550964) AND ((r3.k100) <= 3540112961909550968))) AND ((n0.id) = 6)) AND ((n0.id) = 6)) AND (((r4.k89) > 'TDJmSbdb') AND ((r4.k89) < 'TDJmSbdd')))) OPTIONAL MATCH (n1{k36:466367946567531309})-[r5 :T15]->(n4 :L4{k28:false}), (n6 :L5{k35:'DIe4OXrE'})-[r6 :T1]-(n4), (n7 :L0 :L1{k7:false})-[r7 :T0]-(n2), (n2{k42:'Xld81HL'})-[r8 :T20]-(n3{k5:-2400920000561693138}), (n0)<-[r9 :T2]-(n1 :L5), (n8)-[r10 :T24]->(n7{k4:'FgGHHE6sR'})-[r11 :T12]->(n9 :L6 :L4)-[r12 :T23]->(n10 :L6)-[r13 :T20]-(n0{id:6}) WHERE ((((((((n10.k42)+'68ShpHjaz')+((r0.k67)+(n2.k39))) STARTS WITH (n10.k42)) AND (NOT (((r11.k124)+(r3.k97)) = ((r2.k142)+(n10.k42))))) AND (((r11.k123) = (r9.k66)) OR ((((n2.k41)+(r8.k173))+(n4.k32)) <= (((n3.k2)+(n4.k10))+((n4.k32)+(r8.k173)))))) OR (((1467346386 > 1981974548736540072) AND ((n7.k6) = true)) OR ((n9.k42) ENDS WITH (n9.k42)))) AND ((((((((((((((((((r5.id) = 29) AND ((r5.id) = 29)) AND ((r5.id) = 29)) AND ((n6.id) = 10)) AND (((((r6.k63) > 5764713500642301136) AND ((r6.k63) < 5764713500642301139)) AND ((r6.id) = 17)) AND (((r6.k61) > -7825767595787592156) AND ((r6.k61) < -7825767595787592154)))) AND (((n7.k3) > 125373113888663037) AND ((n7.k3) < 125373113888663040))) AND ((r7.id) = 41)) AND ((((r8.k174) > 4069073454625864954) AND ((r8.k174) < 4069073454625864958)) AND ((r8.id) = 27))) AND (((((((r9.k71) >= 2820036865457788491) AND ((r9.k71) <= 2820036865457788494)) AND ((r9.id) = 36)) AND (((r9.k66) >= -5778711994477049960) AND ((r9.k66) <= -5778711994477049957))) AND (((r9.k71) > 2820036865457788491) AND ((r9.k71) < 2820036865457788494))) AND (((r9.k69) > '7HBxR5') AND ((r9.k69) < '7HBxT5')))) AND ((n8.id) = 5)) AND ((((((r10.k196) > '0xUp98Ir') AND ((r10.k196) < '0xUp98Kr')) AND ((r10.id) = 38)) AND ((r10.id) = 38)) AND ((r10.k198) = 8746241522820875852))) AND (((n7.k0) > 5920646469914511854) AND ((n7.k0) < 5920646469914511857))) AND ((((r11.id) = 23) AND ((r11.k124) STARTS WITH 'WkjQ')) AND (((r11.k123) >= 1402329967508564602) AND ((r11.k123) <= 1402329967508564606)))) AND ((n9.id) = 13)) AND ((r12.k191) ENDS WITH 'GUbrJ')) AND ((n10.k42) CONTAINS 'lhQK')) AND ((((r13.k174) = -6057677018444856096) AND ((r13.k171) = 'bhdt7DNP')) AND (((r13.k174) >= -6057677018444856097) AND ((r13.k174) <= -6057677018444856095))))) RETURN rTrim('Aj6PXQ22w') AS a0, (n2.k41) AS a1
result_size=1
MATCH (n0 :L6 :L4{id:13})-[r0 :T10]->(n1 :L5)-[r1 :T1]->(n2 :L1 :L4), (n2)<-[r2 :T13]-(n3 :L5), (n2{k28:false})-[r3 :T15]-(n3 :L5), (n4{id:5})-[r4 :T24]->(n5 :L0 :L1{k4:'FgGHHE6sR'})-[r5 :T12]->(n0{k26:'Qs1AUL'})-[r6 :T23]->(n6{k41:'d52ku9hIJ'})-[r7 :T20]-(n7{id:6}), (n7)<-[r8 :T2]-(n3 :L5), (n8 :L2 :L5)-[r9 :T6]-(n7) WHERE ((((n3.k35) < ((((('dYyYc4'+(n2.k26))+'xqyZIu')+(((n8.k12)+(r8.k69))+((n2.k10)+(n0.k32))))+(n0.k41))+(((('2wh8k'+(n5.k2))+((n2.k32)+(n3.k35)))+('3cAt5B4DY'+((n3.k35)+(r8.k69))))+((((r3.k142)+(n0.k42))+((n6.k41)+(r0.k114)))+('eIXkap'+(r2.k131)))))) AND ((r0.id) <> (r1.id))) AND (((((((((((((((((((((((((n0.k29) = 8066247206471178395) AND ((((((r0.id) = 21) AND ((r0.id) = 21)) AND (((r0.k112) >= 8619326266014210129) AND ((r0.k112) <= 8619326266014210133))) AND ((r0.id) = 21)) AND ((r0.id) = 21))) AND (((n1.k36) >= 376371496100050019) AND ((n1.k36) <= 376371496100050022))) AND ((((r1.id) = 17) AND (((r1.k61) > -7825767595787592156) AND ((r1.k61) < -7825767595787592153))) AND ((r1.id) = 17))) AND ((n2.id) = 12)) AND ((n2.k26) = 'TiYbFZ9')) AND ((((r2.k128) >= -4279423502983938203) AND ((r2.k128) <= -4279423502983938199)) AND ((r2.k130) STARTS WITH '082fu'))) AND (((n3.k36) > 466367946567531307) AND ((n3.k36) < 466367946567531311))) AND (((n2.k11) > 4991724402361332957) AND ((n2.k11) < 4991724402361332959))) AND (((r3.k143) > 'BcGwi') AND ((r3.k143) < 'BcGyi'))) AND (((n3.k36) >= 466367946567531308) AND ((n3.k36) <= 466367946567531311))) AND ((n4.id) = 5)) AND ((((((r4.k198) > 8746241522820875850) AND ((r4.k198) < 8746241522820875854)) AND ((r4.id) = 38)) AND (((r4.k198) >= 8746241522820875850) AND ((r4.k198) <= 8746241522820875854))) AND ((r4.id) = 38))) AND (((n5.k10) > 'bw1vQ4gCT') AND ((n5.k10) < 'bw1vQ4gET'))) AND ((((r5.k124) STARTS WITH 'Wkj') AND ((r5.k126) ENDS WITH 'dChX3j')) AND ((r5.id) = 23))) AND (((n0.k38) > 'G66h54fy') AND ((n0.k38) < 'G66h54hy'))) AND ((r6.k191) = 'jjGUbrJ')) AND ((((r7.id) = 30) AND (((r7.k173) > 'YWVHNEbq') AND ((r7.k173) < 'YWVHNEdq'))) AND ((r7.k173) STARTS WITH 'YWVHNEc'))) AND ((n7.id) = 6)) AND ((n7.id) = 6)) AND ((r8.k69) = '7HBxS5')) AND (((n8.k15) > 5989069448888154470) AND ((n8.k15) < 5989069448888154474))) AND ((r9.k91) = 864591430261021655)) AND ((n7.id) = 6))) OPTIONAL MATCH (n2 :L1)<-[r10 :T15]-(n3), (n7{id:6})-[r11 :T28]-(n4), (n9 :L6{k38:'06rII'})-[r12 :T11]-(n10 :L4 :L1 :L7{k29:6795446390278999292}), (n2 :L4)<-[r13 :T13]-(n3) WHERE ((((n2.k11) = (r8.k66)) OR ((((((n2.k32)+(n2.k10)) STARTS WITH (n2.k32)) AND (NOT ((n0.k29) >= (n8.k36)))) AND ((r10.id) = (r10.id))) AND ((('Xoz5Y1'+('ndGIBZ6V'+(r10.k142))) STARTS WITH 'Xoz5Y1') OR ((((n3.k35)+'csagt')+'9p7xqigo8') = 'F8r1dos1csagt9p7xqigo8')))) AND (((((((r10.id) = 29) AND ((((((r11.k219) = 1622161806245935802) AND (((r11.k222) > -2774331026389006874) AND ((r11.k222) < -2774331026389006871))) AND ((r11.k219) = 1622161806245935802)) AND ((r11.k219) = 1622161806245935802)) AND (((r11.k219) >= 1622161806245935800) AND ((r11.k219) <= 1622161806245935803)))) AND ((n9.id) = 4)) AND ((((r12.k119) >= -7056345085841727845) AND ((r12.k119) <= -7056345085841727843)) AND (((r12.k119) > -7056345085841727845) AND ((r12.k119) < -7056345085841727842)))) AND ((n10.k10) STARTS WITH 'y1diem')) AND ((r13.id) = 31))) RETURN DISTINCT toBoolean(807530862) AS a0, (n1.k34) AS a1
result_size=1
MATCH (n0 :L4{k10:'Rrj35wCT'})-[r0 :T1]-(n1 :L5{k34:-7583288959209556088})<-[r1 :T14]-(n2 :L3 :L2), (n3{id:5})-[r2 :T3]->(n4 :L5)-[r3 :T13]->(n0 :L1 :L4), (n4 :L5)-[r4 :T15]-(n0 :L1{k28:false}) WHERE (((NOT ((NOT ((r1.k133) = (r1.k133))) OR (NOT ((NOT true) AND ((r1.k135) ENDS WITH (r1.k135)))))) OR (((n4.k35)+(n0.k26)) CONTAINS (n4.k35))) AND (((((((((((((n0.id) = 12) AND (((r0.id) = 17) AND ((r0.id) = 17))) AND ((n1.k36) = 376371496100050021)) AND (((((r1.k138) > -7202624143682116273) AND ((r1.k138) < -7202624143682116269)) AND ((r1.k134) ENDS WITH 'czFz7K')) AND ((r1.id) = 32))) AND ((n2.id) = 14)) AND ((n3.id) = 5)) AND ((((((r2.k73) > 'RV1sJQ') AND ((r2.k73) < 'RV1sLQ')) AND ((r2.k76) ENDS WITH 'lQkVC')) AND ((r2.k73) ENDS WITH 'RV1sKQ')) AND ((r2.k76) STARTS WITH 'lQkV'))) AND ((n4.k35) CONTAINS '1dos')) AND ((((r3.k127) = 5101727655859649513) AND ((r3.k131) CONTAINS 'aYJW')) AND ((r3.k128) = -4279423502983938201))) AND ((n0.id) = 12)) AND (((n4.k37) >= 785608621570665754) AND ((n4.k37) <= 785608621570665756))) AND ((r4.id) = 29))) MATCH (n4)-[r5 :T15]->(n0{k8:7042114855180338148}), (n5{id:6})-[r6 :T28]-(n3{id:5}), (n6 :L4 :L1 :L7{k27:false})-[r7 :T11]->(n7 :L6), (n3)-[r8 :T3]-(n4{k34:1965625194247199693})-[r9 :T13]-(n0 :L4), (n0)-[r10 :T1]-(n1 :L5{k33:true})-[r11 :T14]-(n2 :L3) WHERE ((1434083527 = 1434083527) AND ((((((((((((((r5.id) = 29) AND ((r5.k143) CONTAINS 'BcGx')) AND ((r5.id) = 29)) AND (((n0.k9) >= 2767796042371578911) AND ((n0.k9) <= 2767796042371578915))) AND ((n5.id) = 6)) AND ((r6.k223) CONTAINS 'Ngdp')) AND (((n6.k32) > 'rEGGseoi5') AND ((n6.k32) < 'rEGGseoi7'))) AND (((r7.k121) >= -6330868736350595617) AND ((r7.k121) <= -6330868736350595615))) AND ((r8.k73) ENDS WITH 'V1sKQ')) AND (((((r9.k128) >= -4279423502983938202) AND ((r9.k128) <= -4279423502983938200)) AND ((r9.k128) = -4279423502983938201)) AND (((r9.k128) >= -4279423502983938203) AND ((r9.k128) <= -4279423502983938199)))) AND (((n0.k8) >= 7042114855180338146) AND ((n0.k8) <= 7042114855180338150))) AND (((r10.id) = 17) AND ((r10.id) = 17))) AND ((r11.k136) STARTS WITH 'w6r'))) WITH n5, toInteger(avg((n0.id))) AS a0 ORDER BY a0 SKIP 0 WHERE ((a0 = a0) OR (((('LiOD4' STARTS WITH 'LiOD4') OR ((false = true) OR ((false = true) OR false))) OR ((('lyczE'+'dynAfvZfW')+('w674dMCcH'+'bfbEljz')) >= (('Fa7Q5B'+'tWL0Bjop5')+'WM0Qh'))) AND (((NOT (true AND (true = true))) OR (('a0RBj' <> 'a0RBj') AND (857609908 = a0))) AND ((('OmvjkS'+'MOUg5') = ('RjoLXm'+'OMeu1pU')) OR (('NFuHLUt'+'JSorXS') STARTS WITH 'NFuHLUtJSorXS'))))) WITH sum(1372235882) AS a1, toInteger(log10(a0)) AS a2, n5 ORDER BY a2 DESC, a1 SKIP 0 WHERE ((((('jCKA6o'+'ymrGG')+('VWxiM'+'Y8NycEvzw'))+(('fbnye9'+'f5RCQQ')+('pllMG'+'sKfpda'))) <> ((('EdW3I'+'okyCgSQjM')+('yPHyJ'+'KJ3PplXb'))+('fpUOPO7'+('wLPBjc8YV'+'e5BSo')))) OR (NOT (NOT ((('j9VS80uHF'+'rkPkSg')+'R4DBYzQIh') CONTAINS '0uHFrkPkSgR')))) UNWIND [(((false = true) AND (true = true)) OR (a2 < a2))] AS a3 UNWIND [((false AND true) AND (false = true)), (((true = true) AND (false = true)) AND ((false = true) AND (true = true)))] AS a4 RETURN DISTINCT 1 AS a5
result_size=1
MATCH (n0 :L7{k48:4543459467705193670})-[r0 :T12]->(n1), (n2 :L4 :L1 :L7)-[r1 :T11]->(n3 :L6{k41:'IfJeii'}), (n4)-[r2 :T3]-(n5 :L5)-[r3 :T13]-(n6 :L1 :L4{k30:false}), (n1{id:6})<-[r4 :T20]-(n7 :L6)-[r5 :T23]-(n8 :L6 :L4)<-[r6 :T12]-(n9 :L0 :L1{k0:5920646469914511856})-[r7 :T24]-(n4{id:5}), (n5)-[r8 :T2]-(n1), (n0{k43:'XTIWLJZ'})-[r9 :T18]->(n4)-[r10 :T26]->(n7{k42:'lhQKYzD'})-[r11 :T28]->(n10 :L0 :L6) WHERE (((NOT ((NOT (((NOT ((r4.k172) = true)) AND ((r4.k171) STARTS WITH (r4.k171))) AND ((n0.k48) > (n0.k44)))) AND ((n5.k33) = true))) AND ((r1.id) <> (r2.id))) AND (((((((((((((((((((((((((((n0.k44) >= -8266938458973302967) AND ((n0.k44) <= -8266938458973302964)) AND (((r0.k124) > 'K2LbRRI') AND ((r0.k124) < 'K2LbRTI'))) AND ((n1.id) = 6)) AND (((n2.k48) > 5967145899274200832) AND ((n2.k48) < 5967145899274200835))) AND (((r1.k117) STARTS WITH 'HyNM') AND (((r1.k119) > -7056345085841727845) AND ((r1.k119) < -7056345085841727842)))) AND ((n3.k42) CONTAINS 'd81H')) AND ((n4.id) = 5)) AND (((((r2.k73) STARTS WITH 'RV1sK') AND ((r2.k73) CONTAINS 'V1sK')) AND ((r2.k73) STARTS WITH 'RV1sK')) AND ((r2.k76) = 'lQkVC'))) AND (((n5.k35) > 'F8r1dos0') AND ((n5.k35) < 'F8r1dos2'))) AND ((r3.id) = 31)) AND ((n1.id) = 6)) AND ((((((r4.id) = 30) AND ((r4.id) = 30)) AND (((r4.k171) > 'bhdt7DMP') AND ((r4.k171) < 'bhdt7DOP'))) AND (((r4.k173) > 'YWVHNEcp') AND ((r4.k173) < 'YWVHNEcr'))) AND ((r4.k171) STARTS WITH 'bhdt7DN'))) AND ((n7.id) = 9)) AND (((((r5.k191) > 'jjGUbqJ') AND ((r5.k191) < 'jjGUbsJ')) AND ((r5.k191) CONTAINS 'jjGU')) AND ((r5.k188) CONTAINS 'K69cL'))) AND ((n8.id) = 13)) AND (((r6.k123) >= 1402329967508564603) AND ((r6.k123) <= 1402329967508564605))) AND ((r7.id) = 38)) AND (((n5.k37) > 785608621570665753) AND ((n5.k37) < 785608621570665756))) AND ((((r8.k71) = 2820036865457788493) AND ((r8.k69) CONTAINS '7HBx')) AND ((r8.id) = 36))) AND ((n1.id) = 6)) AND (((n0.k44) >= -8266938458973302968) AND ((n0.k44) <= -8266938458973302964))) AND ((r9.id) = 19)) AND ((n4.id) = 5)) AND (((r10.k207) >= -2783621490039719717) AND ((r10.k207) <= -2783621490039719714))) AND ((r11.k221) STARTS WITH 'PsdwR'))) WITH n1, type(r3) AS a0, n5, endNode(r7) AS a1 ORDER BY (n5.k33) DESC, (n5.k36) DESC, (n5.k37) DESC, (n5.id) DESC, a0 SKIP 0 WHERE ((NOT (((a1.k6) = true) AND ((n5.k36) < -9013792325430192336))) OR ((('3St6cMsX' ENDS WITH 't6cMsX') OR (-2091622667 = (n5.k37))) OR (((a1.k2) ENDS WITH (a1.k2)) OR ((a1.k4) < (a1.k4))))) MATCH (n4{id:5})-[r12 :T3]-(n5)-[r13 :T13]->(n6 :L1), (n6 :L4{k9:2767796042371578913})-[r14 :T15]-(n5), (n11 :L2 :L5{k13:-4602100562286318761})-[r15 :T8]-(n1), (n2 :L7)-[r16 :T11]-(n3{k39:'5w36Mf54W'}), (n0 :L7{id:15})-[r17 :T12]->(n1{id:6}), (n4)-[r18 :T28]-(n1{id:6}) WHERE ((((r13.k129) = true) AND ((n5.k33) = true)) AND (((((((((((((((n4.id) = 5) AND (((((r12.k76) CONTAINS 'lQkV') AND ((r12.id) = 42)) AND (((r12.k75) > 'pcHJEaYs') AND ((r12.k75) < 'pcHJEaYu'))) AND ((r12.id) = 42))) AND (((((r13.k128) >= -4279423502983938203) AND ((r13.k128) <= -4279423502983938200)) AND (((r13.k128) >= -4279423502983938202) AND ((r13.k128) <= -4279423502983938199))) AND ((r13.id) = 31))) AND ((n6.k9) = 2767796042371578913)) AND ((n6.id) = 12)) AND (((r14.k143) > 'BcGxh') AND ((r14.k143) < 'BcGxj'))) AND (((n11.k34) > 6179862335993338593) AND ((n11.k34) < 6179862335993338596))) AND ((r15.id) = 26)) AND (((n2.k9) > 1181119789980388785) AND ((n2.k9) < 1181119789980388788))) AND ((r16.id) = 34)) AND (((n0.k45) >= 2718911057759583310) AND ((n0.k45) <= 2718911057759583314))) AND ((r17.id) = 22)) AND ((n4.id) = 5)) AND (((((r18.k222) = -2774331026389006873) AND ((r18.k219) = 1622161806245935802)) AND ((r18.k219) = 1622161806245935802)) AND (((r18.k220) > 'eq4WmIc') AND ((r18.k220) < 'eq4WmKc'))))) OPTIONAL MATCH (n11{k37:-406503534336382114})-[r19 :T8]-(n1), (n3 :L6)-[r20 :T0]-(n9 :L1{k3:125373113888663038}), (n6)-[r21 :T1]-(n12 :L5), (n6{k10:'Rrj35wCT'})<-[r22 :T15]-(n5{k37:785608621570665755}) WHERE ((((r19.k101)+(a1.k4)) STARTS WITH (r19.k101)) AND (((((((r19.id) = 26) AND ((((r20.k60) >= -7335157833533973051) AND ((r20.k60) <= -7335157833533973048)) AND ((r20.k57) = -2497523888505129148))) AND ((n9.id) = 8)) AND (((r21.id) = 17) AND ((r21.id) = 17))) AND ((n12.k35) ENDS WITH 'DIe4OXrE')) AND ((r22.id) = 29))) OPTIONAL MATCH (n6{k32:'Vo4tKga'})-[r23 :T1]-(n12{k34:-7583288959209556088}), (n1)<-[r24 :T6]-(n11), (n3)-[r25 :T20]-(n13 :L0{k2:'hlkEXIeD'})<-[r26 :T3]-(n2) WHERE ((((1841535547 < (n6.k9)) AND (((a1.k6) = true) AND ((NOT ((r20.k60) <= (a1.k8))) OR (NOT ((n6.k10) STARTS WITH (n6.k10)))))) OR ((a1.id) = (a1.id))) AND (((((((r23.id) = 17) AND ((r23.k63) = 5764713500642301137)) AND ((((((r24.id) = 25) AND ((r24.k87) STARTS WITH 'Kzy7')) AND ((r24.k87) CONTAINS 'Kzy7')) AND ((r24.id) = 25)) AND (((r24.k89) > 'TDJmSbcc') AND ((r24.k89) < 'TDJmSbec')))) AND ((((r25.k174) > 4069073454625864954) AND ((r25.k174) < 4069073454625864957)) AND (((r25.k174) >= 4069073454625864955) AND ((r25.k174) <= 4069073454625864957)))) AND ((n13.k3) = -7464571967216274257)) AND (((r26.k73) > '1BxTrvm') AND ((r26.k73) < '1BxTrvo')))) RETURN (n6.k11) AS a2, toBoolean(-658756090) AS a3, toBoolean(2034923792) AS a4
result_size=1
MATCH (n0{id:6})-[r0 :T6]-(n1 :L2 :L5{k17:false}), (n0)-[r1 :T2]-(n2 :L5{k36:466367946567531309})<-[r2 :T3]-(n3{id:5}), (n2{k33:true})-[r3 :T13]-(n4 :L4), (n0)<-[r4 :T12]-(n5 :L7) WHERE ((-1702714682 = -1702714682) AND (((((((((((((n0.id) = 6) AND ((((((r0.id) = 25) AND ((r0.k89) ENDS WITH 'DJmSbdc')) AND (((r0.k89) > 'TDJmSbcc') AND ((r0.k89) < 'TDJmSbec'))) AND ((r0.id) = 25)) AND ((r0.k89) = 'TDJmSbdc'))) AND ((n1.k37) = -406503534336382114)) AND ((n0.id) = 6)) AND ((((((r1.k67) ENDS WITH 's9JHeCY') AND (((r1.k68) > 'VSCHLw') AND ((r1.k68) < 'VSCHLy'))) AND (((r1.k66) >= -5778711994477049960) AND ((r1.k66) <= -5778711994477049957))) AND ((r1.id) = 36)) AND ((r1.k66) = -5778711994477049958))) AND (((n2.k37) >= 785608621570665753) AND ((n2.k37) <= 785608621570665757))) AND (((n2.k37) >= 785608621570665754) AND ((n2.k37) <= 785608621570665757))) AND ((((r3.k128) = -4279423502983938201) AND ((r3.id) = 31)) AND ((r3.k131) ENDS WITH 'YJWYt'))) AND (((n4.k11) > 4991724402361332956) AND ((n4.k11) < 4991724402361332960))) AND ((n0.id) = 6)) AND ((((((r4.id) = 22) AND ((r4.id) = 22)) AND ((r4.id) = 22)) AND ((r4.id) = 22)) AND ((r4.k124) CONTAINS 'LbRS'))) AND (((n5.k45) > 2718911057759583311) AND ((n5.k45) < 2718911057759583313)))) WITH (n4.id) AS a0, (n1.id) AS a1, endNode(r2) AS a2, (n4.k6) AS a3 ORDER BY a0, a1 DESC, a3 DESC SKIP 0 WHERE ((((a2.k35)+(a2.k35)) = 'F8r1dos1F8r1dos1') OR ((a3 = true) AND ((a3 = true) AND (a3 = true)))) RETURN reverse('oGqZms7w') AS a4, toLower('R9gdzN') AS a5
result_size=1
MATCH (n0 :L0 :L6)<-[r0 :T28]-(n1 :L6{k38:'gSqX8w'})-[r1 :T26]-(n2)-[r2 :T18]-(n3 :L7), (n4 :L6{k39:'5w36Mf54W'})<-[r3 :T11]-(n5 :L4 :L1 :L7{k32:'rEGGseoi6'}), (n6)<-[r4 :T8]-(n7 :L2 :L5), (n3)-[r5 :T12]-(n6) WHERE (((((n4.k39)+(n5.k26))+(((((n5.k10)+(n7.k12))+((n4.k42)+'gGbYco'))+(n7.k35))+(((r1.k208)+((n0.k2)+'hi6Fcx3l'))+(((n3.k46)+(n4.k39))+('c1QaNo'+(n0.k38)))))) = '5w36Mf54WiKG3vBy1diem3l6mzAZuw9Xld81HLgGbYcoyMs3iImRV1TDYUDT2nhi6Fcx3lRbujJo5w36Mf54Wc1QaNo9jQ4cJ') AND (((((((((((((((n0.k0) > -6708116742212665317) AND ((n0.k0) < -6708116742212665314)) AND (((((r1.k207) > -2783621490039719717) AND ((r1.k207) < -2783621490039719714)) AND (((r1.k208) > 'ImRV1TC') AND ((r1.k208) < 'ImRV1TE'))) AND ((r1.k210) CONTAINS 's6dDfA'))) AND ((n2.id) = 5)) AND (((((r2.k158) STARTS WITH 'koISYa') AND (((r2.k159) > 2754502035547936132) AND ((r2.k159) < 2754502035547936134))) AND ((r2.id) = 19)) AND (((r2.k159) > 2754502035547936132) AND ((r2.k159) < 2754502035547936134)))) AND (((n3.k45) >= 2718911057759583311) AND ((n3.k45) <= 2718911057759583314))) AND ((n4.k38) ENDS WITH '06rII')) AND ((((r3.k121) >= -6330868736350595617) AND ((r3.k121) <= -6330868736350595615)) AND (((r3.k119) >= -7056345085841727846) AND ((r3.k119) <= -7056345085841727843)))) AND ((n5.k29) = 6795446390278999292)) AND ((n6.id) = 6)) AND ((r4.k97) CONTAINS 's1v2r')) AND (((n3.k48) >= 4543459467705193669) AND ((n3.k48) <= 4543459467705193671))) AND ((r5.id) = 22)) AND ((n6.id) = 6))) WITH (r2.k161) AS a0, toString((r2.k157)) AS a1, n3 ORDER BY a0, (n3.id) DESC, a1 DESC LIMIT 1 WHERE true OPTIONAL MATCH (n6{id:6})-[r6 :T8]-(n7 :L2{k34:6179862335993338594}), (n8 :L5)-[r7 :T2]->(n6{id:6}), (n9 :L1 :L4{k32:'Vo4tKga'})-[r8 :T15]-(n8 :L5)<-[r9 :T3]-(n2), (n4)<-[r10 :T11]-(n5 :L7{k7:true}) WHERE (((((('c4AXbq5'+'1nVRMASKE')+(((r9.k75)+'PgzCHO')+('rlRd23AZ'+a1)))+(n7.k35)) ENDS WITH 'gzCHOrlRd23AZtrueyMs3i') AND (((((NOT true) OR ((n3.k43) CONTAINS (n3.k43))) AND ((n5.k6) = true)) AND (((((n7.k33) = true) AND ((n7.k33) = true)) OR (((n4.k40) = true) OR (a0 = true))) AND (NOT (((r8.k144) = true) OR false)))) OR (NOT true))) AND (((((((((((((((n6.id) = 6) AND ((((((r6.k101) STARTS WITH 'YXgxhRU') AND ((r6.k99) = 'cXTOVPl')) AND ((r6.k100) = 3540112961909550966)) AND ((r6.k101) STARTS WITH 'YXgxhRU')) AND ((r6.k97) ENDS WITH 'ies1v2rl'))) AND (((n7.k15) > 5989069448888154471) AND ((n7.k15) < 5989069448888154474))) AND ((n8.k37) = 785608621570665755)) AND ((((r7.k68) = 'VSCHLx') AND (((r7.k71) >= 2820036865457788491) AND ((r7.k71) <= 2820036865457788494))) AND (((r7.k68) > 'VSCHLw') AND ((r7.k68) < 'VSCHLy')))) AND ((n6.id) = 6)) AND ((n9.k9) = 2767796042371578913)) AND (((r8.id) = 29) AND ((r8.id) = 29))) AND ((n8.id) = 1)) AND ((((r9.id) = 42) AND (((r9.k76) > 'lQkUC') AND ((r9.k76) < 'lQkWC'))) AND ((r9.k76) ENDS WITH 'lQkVC'))) AND ((n2.id) = 5)) AND ((n4.id) = 4)) AND (((r10.k121) = -6330868736350595616) AND (((r10.k119) >= -7056345085841727845) AND ((r10.k119) <= -7056345085841727842)))) AND ((n5.k32) = 'rEGGseoi6'))) MATCH (n9{k26:'TiYbFZ9'})-[r11 :T15]-(n8)<-[r12 :T3]-(n2{id:5}), (n2{id:5})-[r13 :T28]->(n6), (n8)-[r14 :T13]->(n9{k10:'Rrj35wCT'}) WHERE ((((n4.k42)+(((('uqsYgMkvG'+(r7.k69))+'R2eRpUJ')+(r12.k74))+(r13.k220))) ENDS WITH 'JZmgw3pRbeq4WmJc') AND (((((r11.id) = 29) AND (((r11.k142) > 'vREk/p') AND ((r11.k142) < 'vREk1p'))) AND ((((((r13.k220) > 'eq4WmJb') AND ((r13.k220) < 'eq4WmJd')) AND ((r13.id) = 37)) AND (((r13.k222) > -2774331026389006875) AND ((r13.k222) < -2774331026389006871))) AND (((r13.k219) >= 1622161806245935801) AND ((r13.k219) <= 1622161806245935804)))) AND (((((r14.k127) >= 5101727655859649512) AND ((r14.k127) <= 5101727655859649515)) AND ((r14.id) = 31)) AND ((r14.k128) = -4279423502983938201)))) RETURN DISTINCT (r9.k76) AS a2 ORDER BY a2 LIMIT 1
result_size=1
MATCH (n0 :L2 :L5)-[r0 :T6]-(n1), (n1)-[r1 :T12]-(n2 :L7), (n1{id:6})-[r2 :T28]-(n3), (n4 :L0 :L6)-[r3 :T28]-(n5 :L6{k38:'gSqX8w'})-[r4 :T26]-(n3)-[r5 :T18]-(n2), (n1{id:6})<-[r6 :T20]-(n5{k40:true})-[r7 :T23]-(n6 :L4 :L6)-[r8 :T12]-(n7 :L1 :L0{k2:'aRCLionqk'})-[r9 :T24]-(n3), (n8 :L1 :L4{k10:'Rrj35wCT'})<-[r10 :T13]-(n9 :L5) WHERE (((((((n8.k10)+'kb7zMwi') CONTAINS ((n8.k10)+'kb7')) AND (-1285193780 = (r7.k192))) OR ((((((n7.k1) = true) AND ((n5.k40) = true)) OR ((r3.k224) = true)) OR ((((r6.k170) = true) AND false) AND (NOT ((n5.k40) = true)))) OR ((((n6.k38)+(n6.k38))+((r2.k223)+(n4.k2))) <> (((n2.k43)+(n7.k4))+((n7.k4)+(n2.k46)))))) AND (NOT false)) AND ((((((((((((((((((((((((n0.k36) >= 8612711047123248146) AND ((n0.k36) <= 8612711047123248149)) AND (((r0.k89) > 'TDJmSbcc') AND ((r0.k89) < 'TDJmSbec'))) AND ((n1.id) = 6)) AND ((n1.id) = 6)) AND ((((((r1.id) = 22) AND (((r1.k123) >= 6082356648555420689) AND ((r1.k123) <= 6082356648555420692))) AND ((r1.k123) = 6082356648555420690)) AND ((r1.k124) ENDS WITH '2LbRSI')) AND (((r1.k126) > 'y1mN31d') AND ((r1.k126) < 'y1mN33d')))) AND ((n2.id) = 15)) AND ((n1.id) = 6)) AND (((r2.k220) > 'eq4WmIc') AND ((r2.k220) < 'eq4WmKc'))) AND (((n4.k0) >= -6708116742212665318) AND ((n4.k0) <= -6708116742212665315))) AND (((r4.k207) >= -2783621490039719717) AND ((r4.k207) <= -2783621490039719713))) AND (((r5.k159) > 2754502035547936131) AND ((r5.k159) < 2754502035547936134))) AND ((n1.id) = 6)) AND ((((((r6.k169) = 2232831999908142577) AND ((r6.id) = 30)) AND (((r6.k174) > -6057677018444856098) AND ((r6.k174) < -6057677018444856095))) AND ((r6.id) = 30)) AND ((r6.k173) STARTS WITH 'YWVHNEc'))) AND ((n5.id) = 9)) AND ((((r7.id) = 40) AND (((r7.k191) > 'jjGUbrI') AND ((r7.k191) < 'jjGUbrK'))) AND ((r7.k188) ENDS WITH '9cLNn'))) AND (((n6.k32) > 'f76nAgGe') AND ((n6.k32) < 'f76nAgIe'))) AND ((((((r8.id) = 23) AND (((r8.k126) > 'ddChX2j') AND ((r8.k126) < 'ddChX4j'))) AND ((r8.k124) = 'WkjQv')) AND ((r8.k126) = 'ddChX3j')) AND ((r8.k124) CONTAINS 'WkjQ'))) AND (((n7.k0) > 5920646469914511855) AND ((n7.k0) < 5920646469914511858))) AND ((((r9.id) = 38) AND ((r9.id) = 38)) AND ((r9.k198) = 8746241522820875852))) AND ((n3.id) = 5)) AND (((n8.k32) > 'Vo4tKfa') AND ((n8.k32) < 'Vo4tKha'))) AND (((r10.k131) > 'uaYJWYs') AND ((r10.k131) < 'uaYJWYu')))) MATCH (n1)-[r11 :T28]-(n3{id:5}), (n9{k34:1965625194247199693})-[r12 :T15]-(n8 :L4), (n9)-[r13 :T2]-(n1), (n1)<-[r14 :T12]-(n2{id:15}) WHERE (((r7.k190) <> -4054069368419739833) AND (((((((r11.k219) >= 1622161806245935801) AND ((r11.k219) <= 1622161806245935803)) AND ((n9.k36) = 466367946567531309)) AND ((((r12.id) = 29) AND ((r12.k142) = 'vREk0p')) AND (((r12.k142) > 'vREk/p') AND ((r12.k142) < 'vREk1p')))) AND (((r13.k66) >= -5778711994477049960) AND ((r13.k66) <= -5778711994477049957))) AND (((((((r14.k123) >= 6082356648555420688) AND ((r14.k123) <= 6082356648555420692)) AND ((r14.k126) = 'y1mN32d')) AND ((r14.k126) ENDS WITH 'y1mN32d')) AND ((r14.id) = 22)) AND ((r14.id) = 22)))) WITH DISTINCT toString((n7.k6)) AS a0, toBoolean((n7.k8)) AS a1, toBoolean((n8.k9)) AS a2, r4 ORDER BY (r4.k209), (r4.k211) DESC, a2, a1, a0 DESC LIMIT 1 WHERE ((((r4.k208)+(((r4.k210)+(a0+(r4.k210)))+(((r4.k208)+'FKEuh')+a0))) CONTAINS ('6dDfAIWfalsecs'+'6dDfAIWImRV1TDFKEuhfal')) AND ((r4.id) > (r4.k207))) UNWIND [(a0+('Z9eKier'+(r4.k208)))] AS a3 WITH (r4.k209) AS a4 ORDER BY a4 SKIP 0 LIMIT 1 WHERE ((((r4.k211) = true) AND (a1 = true)) AND ((r4.k208) CONTAINS ('Im'+'RV1TD'))) WITH a4 ORDER BY a4 SKIP 0 WHERE (true = true) RETURN toBoolean(811408544) AS a5
result_size=1
MATCH (n0{k46:'RbujJo'})-[r0 :T12]->(n1{id:6}), (n1)-[r1 :T2]-(n2 :L5), (n3 :L3 :L2{id:14})-[r2 :T25]->(n4 :L0 :L1{k2:'aRCLionqk'})-[r3 :T0]-(n5 :L6{k41:'IfJeii'}), (n5 :L6{k38:'06rII'})<-[r4 :T20]-(n6) WHERE ((((r0.k125) = true) AND ((NOT (((false OR ((n6.k1) = true)) AND (false AND ((n3.k21) = true))) OR ((((r4.k172) = true) AND ((n4.k7) = true)) AND (((r0.k125) = true) AND ((n3.k17) = true))))) OR (((('ECbGb9'+(r4.k173))+((n5.k38)+(r1.k67))) ENDS WITH (r1.k67)) AND ((((r1.k68)+'xa2IPOr9h')+(n5.k38)) ENDS WITH (n5.k38))))) AND ((((((((((((((((n0.k46) > 'RbujJn') AND ((n0.k46) < 'RbujJp')) AND (((r0.k123) >= 6082356648555420689) AND ((r0.k123) <= 6082356648555420691))) AND ((n1.id) = 6)) AND ((n1.id) = 6)) AND (((((((r1.k67) > 'Ns9JHeBY') AND ((r1.k67) < 'Ns9JHeDY')) AND ((r1.k68) STARTS WITH 'VSCHL')) AND (((r1.k66) >= -5778711994477049959) AND ((r1.k66) <= -5778711994477049957))) AND (((r1.k71) >= 2820036865457788491) AND ((r1.k71) <= 2820036865457788495))) AND (((r1.k66) >= -5778711994477049959) AND ((r1.k66) <= -5778711994477049956)))) AND (((n2.k37) >= 785608621570665754) AND ((n2.k37) <= 785608621570665756))) AND (((n3.k13) >= 3399386675929356566) AND ((n3.k13) <= 3399386675929356570))) AND ((r2.k205) = 'PLDOc')) AND ((n4.id) = 8)) AND ((((r3.k59) = -4633079729852842370) AND (((r3.k56) > -3233492417696465967) AND ((r3.k56) < -3233492417696465964))) AND (((r3.k56) > -3233492417696465967) AND ((r3.k56) < -3233492417696465964)))) AND ((n5.k39) = '5w36Mf54W')) AND (((n5.k38) > '06rHI') AND ((n5.k38) < '06rJI'))) AND (((r4.id) = 27) AND (((r4.k169) > -4853415323776279847) AND ((r4.k169) < -4853415323776279843)))) AND ((n6.k0) = -1906050157137018094))) OPTIONAL MATCH (n7 :L5)-[r5 :T8]-(n1), (n7{k13:-4602100562286318761})-[r6 :T6]->(n1), (n8 :L6{k2:'YUDT2n'})-[r7 :T28]-(n9 :L6)<-[r8 :T26]-(n10)<-[r9 :T18]-(n0), (n11 :L1 :L7)-[r10 :T11]->(n5), (n1{id:6})-[r11 :T2]-(n2 :L5{k34:1965625194247199693}), (n0)-[r12 :T12]-(n1) WHERE ((((true OR ((('DH7BgnfV'+(('mf43KQ'+'eI0Gb9')+('2NkmcXjU'+(n0.k46))))+(((n9.k42)+((r11.k67)+(n8.k4)))+((n11.k32)+('cpolnSHj'+(r4.k173))))) <= ((r7.k221)+((((r2.k205)+(n3.k22))+('RXimqp'+(n6.k4)))+(r5.k99))))) AND ((r5.id) <> (r6.id))) AND ((r5.id) <> (r7.id))) AND (((((((((((((n7.k13) >= -4602100562286318762) AND ((n7.k13) <= -4602100562286318759)) AND ((r5.id) = 26)) AND (((n7.k12) > '6mzAZuw8') AND ((n7.k12) < '6mzAZuw:'))) AND (((r6.k89) > 'TDJmSbdb') AND ((r6.k89) < 'TDJmSbdd'))) AND ((n8.k42) STARTS WITH 'RONw3SOc')) AND (((((r8.k209) >= 4435309192548859993) AND ((r8.k209) <= 4435309192548859997)) AND ((r8.k207) = -2783621490039719715)) AND ((r8.k207) = -2783621490039719715))) AND ((n10.id) = 5)) AND (((n11.k9) > 1181119789980388785) AND ((n11.k9) < 1181119789980388787))) AND (((r10.k119) = -7056345085841727844) AND ((r10.k117) = 'HyNMA'))) AND ((((((r11.k71) = 2820036865457788493) AND ((r11.k67) ENDS WITH '9JHeCY')) AND (((r11.k66) >= -5778711994477049959) AND ((r11.k66) <= -5778711994477049956))) AND ((r11.k68) CONTAINS 'VSCH')) AND ((r11.k67) CONTAINS 's9JHe'))) AND ((r12.k126) ENDS WITH 'y1mN32d'))) UNWIND [(r0.id), (n2.k36), -239839646] AS a0 WITH (n5.k40) AS a1 ORDER BY a1 DESC LIMIT 3 WHERE ((r0.id) = (r12.id)) UNWIND [701707880, -1203246430] AS a2 RETURN toBoolean(1154089056) AS a3
result_size=6
MATCH (n0 :L6{k38:'06rII'})<-[r0 :T0]-(n1 :L0 :L1{k11:693347435208133931})-[r1 :T25]-(n2 :L2{k12:'592RnI'}), (n3 :L5{k34:1965625194247199693})-[r2 :T15]->(n4 :L1 :L4), (n5{id:6})<-[r3 :T28]-(n6{id:5}) WHERE (((((n2.id) = (n2.id)) OR ((NOT ((r0.k57) <= (n1.k8))) OR (NOT (NOT (((n2.k23) = true) OR ((n4.k7) = true)))))) OR (((n2.k24) ENDS WITH 'gyzAB4j') AND (((((n0.k42) < (n1.k10)) OR (((n1.k1) = true) AND ((n1.k1) = true))) OR ((NOT ((n2.k20) = true)) OR ((r1.k201) = (r3.k219)))) AND (((NOT ((n2.k23) = true)) OR ((n0.k40) = true)) AND ((((n2.k17) = true) AND ((n4.k27) = true)) OR (((r1.k200) = true) AND ((n1.k7) = true))))))) AND (((((((((((n0.id) = 4) AND ((((r0.k56) > -3233492417696465968) AND ((r0.k56) < -3233492417696465964)) AND (((r0.k59) >= -4633079729852842371) AND ((r0.k59) <= -4633079729852842368)))) AND ((n1.id) = 8)) AND ((r1.id) = 20)) AND ((n3.k34) = 1965625194247199693)) AND (((((r2.k143) > 'BcGxh') AND ((r2.k143) < 'BcGxj')) AND ((r2.k142) CONTAINS 'vREk')) AND ((r2.id) = 29))) AND ((n4.id) = 12)) AND ((n5.id) = 6)) AND (((((((r3.k222) > -2774331026389006875) AND ((r3.k222) < -2774331026389006871)) AND ((r3.id) = 37)) AND (((r3.k220) > 'eq4WmJb') AND ((r3.k220) < 'eq4WmJd'))) AND ((r3.k223) = 'Ngdpd')) AND ((r3.id) = 37))) AND ((n6.id) = 5))) UNWIND [(((r1.k204)+(n0.k38))+('DZu8HMQb'+(r3.k223)))] AS a0 UNWIND [-2033274898, (n1.k3)] AS a1 WITH DISTINCT (n0.k42) AS a2, toBoolean((n3.k36)) AS a3, split((r3.k223), 'Ngd') AS a4 ORDER BY a2 DESC, a3 DESC LIMIT 1 WHERE (((((2045142665 < 8087607185534537119) OR ((a3 = true) AND (a2 <= 'XlV81HL'))) OR (a2 < ((a2+a2)+(a2+a2)))) AND (-1821581941 <= 8928521711037902569)) AND ((((a3 = true) OR (-1444671287 = -4597278575570411577)) AND (a2 STARTS WITH a2)) OR ((((a2+a2)+(a2+a2)) <> ((a2+'eoGJH')+a2)) OR (a3 = true)))) MATCH (n5{id:6})-[r4 :T28]-(n6), (n5{id:6})<-[r5 :T12]-(n7 :L7{k43:'XTIWLJZ'}), (n5)-[r6 :T8]-(n8 :L2 :L5), (n3{k35:'F8r1dos1'})-[r7 :T15]->(n4 :L4) WHERE (((((n4.k26)+((((n4.k26)+(r5.k126))+((n4.k26)+(n3.k35)))+'5M5mufQo2'))+('rVH3Lu'+((((r6.k97)+(r6.k99))+((n4.k10)+(n3.k35)))+(a2+((r7.k143)+(n8.k12)))))) = 'TiYbFZ9TiYbFZ9y1mN32dTiYbFZ9F8r1dos15M5mufQo2rVH3LuDies1v2rlcXTOVPlRrj35wCTF8r1dos1Xld81HLBcGxi6mzAZuw9') AND (((((((((((n5.id) = 6) AND ((r4.id) = 37)) AND ((n5.id) = 6)) AND ((((((r5.id) = 22) AND ((r5.id) = 22)) AND ((r5.id) = 22)) AND ((r5.id) = 22)) AND (((r5.k126) > 'y1mN31d') AND ((r5.k126) < 'y1mN33d')))) AND ((n7.id) = 15)) AND ((n5.id) = 6)) AND ((((((r6.id) = 26) AND (((r6.k99) > 'cXTOVPk') AND ((r6.k99) < 'cXTOVPm'))) AND ((r6.id) = 26)) AND (((r6.k100) > 3540112961909550964) AND ((r6.k100) < 3540112961909550967))) AND (((r6.k97) > 'Dies1v2ql') AND ((r6.k97) < 'Dies1v2sl')))) AND (((n8.k16) > -7012417840344948120) AND ((n8.k16) < -7012417840344948118))) AND (((n3.k36) > 466367946567531308) AND ((n3.k36) < 466367946567531310))) AND ((r7.k143) = 'BcGxi'))) RETURN DISTINCT toBoolean(-1599418456) AS a5, toLower('o4x2CGb') AS a6, toInteger(log(231055648)) AS a7, max('oC6N4Q') AS a8 ORDER BY a5, a6, a7, a8
result_size=1
MATCH (n0 :L6{k38:'06rII'})<-[r0 :T0]-(n1 :L1{k5:-8408587225525372772})-[r1 :T25]-(n2 :L3 :L2{k23:false}), (n3 :L2 :L5)-[r2 :T6]-(n4{id:6}), (n5 :L5)-[r3 :T13]-(n6 :L4{k31:true}) WHERE ((((((((n6.k26)+(n6.k10))+(r1.k204))+((n3.k35)+('nR1Rqe2'+(r2.k87))))+((((r1.k203)+'sHd65Xpf')+('3GXdqpb'+(n1.k10)))+(n6.k10))) > (r3.k130)) OR ((n0.k40) = true)) AND ((((((((((n0.id) = 4) AND ((((r0.k59) > -4633079729852842371) AND ((r0.k59) < -4633079729852842368)) AND (((r0.k59) > -4633079729852842372) AND ((r0.k59) < -4633079729852842368)))) AND ((n1.k4) ENDS WITH 'FgGHHE6sR')) AND (((r1.k206) > 'HwwtS04LC') AND ((r1.k206) < 'HwwtS04NC'))) AND (((n3.k36) >= 8612711047123248146) AND ((n3.k36) <= 8612711047123248149))) AND ((r2.id) = 25)) AND (((n5.k36) >= 466367946567531307) AND ((n5.k36) <= 466367946567531310))) AND (((((r3.k127) >= 5101727655859649511) AND ((r3.k127) <= 5101727655859649514)) AND ((r3.id) = 31)) AND (((r3.k128) >= -4279423502983938202) AND ((r3.k128) <= -4279423502983938199)))) AND ((n6.id) = 12))) MATCH (n5{id:1})-[r4 :T13]-(n6), (n4{id:6})-[r5 :T12]-(n7 :L7), (n4{id:6})-[r6 :T8]-(n3 :L2 :L5), (n3)-[r7 :T6]-(n4), (n0{k39:'5w36Mf54W'})-[r8 :T0]-(n1 :L0 :L1)-[r9 :T25]-(n2) WHERE (((n6.id) <> (r5.id)) AND ((((((((((r4.id) = 31) AND ((r4.k127) = 5101727655859649513)) AND (((r4.k128) >= -4279423502983938203) AND ((r4.k128) <= -4279423502983938199))) AND ((((((r5.k126) STARTS WITH 'y1mN3') AND (((r5.k126) > 'y1mN32c') AND ((r5.k126) < 'y1mN32e'))) AND (((r5.k124) > 'K2LbRSH') AND ((r5.k124) < 'K2LbRSJ'))) AND ((r5.id) = 22)) AND ((r5.k123) = 6082356648555420690))) AND (((n7.k44) >= -8266938458973302968) AND ((n7.k44) <= -8266938458973302965))) AND ((((((r6.k100) = 3540112961909550966) AND (((r6.k100) >= 3540112961909550964) AND ((r6.k100) <= 3540112961909550968))) AND (((r6.k100) > 3540112961909550965) AND ((r6.k100) < 3540112961909550968))) AND ((r6.k97) STARTS WITH 'Dies1v2')) AND (((r6.k97) > 'Dies1v2rk') AND ((r6.k97) < 'Dies1v2rm')))) AND (((r7.k91) > 864591430261021654) AND ((r7.k91) < 864591430261021656))) AND ((r8.id) = 41)) AND ((r9.k205) STARTS WITH 'PLDO'))) WITH (n1.k1) AS a0 ORDER BY a0 DESC SKIP 0 WHERE (((r7.k90) = true) AND (((((n1.k4)+((r2.k89)+(n0.k39)))+(n6.k10))+('Vo4tKgacXTO'+'VPlK2LbRSI')) CONTAINS ((n6.k32)+((r6.k99)+(r5.k124))))) RETURN DISTINCT sum(-1188475669) AS a1, toBoolean(1163055806) AS a2, a0 ORDER BY a1, a2 DESC, a0 DESC
result_size=1
MATCH (n0{id:5})-[r0 :T24]->(n1 :L0 :L1{id:8})-[r1 :T0]->(n2 :L6{k39:'5w36Mf54W'}), (n3)<-[r2 :T12]-(n4 :L7{k46:'RbujJo'}), (n0{id:5})-[r3 :T26]-(n5 :L6{k42:'lhQKYzD'})-[r4 :T20]-(n3{id:6}), (n3)-[r5 :T2]-(n6 :L5{id:1}), (n1{k1:true})-[r6 :T12]->(n7 :L6 :L4)-[r7 :T23]-(n5{k40:true})-[r8 :T28]-(n8 :L0 :L6{id:11}), (n9 :L2 :L5{k34:6179862335993338594})-[r9 :T6]-(n3) WHERE ((((n2.k41)+'eLdhY') <= ((((n8.k4)+(('oJJer5'+(r7.k188))+(n9.k35)))+((r2.k124)+(((r7.k191)+(r7.k191))+((n1.k2)+'WoEQS'))))+(((((r5.k67)+(r4.k171))+((r6.k126)+(n7.k38)))+(n1.k4))+((((r2.k126)+(r0.k196))+((n5.k38)+(r2.k126)))+(n6.k35))))) AND ((((((((((((((((((((((((n0.id) = 5) AND ((((((r0.k194) >= -9023582833066204104) AND ((r0.k194) <= -9023582833066204102)) AND ((r0.id) = 38)) AND ((r0.k196) ENDS WITH '0xUp98Jr')) AND ((r0.id) = 38))) AND (((n1.k11) >= 693347435208133930) AND ((n1.k11) <= 693347435208133933))) AND ((r1.k59) = -4633079729852842370)) AND ((n3.id) = 6)) AND (((((((r2.k124) > 'K2LbRSH') AND ((r2.k124) < 'K2LbRSJ')) AND ((r2.k126) ENDS WITH 'y1mN32d')) AND ((r2.id) = 22)) AND ((r2.k126) CONTAINS 'y1mN32')) AND ((r2.id) = 22))) AND (((n4.k48) >= 4543459467705193668) AND ((n4.k48) <= 4543459467705193672))) AND ((n0.id) = 5)) AND ((((((r3.k209) > 4435309192548859993) AND ((r3.k209) < 4435309192548859996)) AND ((r3.k210) CONTAINS 'dDfA')) AND ((r3.id) = 24)) AND ((r3.id) = 24))) AND ((n5.k41) ENDS WITH 'u9hIJ')) AND ((((r4.id) = 30) AND ((r4.id) = 30)) AND ((r4.k171) STARTS WITH 'bhdt7D'))) AND ((n3.id) = 6)) AND ((n3.id) = 6)) AND ((r5.id) = 36)) AND ((n1.k2) CONTAINS 'aRCLi')) AND ((((r6.id) = 23) AND ((r6.k123) = 1402329967508564604)) AND (((r6.k126) > 'ddChX2j') AND ((r6.k126) < 'ddChX4j')))) AND ((n7.k39) ENDS WITH 'eQQoizZK')) AND ((((((r7.k191) STARTS WITH 'jjGUb') AND (((r7.k191) > 'jjGUbqJ') AND ((r7.k191) < 'jjGUbsJ'))) AND (((r7.k190) >= 7526033825694392951) AND ((r7.k190) <= 7526033825694392954))) AND ((r7.id) = 40)) AND (((r7.k192) >= 5322921643877952844) AND ((r7.k192) <= 5322921643877952846)))) AND (((n5.k41) > 'd52ku9hII') AND ((n5.k41) < 'd52ku9hIK'))) AND (((r8.k220) > 'PWGnqoCu') AND ((r8.k220) < 'PWGnqoCw'))) AND (((n9.k13) > -4602100562286318763) AND ((n9.k13) < -4602100562286318760))) AND ((r9.k89) STARTS WITH 'TDJmSb')) AND ((n3.id) = 6))) UNWIND [(171239104 <= 7200532693767834634)] AS a0 UNWIND [-1729297787] AS a1 UNWIND [(('uDcwwXk1' <= (n5.k42)) AND ((r9.k87) > (r3.k210))), ('OESHb' <> ((n5.k41)+'TSQ2O')), ((n7.k26) CONTAINS (n7.k26))] AS a2 WITH DISTINCT r2, endNode(r3) AS a3, a1, r0 ORDER BY (r2.k124), (r2.id) DESC, (r0.k194) DESC, (r0.k198) DESC, a1 DESC LIMIT 1 WHERE ((((r2.id) = (r2.id)) OR (NOT (((((r2.k125) = true) AND ((r2.k125) = true)) AND ((a3.k40) = true)) AND (('Xq1s9G0aM'+(a3.k41)) <= ((r0.k196)+(a3.k42)))))) AND ((r0.k194) <= (r2.id))) WITH toBoolean((r2.id)) AS a4, r2, a3 ORDER BY (r2.k126), a4 DESC SKIP 0 WHERE ((((r2.k125) = true) AND (NOT (((NOT ((r2.k125) = true)) OR ((a3.k42) <> 'lhQKYzD')) OR ((r2.k122) = true)))) AND (NOT (((('C5KRI'+(r2.k124))+((r2.k124)+(a3.k41))) >= ((r2.k126)+((a3.k42)+'EwkkF'))) OR ((r2.k122) = true)))) RETURN (r2.k123) AS a5, (r2.k125) AS a6, toBoolean(1702124915) AS a7, toBoolean(1639586576) AS a8
result_size=1
MATCH (n0)-[r0 :T3]->(n1)-[r1 :T15]->(n2 :L1 :L4{k9:2767796042371578913}), (n3 :L2 :L5)-[r2 :T8]->(n4{id:6}), (n5 :L7)-[r3 :T12]-(n4{id:6}), (n6 :L6)<-[r4 :T0]-(n7 :L0 :L1{k3:125373113888663038})<-[r5 :T24]-(n0) WHERE ((((n2.k7) = true) OR (((((n2.k27) = true) AND (((r3.k126)+(n5.k43)) = 'y1mN32dXTIWLJZ')) OR ((((r3.k126)+(n6.k39)) ENDS WITH (n6.k39)) OR (((n7.k10)+(r5.k196)) STARTS WITH (n7.k10)))) AND (((NOT ((n2.k7) = true)) AND (true OR ((n7.k2) CONTAINS (n7.k2)))) OR (((n3.k33) = true) OR ((true OR ((r1.k139) = true)) AND (NOT ((r4.k58) = true))))))) AND ((((((((((((((((n0.id) = 5) AND ((r0.id) = 42)) AND ((((r1.id) = 29) AND ((r1.id) = 29)) AND ((r1.k142) ENDS WITH 'vREk0p'))) AND ((n2.id) = 12)) AND (((n3.k36) >= 8612711047123248146) AND ((n3.k36) <= 8612711047123248150))) AND ((r2.id) = 26)) AND ((n4.id) = 6)) AND (((n5.k46) > 'RbujJn') AND ((n5.k46) < 'RbujJp'))) AND ((r3.k126) = 'y1mN32d')) AND ((n4.id) = 6)) AND ((n6.k41) CONTAINS 'fJei')) AND (((r4.id) = 41) AND (((r4.k60) >= -7335157833533973051) AND ((r4.k60) <= -7335157833533973048)))) AND (((n7.k2) > 'aRCLionqj') AND ((n7.k2) < 'aRCLionql'))) AND (((((r5.k198) >= 8746241522820875851) AND ((r5.k198) <= 8746241522820875853)) AND ((r5.id) = 38)) AND ((r5.id) = 38))) AND ((n0.id) = 5))) WITH DISTINCT toBoolean((n7.k5)) AS a0 ORDER BY a0 DESC SKIP 0 WHERE (((((-348178288 < -7367510436686680507) OR ((NOT (a0 = true)) AND (-348178288 < -3380917432533477135))) OR ((false AND (NOT false)) OR (-282460060 <= -6938689863803281832))) OR (true AND (((-348178288 = -348178288) OR (a0 = true)) OR (((a0 = true) AND false) OR ((false = true) OR (false = true)))))) OR ((('CEY5TCn'+(('VwbBurw'+'CaD1hE')+('Hl7Xfn2Md'+'YDuHMTGZl')))+((('N74sDW'+'mnnxFHc')+('chD7f7NV'+'WiZ19p9'))+(('g9p7TS2'+'XH3s1Xs')+'FbwGGgb2z'))) = ((('eIRhFMl'+'JLCSGMkwd')+('shZnr'+('X4XhuKFKo'+'MvviL8CO')))+((('E09sy'+'cGwtjnbgk')+'lxZnR6w3')+(('AyMyJ'+'liRK37dQ')+'f8jVtFs9'))))) OPTIONAL MATCH (n5)-[r6 :T12]-(n4{id:6}), (n2 :L4{k27:false})<-[r7 :T13]-(n1 :L5), (n8 :L0{k3:-7464571967216274257})-[r8 :T20]->(n6), (n3 :L5)-[r9 :T8]->(n4) WHERE (((1853124342 = 1853124342) AND ((r7.k129) = true)) AND ((((((((((n5.id) = 15) AND (((r6.k123) >= 6082356648555420688) AND ((r6.k123) <= 6082356648555420692))) AND (((n2.k11) > 4991724402361332956) AND ((n2.k11) < 4991724402361332960))) AND (((r7.k127) = 5101727655859649513) AND ((r7.k128) = -4279423502983938201))) AND (((n1.k36) >= 466367946567531307) AND ((n1.k36) <= 466367946567531311))) AND ((n8.id) = 7)) AND (((n3.k36) > 8612711047123248147) AND ((n3.k36) < 8612711047123248150))) AND (((r9.k100) >= 3540112961909550965) AND ((r9.k100) <= 3540112961909550968))) AND ((n4.id) = 6))) WITH (n3.k36) AS a1, n6, toBoolean((n5.k45)) AS a2 ORDER BY (n6.k38), (n6.k39), (n6.k40), a1, a2 LIMIT 1 WHERE (NOT ((((((n6.k38)+(n6.k41)) > ((n6.k42)+(n6.k42))) AND ((((n6.k40) = true) OR (a2 = true)) AND ((n6.k38) > '0drII'))) AND (((n6.k38)+((n6.k42)+'NXemr')) = ('N3nB71'+((n6.k42)+(n6.k41))))) AND ((n6.k41) >= (n6.k42)))) UNWIND [((n6.k42)+((n6.k41)+(n6.k41))), (((n6.k38)+(n6.k39))+('jUJzEaMl'+(n6.k41)))] AS a3 WITH 1 AS a4 ORDER BY a4 DESC SKIP 1 LIMIT 1 WHERE (((((a1 = 8612711047123248148) OR (((a2 = true) AND (a2 = true)) OR (a2 = true))) OR (((false OR (false = true)) OR ((false = true) OR (false = true))) OR (((false = true) AND ((n6.k40) = true)) OR ((false = true) OR (false = true))))) OR (NOT ((((false = true) OR (false = true)) AND (false AND true)) OR ((false OR false) AND (NOT (a2 = true)))))) AND ((((((n6.k42)+(n6.k41))+('2XZzW8'+(n6.k42))) <> (('jU5Iwc'+(n6.k42))+((n6.k41)+'aOG023P'))) OR (((true AND (a2 = true)) OR (false AND ((n6.k40) = true))) OR ((((n6.k40) = true) OR (a2 = true)) AND ('m7Iloot' CONTAINS 'm7Iloot')))) AND (((n6.k40) = true) OR (NOT (((n6.k39) ENDS WITH '5w36Mf54W') AND (a1 = a1)))))) RETURN replace('AqzuUw3', '96rd97m', '6cS3T9BBZ') AS a5
result_size=1
MATCH (n0 :L1 :L4)-[r0 :T1]-(n1 :L5{k35:'DIe4OXrE'})<-[r1 :T14]-(n2 :L3 :L2), (n0 :L1{k26:'TiYbFZ9'})<-[r2 :T13]-(n3 :L5), (n3{id:1})-[r3 :T2]->(n4{id:6}), (n0)-[r4 :T15]-(n3{k33:true})<-[r5 :T3]-(n5{id:5}) WHERE ((((((((n2.k13) = (n2.k13)) OR (((n2.k23) = true) AND (((n2.k20) = true) AND ((n0.k6) = true)))) AND ((NOT false) OR (NOT (NOT ((n0.k28) = true))))) AND ((((n2.k20) = true) AND ((n3.k36) = (n3.k36))) OR (((n0.id) < (n0.id)) AND (((r2.k130) <= (n0.k10)) AND (false OR false))))) OR (((((r0.id) = (r3.k66)) OR ((((n0.k7) = true) OR ((n0.k28) = true)) OR (((n0.k31) = true) AND ((n0.k30) = true)))) AND ((((r1.k133)+(n0.k10))+((n2.k12)+(n1.k35))) < ((r1.k134)+('x8mfpJJ'+(n2.k24))))) AND ((((n0.k9) < 7235633561696619397) OR ((NOT ((n3.k33) = true)) AND (((n3.k33) = true) OR true))) AND ((r0.k63) = (r0.k63))))) AND ((r0.id) <> (r1.id))) AND (((((((((((((((n0.k11) > 4991724402361332957) AND ((n0.k11) < 4991724402361332959)) AND (((r0.id) = 17) AND ((r0.id) = 17))) AND (((n1.k36) >= 376371496100050020) AND ((n1.k36) <= 376371496100050023))) AND ((r1.id) = 32)) AND ((n0.id) = 12)) AND (((r2.k127) = 5101727655859649513) AND ((r2.k130) ENDS WITH '82fuN'))) AND (((n3.k36) > 466367946567531308) AND ((n3.k36) < 466367946567531311))) AND (((n3.k36) >= 466367946567531307) AND ((n3.k36) <= 466367946567531310))) AND (((((r3.k67) > 'Ns9JHeCX') AND ((r3.k67) < 'Ns9JHeCZ')) AND ((r3.k67) STARTS WITH 'Ns9JHe')) AND (((r3.k71) >= 2820036865457788491) AND ((r3.k71) <= 2820036865457788494)))) AND ((n4.id) = 6)) AND ((n0.id) = 12)) AND ((r4.id) = 29)) AND ((n5.id) = 5))) UNWIND [((((n0.k6) = true) AND ((n0.k31) = true)) AND (NOT ((n0.k30) = true))), (((n0.k32) CONTAINS (n0.k32)) AND ((n2.k12) STARTS WITH (n2.k12))), ((n0.k27) = true)] AS a0 WITH toBoolean((r5.id)) AS a1, r3, toInteger(sin((toInteger((n1.k36)/2147483649)))) AS a2, max((n3.id)) AS a3 ORDER BY (r3.k67) DESC, a2 DESC, a3 DESC, a1 DESC SKIP 0 WHERE (NOT ((((((false = true) OR (false = true)) OR (false AND true)) OR (NOT ((r3.k68) ENDS WITH 'VSCHLx'))) OR (NOT (('kj9VJ'+(r3.k67)) ENDS WITH '9VJNs9JHeCY'))) AND (((r3.k69)+(r3.k68)) <= (('QxSWSy23k'+(r3.k69))+(r3.k69))))) OPTIONAL MATCH (n3)-[r6 :T2]->(n4{id:6}), (n6 :L6{k41:'IfJeii'})<-[r7 :T0]-(n7 :L0 :L1)<-[r8 :T24]-(n5{id:5}), (n8)-[r9 :T12]->(n4{id:6}) WHERE (((a1 = true) OR ((((r6.k69)+(((r3.k67)+'1yi6t5')+(r6.k69))) STARTS WITH '7HBxS5Ns9JHe') OR ((NOT ((NOT ((n7.k6) = true)) AND true)) OR (((NOT false) AND (((n6.k40) = true) OR ((n6.k40) = true))) AND ((((n6.k40) = true) AND ((r9.k125) = true)) OR ((n6.k41) <= 'ufJeii')))))) AND ((((((((((n3.k34) = 1965625194247199693) AND ((r6.k68) ENDS WITH 'VSCHLx')) AND ((n6.k38) = '06rII')) AND (((r7.id) = 41) AND (((r7.k59) >= -4633079729852842371) AND ((r7.k59) <= -4633079729852842369)))) AND (((n7.k8) > -4107237767664150895) AND ((n7.k8) < -4107237767664150892))) AND (((r8.k196) > '0xUp98Ir') AND ((r8.k196) < '0xUp98Kr'))) AND (((n8.k45) > 2718911057759583311) AND ((n8.k45) < 2718911057759583313))) AND (((r9.k126) > 'y1mN31d') AND ((r9.k126) < 'y1mN33d'))) AND ((n4.id) = 6))) UNWIND [((n6.k38)+((n7.k2)+(n7.k2))), (n6.k41)] AS a4 UNWIND [(((n7.k10)+'P0OyXJev')+('r78guM'+(r3.k67)))] AS a5 RETURN replace('Tcwj7R9', 'cw', '6kbxn') AS a6, (n6.k42) AS a7, right('39rser', 1) AS a8, left('0LUL8kLzM', 1) AS a9
result_size=2
MATCH (n0 :L1 :L4{k31:true})<-[r0 :T1]-(n1 :L5{k35:'DIe4OXrE'})<-[r1 :T14]-(n2 :L3 :L2), (n3 :L6)-[r2 :T0]-(n4 :L1 :L0)<-[r3 :T24]-(n5{id:5}), (n6 :L7{k48:4543459467705193670})-[r4 :T12]-(n7{id:6}), (n0)-[r5 :T15]-(n8)<-[r6 :T3]-(n5{id:5}) WHERE ((((r1.k136)+(((n0.k10)+(r6.k76))+((((n1.k35)+'keCrtY')+((n0.k32)+(n4.k10)))+(('N0w0lGbb'+(r4.k124))+('NNUCrUeAY'+(r6.k76)))))) <> (('rIVXWX'+(n0.k32))+(((r6.k76)+(('9acCr'+(n3.k42))+((n4.k10)+'SLDgXao')))+((n4.k4)+(((r6.k74)+(n2.k22))+(r6.k76)))))) AND (((((((((((((((((((n0.k32) CONTAINS '4tKg') AND ((((r0.k61) >= -7825767595787592156) AND ((r0.k61) <= -7825767595787592154)) AND ((r0.id) = 17))) AND ((n1.id) = 10)) AND ((((r1.id) = 32) AND ((r1.id) = 32)) AND (((r1.k133) > 'HSD7Xzsb') AND ((r1.k133) < 'HSD7Xzub')))) AND (((n2.k12) > '592RmI') AND ((n2.k12) < '592RoI'))) AND ((n3.k42) ENDS WITH 'd81HL')) AND (((r2.id) = 41) AND (((r2.k59) >= -4633079729852842371) AND ((r2.k59) <= -4633079729852842369)))) AND ((n4.k3) = 125373113888663038)) AND ((r3.k194) = -9023582833066204103)) AND ((n5.id) = 5)) AND ((n6.k45) = 2718911057759583312)) AND ((r4.id) = 22)) AND ((n7.id) = 6)) AND ((n0.id) = 12)) AND (((r5.id) = 29) AND ((r5.id) = 29))) AND (((n8.k36) > 466367946567531308) AND ((n8.k36) < 466367946567531311))) AND ((((r6.id) = 42) AND ((r6.k74) STARTS WITH 'Zmgw3pR')) AND ((r6.id) = 42))) AND ((n5.id) = 5))) UNWIND [((((n1.k33) = true) OR ((n2.k18) = true)) AND (((n2.k18) = true) OR ((n8.k33) = true))), (((r0.k62) = true) AND (((n8.k33) = true) AND ((n4.k7) = true)))] AS a0 WITH toBoolean((r3.id)) AS a1, n8, min((n0.k10)) AS a2, (r3.k198) AS a3 ORDER BY (n8.k37) DESC, (n8.id), a3 DESC, a1 DESC, a2 DESC SKIP 0 WHERE (((n8.k36) < (n8.k37)) OR ((((('Eo5QduoSf'+(n8.k35))+a2)+'uFEita')+(n8.k35)) > 'Eo5QduoSfF8r1dos1Rrj3%wCTuFEitaF8r1dos1')) MATCH (n6 :L7)-[r7 :T12]-(n7), (n7)<-[r8 :T20]-(n9 :L6)<-[r9 :T26]-(n5), (n3 :L6)-[r10 :T20]-(n10 :L0{k5:-2400920000561693138})-[r11 :T3]-(n11 :L4 :L1 :L7{k47:'UD0fp'}), (n3)<-[r12 :T0]-(n4{k6:false})-[r13 :T24]-(n5{id:5}), (n0 :L1)-[r14 :T1]-(n1{k37:-4123222271918706618})<-[r15 :T14]-(n2 :L3{k24:'gyzAB4j'}) WHERE ((((((n3.k41)+(((r15.k135)+(r7.k124))+((n3.k38)+(n2.k12))))+(((n4.k10)+'va2ed')+((n0.k32)+((n10.k2)+(n1.k35))))) < ('7PIi5H3pJ'+(n1.k35))) OR ((n10.id) <= (r10.id))) AND ((((((((((((((((((((((n6.k45) >= 2718911057759583310) AND ((n6.k45) <= 2718911057759583313)) AND ((r7.id) = 22)) AND ((n7.id) = 6)) AND ((((((r8.id) = 30) AND (((r8.k169) >= 2232831999908142576) AND ((r8.k169) <= 2232831999908142578))) AND ((r8.k173) CONTAINS 'YWVHN')) AND ((r8.k173) ENDS WITH 'VHNEcq')) AND (((r8.k169) >= 2232831999908142575) AND ((r8.k169) <= 2232831999908142578)))) AND (((n9.k41) > 'd52ku9hHJ') AND ((n9.k41) < 'd52ku9hJJ'))) AND (((r9.k209) >= 4435309192548859994) AND ((r9.k209) <= 4435309192548859996))) AND ((n3.id) = 4)) AND ((((r10.k174) > 4069073454625864955) AND ((r10.k174) < 4069073454625864957)) AND ((r10.k173) ENDS WITH 'UzxaLH'))) AND (((n10.k4) > 'wmbkbu2v') AND ((n10.k4) < 'wmbkbu4v'))) AND (((r11.k74) ENDS WITH '4uzOF') AND ((r11.k75) ENDS WITH 'SOjpE'))) AND (((n11.k47) > 'UD0ep') AND ((n11.k47) < 'UD0gp'))) AND ((n3.k41) ENDS WITH 'fJeii')) AND (((r12.k59) = -4633079729852842370) AND ((r12.k59) = -4633079729852842370))) AND ((n4.id) = 8)) AND (((r13.k196) > '0xUp98Ir') AND ((r13.k196) < '0xUp98Kr'))) AND ((n0.id) = 12)) AND (((r14.id) = 17) AND ((r14.id) = 17))) AND (((n1.k34) >= -7583288959209556090) AND ((n1.k34) <= -7583288959209556087))) AND ((((r15.k135) CONTAINS 'plff') AND ((r15.id) = 32)) AND (((r15.k135) > 'IplffRU') AND ((r15.k135) < 'IplffTU')))) AND (((n2.k16) >= -2716617476983529535) AND ((n2.k16) <= -2716617476983529532)))) RETURN DISTINCT sign(138907479) AS a4, (n10.id) AS a5, toBoolean(2024144056) AS a6, sum(1135502688) AS a7 ORDER BY a4, a5, a6, a7 DESC LIMIT 1
result_size=1
MATCH (n0{id:6})-[r0 :T12]-(n1 :L7), (n2 :L6 :L0{id:11})-[r1 :T28]-(n3 :L6{k42:'lhQKYzD'}), (n1)-[r2 :T18]->(n4{id:5})-[r3 :T24]->(n5 :L0 :L1)-[r4 :T12]-(n6 :L6 :L4{k30:true})-[r5 :T10]->(n7 :L5{k35:'DIe4OXrE'})-[r6 :T1]->(n8 :L1 :L4{k32:'Vo4tKga'}), (n9 :L3 :L2)-[r7 :T25]-(n5{k11:693347435208133931})-[r8 :T0]->(n10 :L6{k38:'06rII'}), (n4{id:5})-[r9 :T3]-(n11 :L5)-[r10 :T15]-(n8{k11:4991724402361332958}), (n9{k25:-2206665055465668531})-[r11 :T14]-(n7{k37:-4123222271918706618})-[r12 :T24]->(n6{k31:true})-[r13 :T23]-(n3{k42:'lhQKYzD'})-[r14 :T20]-(n0{id:6}) WHERE (((((((n9.k20) = true) AND ((r0.id) <> (r1.id))) AND ((r0.id) <> (r2.id))) AND ((r0.id) <> (r3.id))) AND ((r0.id) <> (r4.id))) AND (((((((((((((((((((((((((((((((((n0.id) = 6) AND ((r0.id) = 22)) AND (((n1.k48) >= 4543459467705193669) AND ((n1.k48) <= 4543459467705193671))) AND ((n2.id) = 11)) AND (((n3.k38) > 'gSqX7w') AND ((n3.k38) < 'gSqX9w'))) AND ((n1.k44) = -8266938458973302966)) AND ((r2.id) = 19)) AND ((n4.id) = 5)) AND (((r3.k194) >= -9023582833066204104) AND ((r3.k194) <= -9023582833066204101))) AND (((((r4.k123) > 1402329967508564602) AND ((r4.k123) < 1402329967508564605)) AND ((r4.id) = 23)) AND ((r4.k123) = 1402329967508564604))) AND ((n6.k39) = 'eQQoizZK')) AND (((((((r5.k112) > 8619326266014210129) AND ((r5.k112) < 8619326266014210132)) AND (((r5.k112) >= 8619326266014210129) AND ((r5.k112) <= 8619326266014210132))) AND (((r5.k113) > 'BGRbx') AND ((r5.k113) < 'BGRbz'))) AND ((r5.id) = 21)) AND ((r5.k112) = 8619326266014210131))) AND (((n7.k36) >= 376371496100050020) AND ((n7.k36) <= 376371496100050022))) AND ((((r6.id) = 17) AND ((r6.id) = 17)) AND ((r6.id) = 17))) AND ((n8.id) = 12)) AND (((n9.k15) >= -2446511175260932911) AND ((n9.k15) <= -2446511175260932908))) AND ((r7.k204) ENDS WITH 'KSA9s')) AND (((n5.k10) > 'bw1vQ4gCT') AND ((n5.k10) < 'bw1vQ4gET'))) AND ((((r8.k57) = -2497523888505129148) AND (((r8.k59) >= -4633079729852842372) AND ((r8.k59) <= -4633079729852842369))) AND (((r8.k59) > -4633079729852842371) AND ((r8.k59) < -4633079729852842368)))) AND ((n10.id) = 4)) AND ((n4.id) = 5)) AND ((((((r9.k73) > 'RV1sKP') AND ((r9.k73) < 'RV1sKR')) AND ((r9.k73) ENDS WITH 'RV1sKQ')) AND ((r9.k76) CONTAINS 'lQkV')) AND ((r9.k76) ENDS WITH 'lQkVC'))) AND ((n11.k35) STARTS WITH 'F8r1dos')) AND ((((r10.k142) CONTAINS 'vREk0') AND ((r10.id) = 29)) AND (((r10.k142) > 'vREk/p') AND ((r10.k142) < 'vREk1p')))) AND (((n8.k8) > 7042114855180338147) AND ((n8.k8) < 7042114855180338149))) AND ((n9.k12) STARTS WITH '592R')) AND (((r11.k138) > -7202624143682116273) AND ((r11.k138) < -7202624143682116270))) AND (((r12.k198) > 4027856393029522739) AND ((r12.k198) < 4027856393029522743))) AND ((((((r13.k188) CONTAINS 'K69cL') AND ((r13.k191) STARTS WITH 'jjGUb')) AND (((r13.k190) >= 7526033825694392951) AND ((r13.k190) <= 7526033825694392954))) AND (((r13.k191) > 'jjGUbqJ') AND ((r13.k191) < 'jjGUbsJ'))) AND (((r13.k190) >= 7526033825694392951) AND ((r13.k190) <= 7526033825694392954)))) AND ((n3.k41) = 'd52ku9hIJ')) AND ((((r14.id) = 30) AND (((r14.k174) >= -6057677018444856098) AND ((r14.k174) <= -6057677018444856094))) AND ((r14.k171) STARTS WITH 'bhdt7D'))) AND ((n0.id) = 6))) OPTIONAL MATCH (n4)-[r15 :T28]-(n0{id:6}), (n0)-[r16 :T2]-(n11{k33:true}), (n4{id:5})-[r17 :T3]->(n11 :L5{k34:1965625194247199693})-[r18 :T15]-(n8 :L4), (n10{id:4})<-[r19 :T11]-(n12 :L4 :L1 :L7{k30:false}), (n2 :L6{k38:'9jQ4cJ'})-[r20 :T28]-(n3{k42:'lhQKYzD'}) WHERE ((((n10.k42)+(((n1.k43)+(('u2PKMpOc'+(r17.k73))+((r13.k191)+(n8.k26))))+(r20.k220))) CONTAINS (r1.k220)) AND ((((((((((r15.k222) >= -2774331026389006875) AND ((r15.k222) <= -2774331026389006872)) AND ((r15.id) = 37)) AND ((r15.k223) CONTAINS 'Ngdp')) AND (((r15.k219) > 1622161806245935800) AND ((r15.k219) < 1622161806245935803))) AND ((((((r16.id) = 36) AND (((r16.k66) > -5778711994477049959) AND ((r16.k66) < -5778711994477049957))) AND (((r16.k69) > '7HBxR5') AND ((r16.k69) < '7HBxT5'))) AND (((r16.k68) > 'VSCHKx') AND ((r16.k68) < 'VSCHMx'))) AND (((r16.k69) > '7HBxS4') AND ((r16.k69) < '7HBxS6')))) AND ((r17.id) = 42)) AND ((((r18.k142) ENDS WITH 'REk0p') AND ((r18.id) = 29)) AND ((r18.id) = 29))) AND ((r19.k117) CONTAINS 'HyNM'))) UNWIND [(((r18.k142)+'qAn9tc9sO')+(r12.k196)), (((r9.k74)+'9NOSN2f')+(n9.k24))] AS a0 WITH DISTINCT split((n2.k2), (n1.k46)) AS a1, (r9.k75) AS a2, type(r7) AS a3 ORDER BY a2 DESC, a3 DESC LIMIT 1 WHERE ((true = true) AND ((NOT (((NOT (true = true)) OR ('bddahgL' = a2)) AND (((false = true) OR false) OR ((false = true) AND (false = true))))) AND (true OR ((((true = true) AND (true = true)) OR ((false = true) OR (true = true))) AND (((true = true) OR (true = true)) OR ((true = true) OR false)))))) WITH sum(1) AS a4, sum(1) AS a5 ORDER BY a4 DESC, a5 DESC SKIP 0 WHERE (true = true) RETURN max(430842779) AS a6, trim('4zwCwesb') AS a7 ORDER BY a6 DESC, a7
result_size=1
MATCH (n0 :L1 :L4{k11:4991724402361332958})-[r0 :T15]-(n1 :L5)<-[r1 :T3]-(n2{id:5}), (n1)-[r2 :T13]-(n0 :L1 :L4), (n3 :L2 :L5{k37:-406503534336382114})-[r3 :T6]->(n4{id:6}), (n5 :L7{k44:-8266938458973302966})-[r4 :T18]->(n2)-[r5 :T24]->(n6 :L1 :L0)-[r6 :T12]-(n7 :L6 :L4{k31:true})-[r7 :T10]->(n8 :L5)-[r8 :T1]->(n0), (n4)<-[r9 :T20]-(n9 :L6{k40:true})<-[r10 :T23]-(n7 :L6{k40:true})<-[r11 :T24]-(n8)<-[r12 :T14]-(n10 :L3 :L2), (n11 :L6)-[r13 :T20]-(n12 :L0{k3:-7464571967216274257}) WHERE (((((((((r5.k193) = true) AND false) AND (((n10.k23) = true) OR ((r5.k193) = true))) AND (((r0.k142) ENDS WITH (r0.k142)) OR (((n11.k40) = true) AND ((r4.k157) = true)))) OR (NOT (((n0.k26)+(n10.k24)) = 'TiYbFZ9gyzAB4j'))) OR ((((r11.k199) = true) OR (('baIfec'+(n7.k41)) <= ((r7.k114)+(n7.k42)))) AND ((NOT (false OR ((r13.k172) = true))) OR ((n7.id) >= -6624237118510336853)))) OR (((((r12.k133)+((r13.k173)+(n7.k42)))+(((r1.k75)+(n1.k35))+((r11.k196)+'o4PBV')))+((((n0.k10)+(n1.k35))+(n11.k39))+('J'+'CH7swa'))) CONTAINS (n7.k41))) AND ((((((((((((((((((((((((((((((n0.k32) ENDS WITH 'o4tKga') AND (((r0.id) = 29) AND ((r0.id) = 29))) AND ((n1.k35) ENDS WITH 'F8r1dos1')) AND (((n1.k36) > 466367946567531308) AND ((n1.k36) < 466367946567531310))) AND (((r2.k127) > 5101727655859649511) AND ((r2.k127) < 5101727655859649515))) AND ((n3.id) = 0)) AND (((r3.k91) > 864591430261021654) AND ((r3.k91) < 864591430261021656))) AND ((n5.k46) STARTS WITH 'Rbuj')) AND ((r4.id) = 19)) AND ((n2.id) = 5)) AND (((((r5.id) = 38) AND ((r5.id) = 38)) AND (((r5.k194) >= -9023582833066204105) AND ((r5.k194) <= -9023582833066204101))) AND ((r5.id) = 38))) AND ((n6.k2) CONTAINS 'aRCLion')) AND (((((r6.k126) > 'ddChX2j') AND ((r6.k126) < 'ddChX4j')) AND ((r6.k126) CONTAINS 'ChX3')) AND ((r6.id) = 23))) AND ((n7.k39) STARTS WITH 'eQQoiz')) AND ((((((r7.id) = 21) AND ((r7.id) = 21)) AND (((r7.k113) > 'BGRay') AND ((r7.k113) < 'BGRcy'))) AND ((r7.id) = 21)) AND (((r7.k112) >= 8619326266014210130) AND ((r7.k112) <= 8619326266014210132)))) AND (((n8.k34) > -7583288959209556089) AND ((n8.k34) < -7583288959209556086))) AND ((((r8.id) = 17) AND ((r8.id) = 17)) AND ((r8.id) = 17))) AND (((n0.k10) > 'Rrj35wCS') AND ((n0.k10) < 'Rrj35wCU'))) AND ((n4.id) = 6)) AND ((((((r9.k171) = 'bhdt7DNP') AND ((r9.id) = 30)) AND ((r9.k173) CONTAINS 'WVHN')) AND ((r9.id) = 30)) AND ((r9.id) = 30))) AND (((n9.k41) > 'd52ku9hII') AND ((n9.k41) < 'd52ku9hIK'))) AND (((((r10.k190) >= 7526033825694392950) AND ((r10.k190) <= 7526033825694392953)) AND ((r10.id) = 40)) AND (((r10.k192) > 5322921643877952843) AND ((r10.k192) < 5322921643877952847)))) AND (((n7.k26) > 'Qs1ATL') AND ((n7.k26) < 'Qs1AVL'))) AND ((((((r11.id) = 33) AND ((r11.id) = 33)) AND ((r11.id) = 33)) AND (((r11.k194) > -5882943237774994310) AND ((r11.k194) < -5882943237774994306))) AND ((r11.k196) CONTAINS 'eUew'))) AND ((n8.k35) CONTAINS '4OXr')) AND ((((r12.id) = 32) AND ((r12.k133) STARTS WITH 'HSD7Xz')) AND ((r12.k136) ENDS WITH 'w6rVT'))) AND ((n10.id) = 14)) AND ((n11.k39) STARTS WITH '5w36Mf5')) AND ((r13.k174) = 4069073454625864956))) UNWIND [(n10.k13), -918103971] AS a0 RETURN (n12.k1) AS a1, max(-805490520) AS a2, left('XLAkrr5W', 1) AS a3, toInteger(floor(-1171435821)) AS a4 ORDER BY a4, a2 LIMIT 1
result_size=1
MATCH (n0 :L1 :L4)<-[r0 :T15]-(n1{k33:true})<-[r1 :T3]-(n2{id:5}), (n3)-[r2 :T12]-(n4 :L7), (n2)-[r3 :T28]->(n3), (n0 :L4{k27:false})<-[r4 :T1]-(n5 :L5{k36:376371496100050021})<-[r5 :T10]-(n6 :L6 :L4)<-[r6 :T12]-(n7 :L0 :L1{k2:'aRCLionqk'})<-[r7 :T24]-(n2{id:5})<-[r8 :T18]-(n4 :L7{k44:-8266938458973302966}), (n8 :L3 :L2{k21:false})-[r9 :T14]->(n5)-[r10 :T24]->(n6{k27:false})-[r11 :T23]-(n9 :L6)-[r12 :T20]-(n3) WHERE (((((((((r0.k143)+((n6.k42)+(r1.k73)))+(r5.k113))+((r1.k74)+((r0.k142)+(r7.k196))))+(n0.k32)) >= ('300Z55a2I'+((((r9.k136)+((r6.k124)+(n6.k38)))+((r7.k196)+((r5.k114)+(r7.k196))))+(r6.k124)))) AND ((r0.id) <> (r1.id))) AND ((r0.id) <> (r2.id))) AND ((((((((((((((((((((((((((n0.k9) >= 2767796042371578912) AND ((n0.k9) <= 2767796042371578915)) AND (((r0.id) = 29) AND ((r0.k143) = 'BcGxi'))) AND ((n1.k35) STARTS WITH 'F8r1do')) AND ((n3.id) = 6)) AND ((((((r2.id) = 22) AND ((r2.id) = 22)) AND (((r2.k124) > 'K2LbRRI') AND ((r2.k124) < 'K2LbRTI'))) AND ((r2.id) = 22)) AND (((r2.k124) > 'K2LbRSH') AND ((r2.k124) < 'K2LbRSJ')))) AND ((n4.id) = 15)) AND ((n2.id) = 5)) AND ((((((r3.k219) > 1622161806245935801) AND ((r3.k219) < 1622161806245935803)) AND ((r3.k220) STARTS WITH 'eq4WmJ')) AND ((r3.id) = 37)) AND (((r3.k219) > 1622161806245935801) AND ((r3.k219) < 1622161806245935804)))) AND ((n3.id) = 6)) AND ((n0.id) = 12)) AND ((((r4.k61) >= -7825767595787592157) AND ((r4.k61) <= -7825767595787592153)) AND (((r4.k61) >= -7825767595787592156) AND ((r4.k61) <= -7825767595787592154)))) AND (((n5.k36) > 376371496100050019) AND ((n5.k36) < 376371496100050023))) AND ((((r5.k113) = 'BGRby') AND ((r5.k113) STARTS WITH 'BGR')) AND ((r5.id) = 21))) AND ((n6.k26) ENDS WITH 's1AUL')) AND (((((((r6.k126) > 'ddChX3i') AND ((r6.k126) < 'ddChX3k')) AND (((r6.k124) > 'WkjQu') AND ((r6.k124) < 'WkjQw'))) AND ((r6.k126) ENDS WITH 'ddChX3j')) AND (((r6.k126) > 'ddChX3i') AND ((r6.k126) < 'ddChX3k'))) AND ((r6.id) = 23))) AND (((n7.k11) >= 693347435208133929) AND ((n7.k11) <= 693347435208133933))) AND ((((r7.id) = 38) AND ((r7.id) = 38)) AND ((r7.id) = 38))) AND ((n2.id) = 5)) AND ((n8.k12) CONTAINS '92Rn')) AND ((r9.k133) CONTAINS '7Xzt')) AND (((n5.k36) >= 376371496100050020) AND ((n5.k36) <= 376371496100050022))) AND ((r10.id) = 33)) AND (((r11.k188) > 'K69cLNm') AND ((r11.k188) < 'K69cLNo'))) AND ((r12.k171) CONTAINS 'hdt7'))) OPTIONAL MATCH (n2{id:5})-[r13 :T28]-(n3{id:6}), (n0{k7:false})<-[r14 :T13]-(n1), (n10 :L2 :L5{k17:false})-[r15 :T6]-(n3), (n3)-[r16 :T12]-(n4{k48:4543459467705193670}) WHERE ((((('ZeJoVx'+(((n6.k26)+(n4.k46))+((r10.k196)+(n0.k32)))) > ((((n4.k43)+(n0.k10))+('LZNhMU'+(r8.k158)))+(((r3.k223)+(r7.k196))+('zt8SV3'+(n0.k26))))) AND (((((n6.k39)+(n8.k24)) CONTAINS 'izZKgyz') AND ((true AND ((r15.k90) = true)) AND ((r13.k220) CONTAINS (r13.k220)))) OR ((('LQCcqqV'+(r6.k126)) = (r11.k191)) AND ((((n0.k7) = true) OR ((n0.k30) = true)) AND (((n8.k17) = true) OR ((n0.k30) = true)))))) AND (((r0.k143) ENDS WITH (r0.k143)) AND ((((NOT ((n1.k33) = true)) AND ((r15.k89) = (r9.k135))) OR ((NOT false) AND ((r15.k89) > 'TDomSbdc'))) OR ((((n4.k43)+(r1.k74)) <> ((n1.k35)+(n4.k43))) AND (NOT (NOT ((r14.k129) = true))))))) AND (((((((((((r13.k219) = 1622161806245935802) AND ((r13.k220) STARTS WITH 'eq4Wm')) AND ((r13.k223) STARTS WITH 'Ngdp')) AND (((r13.k219) > 1622161806245935800) AND ((r13.k219) < 1622161806245935804))) AND ((n3.id) = 6)) AND ((n0.k32) CONTAINS 'o4tK')) AND ((((r14.k128) >= -4279423502983938202) AND ((r14.k128) <= -4279423502983938199)) AND ((r14.id) = 31))) AND (((n10.k13) >= -4602100562286318763) AND ((n10.k13) <= -4602100562286318760))) AND ((r15.k89) STARTS WITH 'TDJmSbd')) AND (((((((r16.k123) > 6082356648555420689) AND ((r16.k123) < 6082356648555420692)) AND ((r16.id) = 22)) AND ((r16.id) = 22)) AND ((r16.id) = 22)) AND ((r16.id) = 22)))) RETURN reverse('aJvTxd') AS a0, toLower('QFnrLtGf') AS a1, (r5.id) AS a2
result_size=1
MATCH (n0{id:5})-[r0 :T3]-(n1 :L5)-[r1 :T15]->(n2 :L1 :L4), (n3 :L7 :L1)-[r2 :T3]-(n4 :L0{k5:-2400920000561693138})-[r3 :T20]-(n5 :L6{k38:'06rII'}), (n6)-[r4 :T12]-(n7 :L7{k43:'XTIWLJZ'}), (n7 :L7)-[r5 :T18]-(n0{id:5})-[r6 :T24]->(n8 :L0 :L1)-[r7 :T12]->(n9 :L6 :L4{k38:'G66h54gy'})-[r8 :T10]->(n10 :L5{k37:-4123222271918706618})-[r9 :T1]->(n2 :L4), (n11 :L3 :L2{k24:'gyzAB4j'})-[r10 :T14]-(n10)-[r11 :T24]->(n9 :L4{k26:'Qs1AUL'})-[r12 :T23]-(n12{k41:'d52ku9hIJ'})-[r13 :T20]-(n6{id:6}), (n5{k41:'IfJeii'})<-[r14 :T11]-(n3 :L4) WHERE (((NOT (NOT ((r14.k116) = true))) AND ((((NOT ((n8.k1) = true)) AND ((((n3.k7) = true) OR ((n9.k40) = true)) AND ((r3.k171) STARTS WITH (r3.k171)))) OR ((((n5.k41) CONTAINS (n5.k41)) AND ((r11.id) >= (n8.k5))) AND ((((r5.k160) = true) OR ((n10.k33) = true)) AND (((n10.k33) = true) AND ((n5.k40) = true))))) AND (('Bj8P3' ENDS WITH 'j8P3') AND ((r1.k139) = true)))) AND ((((((((((((((((((((((((((((((((((((n0.id) = 5) AND (((((r0.k74) = 'Zmgw3pRb') AND ((r0.k73) STARTS WITH 'RV1s')) AND ((r0.id) = 42)) AND ((r0.k74) ENDS WITH 'gw3pRb'))) AND ((n1.k34) = 1965625194247199693)) AND ((((r1.id) = 29) AND ((r1.k142) STARTS WITH 'vREk')) AND ((r1.id) = 29))) AND ((n2.id) = 12)) AND (((n3.k8) > -1124049135995523483) AND ((n3.k8) < -1124049135995523480))) AND (((r2.k76) CONTAINS 'widVby') AND ((r2.k76) STARTS WITH 'widVbyP'))) AND ((n4.k5) = -2400920000561693138)) AND (((r3.id) = 27) AND ((r3.k173) ENDS WITH 'zxaLH'))) AND ((n5.k42) ENDS WITH 'd81HL')) AND ((n6.id) = 6)) AND ((((((r4.id) = 22) AND ((r4.id) = 22)) AND ((r4.k124) = 'K2LbRSI')) AND ((r4.k124) = 'K2LbRSI')) AND (((r4.k123) >= 6082356648555420688) AND ((r4.k123) <= 6082356648555420692)))) AND ((n7.k43) STARTS WITH 'XTIWLJ')) AND (((n7.k45) >= 2718911057759583310) AND ((n7.k45) <= 2718911057759583314))) AND ((r5.id) = 19)) AND (((((r6.id) = 38) AND (((r6.k198) > 8746241522820875851) AND ((r6.k198) < 8746241522820875854))) AND ((r6.id) = 38)) AND ((r6.k196) ENDS WITH 'p98Jr'))) AND ((n8.id) = 8)) AND (((((r7.k124) > 'WkjQu') AND ((r7.k124) < 'WkjQw')) AND ((r7.k124) = 'WkjQv')) AND ((r7.k124) = 'WkjQv'))) AND ((n9.id) = 13)) AND (((((((r8.k114) > 'ZL9jN0') AND ((r8.k114) < 'ZL9jP0')) AND (((r8.k113) > 'BGRbx') AND ((r8.k113) < 'BGRbz'))) AND ((r8.k114) STARTS WITH 'ZL9jO')) AND ((r8.k114) CONTAINS 'ZL9jO')) AND ((r8.id) = 21))) AND (((n10.k37) >= -4123222271918706619) AND ((n10.k37) <= -4123222271918706617))) AND ((((r9.id) = 17) AND ((r9.k61) = -7825767595787592155)) AND (((r9.k61) >= -7825767595787592157) AND ((r9.k61) <= -7825767595787592153)))) AND ((n2.id) = 12)) AND ((n11.k22) STARTS WITH 'AUZmj0')) AND (((r10.k135) > 'IplffRU') AND ((r10.k135) < 'IplffTU'))) AND ((n10.id) = 10)) AND ((((r11.id) = 33) AND ((r11.id) = 33)) AND ((r11.id) = 33))) AND ((n9.k39) STARTS WITH 'eQQoiz')) AND (((((((r12.k190) >= 7526033825694392951) AND ((r12.k190) <= 7526033825694392954)) AND ((r12.id) = 40)) AND (((r12.k190) >= 7526033825694392951) AND ((r12.k190) <= 7526033825694392953))) AND ((r12.k191) CONTAINS 'GUbr')) AND (((r12.k191) > 'jjGUbrI') AND ((r12.k191) < 'jjGUbrK')))) AND ((n12.id) = 9)) AND ((((r13.id) = 30) AND ((r13.id) = 30)) AND ((r13.k169) = 2232831999908142577))) AND ((n6.id) = 6)) AND ((n5.k41) STARTS WITH 'IfJe')) AND ((((r14.k119) > -7056345085841727845) AND ((r14.k119) < -7056345085841727843)) AND ((r14.k117) = 'HyNMA'))) AND (((n3.k44) >= -8896115924327519687) AND ((n3.k44) <= -8896115924327519684)))) OPTIONAL MATCH (n6{id:6})-[r15 :T12]-(n7{k48:4543459467705193670}), (n13 :L2 :L5)-[r16 :T6]-(n6), (n0)-[r17 :T28]-(n6{id:6}), (n3{k48:5967145899274200833})-[r18 :T3]-(n4)-[r19 :T20]->(n5 :L6{k39:'5w36Mf54W'}), (n0)-[r20 :T3]->(n1{k35:'F8r1dos1'})-[r21 :T15]->(n2 :L1) WHERE ((1777196736 = 1777196736) AND ((((((((((((((r15.id) = 22) AND ((r15.id) = 22)) AND (((r15.k124) > 'K2LbRRI') AND ((r15.k124) < 'K2LbRTI'))) AND ((r15.id) = 22)) AND ((r15.k123) = 6082356648555420690)) AND ((n13.k36) = 8612711047123248148)) AND (((r16.k91) > 864591430261021654) AND ((r16.k91) < 864591430261021657))) AND ((n0.id) = 5)) AND (((((r17.k223) CONTAINS 'Ngdp') AND ((r17.k220) STARTS WITH 'eq4Wm')) AND (((r17.k222) > -2774331026389006874) AND ((r17.k222) < -2774331026389006872))) AND (((r17.k220) > 'eq4WmIc') AND ((r17.k220) < 'eq4WmKc')))) AND ((n3.id) = 16)) AND ((r18.k76) ENDS WITH 'VbyP3')) AND (((((r20.k73) ENDS WITH 'V1sKQ') AND ((r20.k76) CONTAINS 'lQkV')) AND ((r20.k76) ENDS WITH 'lQkVC')) AND ((r20.id) = 42))) AND ((r21.k142) ENDS WITH 'REk0p'))) RETURN DISTINCT (r0.k74) AS a0, max('88sYgwo') AS a1, toInteger(avg(1803574460)) AS a2 ORDER BY a2, a1
result_size=1
MATCH (n0 :L3 :L2{k14:8623196897885206238})-[r0 :T14]->(n1 :L5{k33:true})-[r1 :T24]->(n2 :L6 :L4)-[r2 :T23]->(n3{k42:'lhQKYzD'})-[r3 :T28]-(n4 :L0 :L6), (n5)<-[r4 :T20]-(n3)-[r5 :T26]-(n6{id:5}), (n5{id:6})-[r6 :T12]-(n7 :L7{k45:2718911057759583312}) WHERE ((NOT (NOT (((r0.k136) <> ('KRvFc'+((r0.k136)+(r5.k210)))) AND (NOT (63394884 < -5389115714634299614))))) AND (((((((((((((((n0.k16) = -2716617476983529533) AND ((r0.k133) ENDS WITH 'HSD7Xztb')) AND ((((r1.k196) ENDS WITH 'mgeUewP') AND ((r1.k196) ENDS WITH 'geUewP')) AND ((r1.k198) = 4027856393029522741))) AND ((n2.k39) CONTAINS 'oizZ')) AND ((r2.k191) CONTAINS 'jjGUbr')) AND (((r3.k219) >= 4018243849994837522) AND ((r3.k219) <= 4018243849994837524))) AND ((n4.id) = 11)) AND ((n5.id) = 6)) AND ((((((r4.id) = 30) AND ((r4.id) = 30)) AND ((r4.id) = 30)) AND ((r4.k171) STARTS WITH 'bhdt7DN')) AND ((r4.id) = 30))) AND ((n3.id) = 9)) AND ((((r5.k207) = -2783621490039719715) AND ((r5.k207) = -2783621490039719715)) AND ((r5.k208) STARTS WITH 'ImRV1'))) AND ((n6.id) = 5)) AND ((n5.id) = 6)) AND ((r6.id) = 22))) OPTIONAL MATCH (n5)<-[r7 :T12]-(n7{k48:4543459467705193670}), (n8 :L4 :L1 :L7{k47:'UD0fp'})-[r8 :T3]-(n9 :L0{k5:-2400920000561693138})-[r9 :T20]->(n10), (n6)-[r10 :T28]-(n5{id:6}), (n5{id:6})-[r11 :T20]-(n3)-[r12 :T26]-(n6), (n0 :L3 :L2{k13:3399386675929356568})-[r13 :T14]-(n1{k34:-7583288959209556088})-[r14 :T24]->(n2{k40:true})-[r15 :T23]->(n3 :L6{k41:'d52ku9hIJ'})-[r16 :T28]->(n4{k42:'RONw3SOc7'}), (n11 :L5{k33:true})-[r17 :T15]-(n12 :L1 :L4) WHERE ((((((true AND (((r17.k139) = true) AND ((r3.k224) = true))) AND ((((n4.k40) = true) AND ((n2.k30) = true)) OR (((n12.k31) = true) AND ((n12.k7) = true)))) OR ((r14.k199) = true)) OR (((((n3.k38)+(n2.k41)) <> (n10.k41)) AND ((r0.k132) = true)) AND ((n12.k32) STARTS WITH 'Vo4'))) OR (NOT (((NOT ((n12.k10) < (n2.k39))) AND (NOT (true OR ((n2.k40) = true)))) OR (1029647551 = 6492187277658068220)))) AND ((((((((((((((((((r7.id) = 22) AND (((r7.k126) > 'y1mN31d') AND ((r7.k126) < 'y1mN33d'))) AND ((r7.id) = 22)) AND ((r7.k126) CONTAINS 'mN32')) AND ((r7.id) = 22)) AND (((n8.k8) >= -1124049135995523482) AND ((n8.k8) <= -1124049135995523480))) AND ((r8.k76) ENDS WITH 'widVbyP3')) AND ((r10.k223) ENDS WITH 'Ngdpd')) AND ((((((r11.id) = 30) AND ((r11.id) = 30)) AND ((r11.id) = 30)) AND ((r11.k173) = 'YWVHNEcq')) AND ((r11.id) = 30))) AND ((n3.k41) CONTAINS '52ku9')) AND ((r12.k207) = -2783621490039719715)) AND ((r13.id) = 32)) AND ((((r14.id) = 33) AND ((r14.k198) = 4027856393029522741)) AND ((r14.id) = 33))) AND (((r15.k192) >= 5322921643877952844) AND ((r15.k192) <= 5322921643877952846))) AND (((((r16.k222) > 3804251417676348121) AND ((r16.k222) < 3804251417676348123)) AND ((r16.k223) = 'yAezo')) AND ((r16.k221) ENDS WITH 'PsdwRn'))) AND ((n11.k37) = 785608621570665755)) AND ((r17.id) = 29))) RETURN (r10.k223) AS a0, (n3.k38) AS a1, toBoolean(-1928839856) AS a2
result_size=1
MATCH (n0)<-[r0 :T8]-(n1 :L2 :L5{k34:6179862335993338594}), (n2 :L6{k40:true})<-[r1 :T20]-(n3 :L0{k5:-2400920000561693138})-[r2 :T3]-(n4 :L4 :L1 :L7), (n5 :L5{k34:1965625194247199693})-[r3 :T15]->(n6 :L1 :L4{k8:7042114855180338148}), (n2{k38:'06rII'})<-[r4 :T0]-(n7 :L0 :L1{k6:false})<-[r5 :T25]-(n8 :L3 :L2), (n9 :L7)-[r6 :T18]->(n10)-[r7 :T26]-(n11 :L6{k41:'d52ku9hIJ'})-[r8 :T20]-(n0{id:6}) WHERE ((((r5.k203)+(((((n2.k38)+(r3.k143))+((r2.k74)+(n6.k26)))+(r2.k74))+(('bgbBMVHpa'+((n3.k2)+(n1.k12)))+(((n6.k26)+(n2.k38))+((n1.k35)+(r0.k99)))))) CONTAINS (n1.k12)) AND ((((((((((((((((((((((n0.id) = 6) AND (((((((r0.k100) > 3540112961909550965) AND ((r0.k100) < 3540112961909550968)) AND (((r0.k101) > 'YXgxhRTZ') AND ((r0.k101) < 'YXgxhRVZ'))) AND ((r0.id) = 26)) AND ((r0.id) = 26)) AND (((r0.k100) >= 3540112961909550964) AND ((r0.k100) <= 3540112961909550967)))) AND ((n1.id) = 0)) AND ((n2.k41) = 'IfJeii')) AND ((((r1.k169) >= -4853415323776279847) AND ((r1.k169) <= -4853415323776279844)) AND ((r1.id) = 27))) AND (((n3.k5) > -2400920000561693139) AND ((n3.k5) < -2400920000561693136))) AND ((r2.k75) CONTAINS 'SOjp')) AND (((n5.k36) >= 466367946567531307) AND ((n5.k36) <= 466367946567531311))) AND ((((r3.k142) STARTS WITH 'vREk0') AND ((r3.id) = 29)) AND ((r3.id) = 29))) AND ((n6.id) = 12)) AND ((n2.id) = 4)) AND ((((r4.k56) >= -3233492417696465967) AND ((r4.k56) <= -3233492417696465964)) AND ((r4.id) = 41))) AND (((n7.k3) >= 125373113888663037) AND ((n7.k3) <= 125373113888663040))) AND (((((r5.k202) > 8070887007901028978) AND ((r5.k202) < 8070887007901028982)) AND (((r5.k206) > 'HwwtS04MB') AND ((r5.k206) < 'HwwtS04MD'))) AND ((r5.id) = 20))) AND ((n8.k15) = -2446511175260932910)) AND ((n9.k43) ENDS WITH 'TIWLJZ')) AND ((r6.id) = 19)) AND ((((((r7.k207) >= -2783621490039719717) AND ((r7.k207) <= -2783621490039719714)) AND ((r7.k210) STARTS WITH 'cs6dDfAI')) AND (((r7.k208) > 'ImRV1TC') AND ((r7.k208) < 'ImRV1TE'))) AND (((r7.k207) >= -2783621490039719717) AND ((r7.k207) <= -2783621490039719713)))) AND ((n11.id) = 9)) AND (((((r8.k169) > 2232831999908142575) AND ((r8.k169) < 2232831999908142579)) AND ((r8.id) = 30)) AND ((r8.id) = 30))) AND ((n0.id) = 6))) WITH (n2.k38) AS a0 ORDER BY a0 DESC LIMIT 1 WHERE ((((r8.k173) STARTS WITH 'YWVHN') AND ((r8.k170) = true)) OR ((-1553471201 < -6038346187687346208) OR (((((r8.k173)+(r6.k158)) STARTS WITH 'YWVHN') AND ((NOT ((r1.k172) = true)) OR (true AND true))) OR (((n6.k31) = true) OR (NOT (NOT ((r3.k144) = true))))))) RETURN a0, toBoolean(2046689014) AS a1, toInteger(ceil(1464390334)) AS a2
result_size=1
MATCH (n0 :L0 :L1)-[r0 :T0]->(n1 :L6), (n2)<-[r1 :T6]-(n3 :L2 :L5{k37:-406503534336382114}), (n4{id:5})-[r2 :T3]->(n5 :L5)-[r3 :T13]->(n6 :L1 :L4), (n7 :L0 :L6{k38:'9jQ4cJ'})<-[r4 :T28]-(n8 :L6{id:9})-[r5 :T23]-(n9 :L6 :L4)<-[r6 :T12]-(n0 :L1), (n3)-[r7 :T8]-(n2) WHERE ((NOT ((n9.k26) <> (n9.k26))) AND ((((((((((((((((((((n0.k3) >= 125373113888663037) AND ((n0.k3) <= 125373113888663039)) AND ((((r0.id) = 41) AND ((r0.id) = 41)) AND ((r0.k57) = -2497523888505129148))) AND (((n1.k41) > 'IfJeih') AND ((n1.k41) < 'IfJeij'))) AND ((n2.id) = 6)) AND (((r1.k89) > 'TDJmSbcc') AND ((r1.k89) < 'TDJmSbec'))) AND ((n4.id) = 5)) AND ((((((r2.k75) > 'pcHJEaYs') AND ((r2.k75) < 'pcHJEaYu')) AND ((r2.k74) STARTS WITH 'Zmgw3pR')) AND ((r2.k75) CONTAINS 'pcHJEa')) AND ((r2.k75) STARTS WITH 'pcHJEaY'))) AND (((n5.k35) > 'F8r1dos0') AND ((n5.k35) < 'F8r1dos2'))) AND ((((r3.k127) = 5101727655859649513) AND ((r3.id) = 31)) AND ((r3.k130) STARTS WITH '082f'))) AND (((n6.k8) >= 7042114855180338146) AND ((n6.k8) <= 7042114855180338149))) AND ((n7.id) = 11)) AND ((((r5.k188) CONTAINS '69cLN') AND ((r5.k191) ENDS WITH 'jGUbrJ')) AND ((r5.k191) STARTS WITH 'jjGUb'))) AND ((n9.k38) ENDS WITH '6h54gy')) AND ((((((r6.k126) ENDS WITH 'ChX3j') AND (((r6.k123) >= 1402329967508564603) AND ((r6.k123) <= 1402329967508564605))) AND ((r6.id) = 23)) AND ((r6.id) = 23)) AND ((r6.id) = 23))) AND (((n0.k0) >= 5920646469914511855) AND ((n0.k0) <= 5920646469914511857))) AND (((n3.k36) > 8612711047123248146) AND ((n3.k36) < 8612711047123248149))) AND ((r7.id) = 26)) AND ((n2.id) = 6))) WITH toBoolean((n0.id)) AS a0, toBoolean((r3.id)) AS a1 ORDER BY a1 DESC, a0 DESC SKIP 0 WHERE ((('6MvGZ6Sg4'+('z40LxfmgH'+'sdXxi')) <= (((('zAzoWIZvr'+'9aYpFqlIV')+'UqcOO1tSQ')+'od5ef6K7o')+'vkvqbLjA')) AND (((('5C7Hp2dBO'+('Vcr8Z'+'fL6nnRs4'))+(('7v3600Hb5'+'HPFjY')+('crWNsKo'+'RJVAj')))+('S5cXVK'+'qfHs3H')) <= '5C7Hp2|BOVcr8ZfL6nnRs47v3600Hb5HPFjYcrWNsKoRJVAjS5cXVKqfHs3H')) MATCH (n10 :L1 :L7)-[r8 :T11]-(n1), (n10 :L4 :L1{k26:'iKG3vB'})-[r9 :T3]-(n11 :L0{k2:'hlkEXIeD'})-[r10 :T20]-(n1), (n3 :L5)-[r11 :T8]-(n2), (n12 :L7)-[r12 :T12]->(n2{id:6}) WHERE ((((-1 >= (n11.k5)) AND ((n3.k36) = 8612711047123248148)) OR ((((((n1.k42)+(n10.k47))+(r9.k75))+((n1.k41)+('4Gk0H'+(n12.k43))))+((((n10.k47)+(n10.k43))+((n11.k2)+(n10.k26)))+(('GvTLNqnh3'+(r11.k97))+(n10.k10)))) CONTAINS ('Xld8'+'1HLUD0fpSOjpEIfJeii4Gk0HXTIWLJZUD0fpv6jJg6AGHhlkEXIeD'))) AND (((((((((((((n10.k48) >= 5967145899274200832) AND ((n10.k48) <= 5967145899274200834)) AND (((r8.k117) STARTS WITH 'HyNM') AND ((r8.k121) = -6330868736350595616))) AND ((n1.k41) STARTS WITH 'IfJei')) AND ((n10.id) = 16)) AND ((r9.k73) CONTAINS 'BxTr')) AND (((r10.id) = 27) AND ((r10.k173) ENDS WITH 'zxaLH'))) AND ((n1.k42) CONTAINS 'Xld8')) AND (((n3.k36) > 8612711047123248147) AND ((n3.k36) < 8612711047123248149))) AND ((r11.id) = 26)) AND ((n12.k48) = 4543459467705193670)) AND ((r12.k124) CONTAINS 'LbRS'))) UNWIND [(((n12.k46)+(r11.k101))+((n10.k10)+(r12.k124))), (((r11.k99)+'FNh7Hplb8')+((r11.k99)+(r11.k101)))] AS a2 RETURN DISTINCT replace('7I0Ex', '', 'eY2CJ') AS a3, min(-351805729) AS a4, replace('RyNor23', '', 'YEfOUAe') AS a5 ORDER BY a3, a4, a5
result_size=1
MATCH (n0 :L1 :L7 :L4)-[r0 :T3]->(n1 :L0{k4:'wmbkbu3v'})-[r1 :T20]->(n2 :L6), (n3 :L5)-[r2 :T13]-(n4 :L4), (n5{id:6})<-[r3 :T12]-(n6 :L7), (n7 :L3 :L2{k22:'AUZmj0U'})-[r4 :T14]->(n8 :L5)-[r5 :T1]->(n4 :L1), (n5)<-[r6 :T8]-(n9 :L5), (n10{k41:'d52ku9hIJ'})-[r7 :T20]->(n5{id:6}) WHERE (((NOT (-1978348064 = (r4.k138))) AND ((r0.id) <> (r1.id))) AND ((((((((((((((((((n0.k10) STARTS WITH 'y1diem3') AND (((r0.id) = 18) AND ((r0.id) = 18))) AND ((n1.id) = 7)) AND (((n3.k34) > 1965625194247199692) AND ((n3.k34) < 1965625194247199694))) AND ((r2.k128) = -4279423502983938201)) AND ((n5.id) = 6)) AND ((r3.id) = 22)) AND (((n7.k25) >= -2206665055465668533) AND ((n7.k25) <= -2206665055465668529))) AND ((r4.id) = 32)) AND (((((r5.k61) >= -7825767595787592157) AND ((r5.k61) <= -7825767595787592154)) AND ((r5.id) = 17)) AND (((r5.k63) >= 5764713500642301136) AND ((r5.k63) <= 5764713500642301138)))) AND ((n4.k32) STARTS WITH 'Vo4tK')) AND ((n5.id) = 6)) AND ((((((r6.id) = 26) AND ((r6.k101) ENDS WITH 'XgxhRUZ')) AND (((r6.k101) > 'YXgxhRTZ') AND ((r6.k101) < 'YXgxhRVZ'))) AND ((r6.k101) CONTAINS 'Xgxh')) AND ((r6.k101) = 'YXgxhRUZ'))) AND (((n9.k36) >= 8612711047123248147) AND ((n9.k36) <= 8612711047123248149))) AND (((n10.k41) > 'd52ku9hII') AND ((n10.k41) < 'd52ku9hIK'))) AND ((((r7.id) = 30) AND ((r7.id) = 30)) AND ((r7.k174) = -6057677018444856096))) AND ((n5.id) = 6))) MATCH (n5)<-[r8 :T12]-(n6), (n3{id:1})-[r9 :T2]-(n5{id:6}), (n0 :L1 :L7)-[r10 :T11]-(n2{k38:'06rII'}), (n3 :L5)-[r11 :T13]->(n4), (n0 :L1{k30:false})-[r12 :T3]->(n1 :L0{id:7})-[r13 :T20]-(n2), (n4 :L4)<-[r14 :T15]-(n3{id:1})<-[r15 :T3]-(n11{id:5})-[r16 :T18]-(n6) WHERE ((((((r2.k129) = true) OR (((((n0.k30) = true) OR ((r14.k140) = true)) OR ((r0.k74) STARTS WITH '4uzOF')) OR (('GBGmH'+(n4.k10)) = 'GBGmHRrj35wCT'))) OR (((((r11.k131)+(n2.k39))+((n2.k42)+(r1.k173))) <= (('RPmFxpM'+(r16.k158))+((r0.k76)+'h5lOd'))) AND ((NOT (((r6.k98) = true) AND true)) OR ((((n4.k27) = true) OR ((r5.k64) = true)) OR (((n4.k7) = true) AND ((n7.k20) = true)))))) OR (NOT ((((((n4.k31) = true) OR ((r16.k157) = true)) OR ((n6.k48) >= (n4.k11))) OR (NOT ((n9.k18) = true))) AND ((n8.k34) >= -8274033066248046237)))) AND (((((((((((((((r8.k123) >= 6082356648555420689) AND ((r8.k123) <= 6082356648555420692)) AND ((r8.id) = 22)) AND ((r8.k123) = 6082356648555420690)) AND ((r8.id) = 22)) AND (((r8.k126) > 'y1mN31d') AND ((r8.k126) < 'y1mN33d'))) AND (((((r9.k66) >= -5778711994477049960) AND ((r9.k66) <= -5778711994477049956)) AND (((r9.k68) > 'VSCHLw') AND ((r9.k68) < 'VSCHLy'))) AND ((r9.k71) = 2820036865457788493))) AND (((r10.k117) STARTS WITH 'HyN') AND ((r10.k119) = -7056345085841727844))) AND (((r11.k127) > 5101727655859649512) AND ((r11.k127) < 5101727655859649515))) AND (((r12.k75) > 'SOjpD') AND ((r12.k75) < 'SOjpF'))) AND (((r13.k174) > 4069073454625864955) AND ((r13.k174) < 4069073454625864958))) AND (((r14.id) = 29) AND ((r14.id) = 29))) AND ((r15.k74) STARTS WITH 'Zmgw3p')) AND (((((r16.id) = 19) AND ((r16.id) = 19)) AND (((r16.k159) >= 2754502035547936131) AND ((r16.k159) <= 2754502035547936135))) AND ((r16.id) = 19)))) RETURN max('pwNXzKM') AS a0 ORDER BY a0 DESC SKIP 0 LIMIT 1
result_size=1
MATCH (n0)-[r0 :T6]-(n1 :L2 :L5{k35:'yMs3i'}), (n2 :L0 :L6{k5:3261015534487220440})<-[r1 :T28]-(n3{k41:'d52ku9hIJ'}), (n4 :L7)-[r2 :T12]->(n0), (n5)<-[r3 :T20]-(n6{k3:-7464571967216274257})-[r4 :T3]-(n7 :L4 :L1 :L7), (n8 :L3 :L2)-[r5 :T25]->(n9 :L0 :L1{k3:125373113888663038})-[r6 :T12]-(n10 :L6 :L4{k30:true})-[r7 :T10]->(n11 :L5)-[r8 :T1]-(n12 :L1 :L4{id:12}), (n12{k29:1266321051555660273})-[r9 :T13]-(n13 :L5) WHERE (((((((n5.k42)+(((n6.k4)+'94wbP9')+(n12.k26)))+(('KFaNLEvFF'+((r4.k75)+'fy2tqSN'))+((n12.k32)+((r2.k126)+(r1.k220)))))+((((n12.k32)+(n10.k42))+((r5.k206)+(r6.k124)))+'12YnV')) <> (((((n10.k39)+((n2.k4)+'8kDoRPL'))+((r4.k75)+((n8.k22)+(n2.k4))))+((((r6.k126)+(n3.k38))+(r6.k124))+((r0.k89)+('KjwaLubc'+(n10.k32)))))+(((n10.k26)+(n3.k38))+(('PwZSgPV'+((n3.k41)+'kJBVF2'))+(((n8.k22)+(n5.k41))+('qgkrsVBBZ'+(n10.k41))))))) AND ((r0.id) <> (r1.id))) AND (((((((((((((((((((((((n0.id) = 6) AND (((((((r0.k89) > 'TDJmSbdb') AND ((r0.k89) < 'TDJmSbdd')) AND ((r0.k87) = 'Kzy7X')) AND ((r0.k91) = 864591430261021655)) AND (((r0.k91) > 864591430261021654) AND ((r0.k91) < 864591430261021657))) AND ((r0.id) = 25))) AND (((n1.k16) > -7012417840344948121) AND ((n1.k16) < -7012417840344948117))) AND ((n2.id) = 11)) AND (((n4.k44) >= -8266938458973302968) AND ((n4.k44) <= -8266938458973302964))) AND ((r2.id) = 22)) AND ((n0.id) = 6)) AND (((n5.k41) > 'IfJehi') AND ((n5.k41) < 'IfJeji'))) AND (((r3.id) = 27) AND ((r3.id) = 27))) AND (((n6.k0) >= -1906050157137018096) AND ((n6.k0) <= -1906050157137018093))) AND (((r4.k73) > '1BxTrvm') AND ((r4.k73) < '1BxTrvo'))) AND ((n8.k24) ENDS WITH 'gyzAB4j')) AND ((r5.id) = 20)) AND ((n9.k10) ENDS WITH 'w1vQ4gDT')) AND (((r6.k123) > 1402329967508564602) AND ((r6.k123) < 1402329967508564605))) AND ((((((r7.id) = 21) AND ((r7.id) = 21)) AND ((r7.id) = 21)) AND ((r7.id) = 21)) AND (((r7.k112) >= 8619326266014210130) AND ((r7.k112) <= 8619326266014210132)))) AND (((n11.k34) >= -7583288959209556090) AND ((n11.k34) <= -7583288959209556087))) AND (((((r8.k61) > -7825767595787592157) AND ((r8.k61) < -7825767595787592153)) AND ((r8.id) = 17)) AND (((r8.k61) > -7825767595787592156) AND ((r8.k61) < -7825767595787592153)))) AND ((n12.id) = 12)) AND ((n12.id) = 12)) AND (((r9.k128) >= -4279423502983938203) AND ((r9.k128) <= -4279423502983938199))) AND ((n13.k35) ENDS WITH 'F8r1dos1'))) WITH endNode(r3) AS a0, (r3.k173) AS a1, (r8.k62) AS a2, toString((n9.k6)) AS a3 ORDER BY a2, a1, a3 DESC SKIP 0 WHERE (((NOT ((((a2 = true) AND ((a0.k40) = true)) OR (((a0.k40) = true) AND (a2 = true))) AND (((a2 = true) AND (a2 = true)) OR ((a2 = true) OR (a2 = true))))) AND (((((a0.k39) < (a0.k39)) OR (NOT ((a0.k40) = true))) OR ((a0.k39) CONTAINS (a0.k39))) OR ((NOT (false OR (a2 = true))) AND (((a0.k41)+(a0.k42)) > 'IfJ(iiXld81HL')))) AND ((a0.id) >= (a0.id))) UNWIND [(((a0.k38)+(a0.k38))+((a0.k42)+(a0.k41))), (a0.k39)] AS a4 WITH a0, toBoolean((a0.id)) AS a5 ORDER BY a5 DESC SKIP 1 LIMIT 1 WHERE (a5 = true) OPTIONAL MATCH (n4 :L7)-[r10 :T12]->(n0), (n0)<-[r11 :T2]-(n13{k36:466367946567531309}), (n5{k42:'Xld81HL'})-[r12 :T11]-(n7), (n2 :L6)-[r13 :T28]-(n3{k38:'gSqX8w'}), (n0{id:6})-[r14 :T6]-(n1{k17:false}) WHERE (((n5.k40) = true) AND (((((((((((((n4.k43) CONTAINS 'IWLJ') AND ((r10.id) = 22)) AND ((n0.id) = 6)) AND ((r11.k68) STARTS WITH 'VSCHL')) AND ((n5.k41) = 'IfJeii')) AND ((r12.id) = 34)) AND ((n7.id) = 16)) AND (((n2.k3) >= 2392547742313983862) AND ((n2.k3) <= 2392547742313983865))) AND (((n3.k41) > 'd52ku9hHJ') AND ((n3.k41) < 'd52ku9hJJ'))) AND ((n0.id) = 6)) AND ((((((r14.k89) ENDS WITH 'mSbdc') AND ((r14.k89) STARTS WITH 'TDJmSb')) AND ((r14.id) = 25)) AND ((r14.k89) ENDS WITH 'JmSbdc')) AND ((r14.k91) = 864591430261021655))) AND (((n1.k34) > 6179862335993338592) AND ((n1.k34) < 6179862335993338596)))) MATCH (n5 :L6{k39:'5w36Mf54W'})<-[r15 :T11]-(n7 :L1), (n0)-[r16 :T28]-(n14{id:5}), (n9)-[r17 :T0]->(n5 :L6) WHERE ((((a0.k38)+(a0.k41)) ENDS WITH (n5.k41)) AND ((((((r15.k119) = -7056345085841727844) AND (((r15.k115) > 'UH90JS') AND ((r15.k115) < 'UH90JU'))) AND (((r16.k222) > -2774331026389006874) AND ((r16.k222) < -2774331026389006872))) AND ((n9.id) = 8)) AND (((((r17.k59) > -4633079729852842371) AND ((r17.k59) < -4633079729852842369)) AND ((r17.id) = 41)) AND (((r17.k57) >= -2497523888505129149) AND ((r17.k57) <= -2497523888505129146))))) RETURN DISTINCT toString(false) AS a6, substring('XGwTa3D', 1, 1) AS a7, (n5.k42) AS a8 ORDER BY a8 SKIP 0
result_size=1
MATCH (n0)-[r0 :T12]-(n1 :L7), (n2 :L6)-[r1 :T11]-(n3 :L4 :L1 :L7{k30:false}), (n0{id:6})<-[r2 :T20]-(n4 :L6), (n5)-[r3 :T24]-(n6 :L1{k3:125373113888663038})-[r4 :T0]-(n2) WHERE (((((-1507577261 > (r4.k57)) AND ((((n3.k29) = (n6.k8)) AND (NOT false)) OR (NOT ((n3.k27) = true)))) AND ((((((r1.k116) = true) OR ((r2.k175) = true)) AND ((r0.k122) = true)) AND ((false OR false) OR ('VFt6RH' = (r1.k115)))) OR (((n2.k39)+((n2.k42)+(n3.k10))) > (n2.k39)))) OR ((n4.k40) = true)) AND ((((((((((((((n0.id) = 6) AND ((((((r0.id) = 22) AND ((r0.k126) CONTAINS 'mN32')) AND (((r0.k123) >= 6082356648555420688) AND ((r0.k123) <= 6082356648555420692))) AND ((r0.k126) CONTAINS '1mN3')) AND ((r0.id) = 22))) AND ((n1.k43) STARTS WITH 'XTIWLJ')) AND ((n2.k39) STARTS WITH '5w36Mf5')) AND (((r1.k119) = -7056345085841727844) AND ((r1.k117) CONTAINS 'HyNM'))) AND ((n3.id) = 16)) AND ((n0.id) = 6)) AND ((r2.id) = 30)) AND ((n5.id) = 5)) AND (((((r3.id) = 38) AND (((r3.k194) >= -9023582833066204104) AND ((r3.k194) <= -9023582833066204102))) AND ((r3.k198) = 8746241522820875852)) AND ((r3.id) = 38))) AND (((n6.k3) > 125373113888663036) AND ((n6.k3) < 125373113888663039))) AND (((r4.k59) >= -4633079729852842372) AND ((r4.k59) <= -4633079729852842369))) AND ((n2.k38) CONTAINS '06rI'))) MATCH (n0)<-[r5 :T28]-(n5{id:5})<-[r6 :T18]-(n1), (n7 :L0 :L6)-[r7 :T28]-(n4{id:9}), (n8 :L2 :L5{k16:-7012417840344948119})-[r8 :T6]-(n0{id:6}), (n9 :L5{k35:'F8r1dos1'})-[r9 :T13]-(n10 :L1 :L4{k30:false}), (n2{k40:true})-[r10 :T11]-(n3{k29:6795446390278999292}), (n0)<-[r11 :T12]-(n1) WHERE (((((((n3.k47)+((n6.k2)+(r11.k126)))+(((n7.k4)+(n4.k41))+((n7.k42)+'yVaDpOK')))+((n2.k38)+'jaNci0u'))+(((('QHmvmIr9w'+(n1.k43))+((n3.k47)+'vSRLtp'))+(((r2.k173)+(r10.k117))+((r6.k158)+(r5.k220))))+(n2.k42))) < (((((r5.k220)+(r6.k158))+((n4.k42)+('ZmedJ'+(n1.k46))))+((((n1.k43)+(n3.k47))+((n2.k39)+(n1.k46)))+(((n3.k32)+(r11.k124))+('bmxNg'+(n7.k41)))))+((((n10.k26)+((n7.k41)+(r10.k115)))+(('fm2jW75'+(n3.k32))+'5o8xUBUd'))+(((n1.k43)+('qoGji'+(r8.k87)))+(r6.k158))))) AND ((((((((((((((r5.k222) = -2774331026389006873) AND (((r5.k219) >= 1622161806245935800) AND ((r5.k219) <= 1622161806245935803))) AND ((r5.k223) CONTAINS 'Ngdp')) AND (((r5.k222) > -2774331026389006875) AND ((r5.k222) < -2774331026389006871))) AND ((r5.k223) ENDS WITH 'Ngdpd')) AND (((n7.k0) >= -6708116742212665318) AND ((n7.k0) <= -6708116742212665315))) AND ((n8.k37) = -406503534336382114)) AND (((r8.k89) > 'TDJmSbcc') AND ((r8.k89) < 'TDJmSbec'))) AND ((n9.k37) = 785608621570665755)) AND (((((r9.k127) >= 5101727655859649511) AND ((r9.k127) <= 5101727655859649515)) AND (((r9.k131) > 'uaYJWXt') AND ((r9.k131) < 'uaYJWZt'))) AND (((r9.k128) > -4279423502983938202) AND ((r9.k128) < -4279423502983938199)))) AND ((n10.id) = 12)) AND (((r10.k115) ENDS WITH 'UH90JT') AND ((r10.k119) = -7056345085841727844))) AND ((((((r11.id) = 22) AND ((r11.k123) = 6082356648555420690)) AND ((r11.k126) ENDS WITH 'mN32d')) AND ((r11.k126) = 'y1mN32d')) AND ((r11.k126) ENDS WITH '1mN32d')))) RETURN toInteger(stdevp(-1468577299)) AS a0, toBoolean(-1238843836) AS a1 ORDER BY a0, a1 DESC SKIP 0
result_size=1
MATCH (n0{id:6})-[r0 :T2]-(n1 :L5{k35:'F8r1dos1'})<-[r1 :T3]-(n2{id:5}), (n0)-[r2 :T12]-(n3), (n4 :L6)-[r3 :T28]->(n5 :L6 :L0), (n0)-[r4 :T6]-(n6 :L2 :L5{k16:-7012417840344948119}) WHERE ((((((((r2.k124)+'IFflR')+((r1.k74)+'rAAIz')) STARTS WITH (r2.k124)) OR ((NOT (NOT true)) AND ((n6.k36) = (n6.k36)))) AND ((n4.k40) = true)) OR (((r0.id) < (n6.k16)) OR ((-1743458288 <= -4966274958770573277) OR (NOT ((((r3.k224) = true) AND ((n6.k33) = true)) AND (((n1.k33) = true) AND ((r4.k90) = true))))))) AND ((((((((((((n0.id) = 6) AND ((((((r0.k71) = 2820036865457788493) AND ((r0.k67) ENDS WITH 's9JHeCY')) AND (((r0.k67) > 'Ns9JHeCX') AND ((r0.k67) < 'Ns9JHeCZ'))) AND ((r0.k71) = 2820036865457788493)) AND ((r0.k66) = -5778711994477049958))) AND ((n1.id) = 1)) AND ((n0.id) = 6)) AND ((r2.id) = 22)) AND (((n3.k48) >= 4543459467705193668) AND ((n3.k48) <= 4543459467705193672))) AND ((n4.id) = 9)) AND ((((r3.k223) STARTS WITH 'yAez') AND (((r3.k220) > 'PWGnqoBv') AND ((r3.k220) < 'PWGnqoDv'))) AND ((r3.k220) CONTAINS 'WGnqoC'))) AND (((n5.k41) > '0FXnc') AND ((n5.k41) < '0FXpc'))) AND ((n0.id) = 6)) AND ((r4.id) = 25))) UNWIND [(n1.id), (n6.k16)] AS a0 RETURN reverse('HopAE') AS a1, count(572504470) AS a2, toInteger(avg(-1580048789)) AS a3 ORDER BY a2, a3 DESC SKIP 0 LIMIT 1
result_size=1
MATCH (n0)-[r0 :T28]-(n1), (n2 :L0{k2:'hlkEXIeD'})-[r1 :T20]-(n3 :L6), (n3)<-[r2 :T0]-(n4 :L1)-[r3 :T24]-(n1{id:5}), (n0)-[r4 :T8]-(n5 :L2 :L5), (n5 :L5{k18:true})-[r5 :T6]-(n0), (n6 :L3 :L2{k16:-2716617476983529533})-[r6 :T25]->(n4 :L0)-[r7 :T12]->(n7 :L6 :L4)-[r8 :T10]->(n8 :L5)-[r9 :T1]-(n9 :L1 :L4{k27:false}) WHERE (((((((((((r7.k126)+(n3.k39))+((n3.k38)+(n4.k10)))+((n7.k41)+('nuCF2G'+(r6.k204))))+'5vUzEX') STARTS WITH (r7.k126)) OR (NOT ((((n4.k2)+(n4.k10))+('8i8uZ4tVu'+(n4.k2))) STARTS WITH (n4.k2)))) AND ((r0.id) <> (r1.id))) AND ((r0.id) <> (r2.id))) AND ((r0.id) <> (r3.id))) AND (((((((((((((((((((((((n0.id) = 6) AND (((((((r0.k219) > 1622161806245935801) AND ((r0.k219) < 1622161806245935803)) AND (((r0.k219) >= 1622161806245935801) AND ((r0.k219) <= 1622161806245935804))) AND ((r0.id) = 37)) AND ((r0.id) = 37)) AND ((r0.k222) = -2774331026389006873))) AND ((n1.id) = 5)) AND (((n2.k2) > 'hlkEXIdD') AND ((n2.k2) < 'hlkEXIfD'))) AND ((((r1.k169) > -4853415323776279847) AND ((r1.k169) < -4853415323776279844)) AND ((r1.id) = 27))) AND ((n3.k42) ENDS WITH 'Xld81HL')) AND (((n3.k41) > 'IfJeih') AND ((n3.k41) < 'IfJeij'))) AND (((r2.k59) > -4633079729852842372) AND ((r2.k59) < -4633079729852842368))) AND ((((r3.id) = 38) AND ((r3.id) = 38)) AND ((r3.id) = 38))) AND ((n1.id) = 5)) AND ((n0.id) = 6)) AND ((((((r4.id) = 26) AND (((r4.k101) > 'YXgxhRUY') AND ((r4.k101) < 'YXgxhRU['))) AND ((r4.k99) STARTS WITH 'cXTOV')) AND ((r4.id) = 26)) AND ((r4.k99) STARTS WITH 'cXTOV'))) AND (((n5.k13) >= -4602100562286318762) AND ((n5.k13) <= -4602100562286318759))) AND ((n5.id) = 0)) AND ((r5.k89) ENDS WITH 'DJmSbdc')) AND ((n0.id) = 6)) AND ((n6.k25) = -2206665055465668531)) AND ((r6.k203) CONTAINS 'N8T9J')) AND ((r7.id) = 23)) AND ((((((r8.id) = 21) AND ((r8.id) = 21)) AND ((r8.k113) = 'BGRby')) AND ((r8.id) = 21)) AND (((r8.k112) > 8619326266014210129) AND ((r8.k112) < 8619326266014210133)))) AND ((n8.id) = 10)) AND ((r9.id) = 17))) WITH DISTINCT min((r6.k203)) AS a0, n3 ORDER BY (n3.k39), (n3.k40) DESC, a0 DESC SKIP 0 WHERE (((n3.k40) = true) AND ((((NOT (false = true)) AND ((n3.k40) = true)) OR (NOT (((n3.k40) = true) AND true))) AND (((n3.id) <= (n3.id)) AND ((n3.k40) = true)))) RETURN max(-1681914800) AS a1, (n3.k41) AS a2, sign(969233950) AS a3, a0, (n3.k40) AS a4 ORDER BY a1, a2, a3, a0 SKIP 0
result_size=1
MATCH (n0)-[r0 :T28]-(n1{id:5}), (n0{id:6})-[r1 :T8]-(n2 :L2 :L5), (n1)-[r2 :T26]-(n3{k42:'lhQKYzD'})-[r3 :T20]->(n0), (n4 :L5{k37:785608621570665755})-[r4 :T13]->(n5 :L1 :L4), (n1{id:5})-[r5 :T3]-(n4{k36:466367946567531309})-[r6 :T2]->(n0{id:6}), (n5 :L4{id:12})<-[r7 :T1]-(n6 :L5)<-[r8 :T10]-(n7 :L6 :L4)<-[r9 :T12]-(n8 :L0 :L1)<-[r10 :T25]-(n9 :L3 :L2{k12:'592RnI'}) WHERE ((((((((((n6.k35)+((r1.k97)+(n5.k10)))+'vMqXXdj6f') ENDS WITH 'Ie4OXrEDies1v2rlRrj35wCTvMqXXdj6f') AND (((n7.k32) = (((r10.k204)+(n7.k32))+(n3.k38))) OR (((r9.k125) = true) AND ((n9.k16) = (n9.k16))))) AND (((r8.k109) = true) AND ((n2.k18) = true))) AND ((r0.id) <> (r1.id))) AND ((r1.id) <> (r2.id))) AND ((r2.id) <> (r3.id))) AND (((((((((((((((((((((((n0.id) = 6) AND (((r0.k222) >= -2774331026389006874) AND ((r0.k222) <= -2774331026389006872))) AND ((n0.id) = 6)) AND ((((((r1.k100) = 3540112961909550966) AND ((r1.k99) STARTS WITH 'cXTOVP')) AND (((r1.k100) > 3540112961909550965) AND ((r1.k100) < 3540112961909550968))) AND ((r1.id) = 26)) AND ((r1.id) = 26))) AND ((n2.k16) = -7012417840344948119)) AND ((n1.id) = 5)) AND ((r2.k210) STARTS WITH 'cs6dDfAI')) AND (((((r3.k169) >= 2232831999908142575) AND ((r3.k169) <= 2232831999908142579)) AND (((r3.k169) > 2232831999908142575) AND ((r3.k169) < 2232831999908142578))) AND (((r3.k171) > 'bhdt7DMP') AND ((r3.k171) < 'bhdt7DOP')))) AND ((n0.id) = 6)) AND ((n4.k35) ENDS WITH '8r1dos1')) AND ((r4.k128) = -4279423502983938201)) AND ((n1.id) = 5)) AND (((((r5.id) = 42) AND ((r5.k74) ENDS WITH 'Zmgw3pRb')) AND ((r5.k76) CONTAINS 'lQkV')) AND ((r5.id) = 42))) AND (((n4.k36) >= 466367946567531307) AND ((n4.k36) <= 466367946567531310))) AND (((r6.k71) >= 2820036865457788491) AND ((r6.k71) <= 2820036865457788495))) AND ((n5.id) = 12)) AND ((r7.k61) = -7825767595787592155)) AND ((((r8.k113) CONTAINS 'BGRb') AND (((r8.k113) > 'BGRbx') AND ((r8.k113) < 'BGRbz'))) AND ((r8.id) = 21))) AND ((n7.k39) ENDS WITH 'eQQoizZK')) AND ((((((r9.id) = 23) AND ((r9.k126) CONTAINS 'ddChX3')) AND ((r9.k124) ENDS WITH 'WkjQv')) AND ((r9.id) = 23)) AND (((r9.k124) > 'WkjQu') AND ((r9.k124) < 'WkjQw')))) AND ((n8.id) = 8)) AND (((r10.k205) > 'PLDNc') AND ((r10.k205) < 'PLDPc')))) UNWIND [(r1.k99), (r0.k223), (('8iHgNMqNH'+(n8.k4))+((r8.k114)+(n7.k38)))] AS a0 UNWIND [-50663355, -1449027141, -486444343] AS a1 MATCH (n4 :L5{k35:'F8r1dos1'})-[r11 :T15]->(n5 :L1{k26:'TiYbFZ9'}), (n10 :L6)<-[r12 :T20]-(n11 :L0{k2:'hlkEXIeD'}), (n1)-[r13 :T3]-(n4{id:1})-[r14 :T2]->(n0{id:6}), (n12 :L0 :L6)<-[r15 :T28]-(n3 :L6) WHERE ((((((('r1ct5J3'+(n5.k10))+((r13.k76)+(r13.k76)))+(n9.k12))+((((r9.k126)+(n5.k26))+((r13.k74)+(n3.k41)))+(((n8.k10)+(r8.k113))+((r8.k113)+(n12.k41))))) ENDS WITH (n12.k41)) OR (((((r13.k75)+(r10.k205))+((r2.k210)+('eDr11'+(r1.k99))))+(((n5.k10)+((r12.k173)+(r15.k221)))+(r1.k97))) STARTS WITH (r13.k75))) AND ((((((((r11.id) = 29) AND (((n10.k39) > '5w36Mf54V') AND ((n10.k39) < '5w36Mf54X'))) AND ((r12.k174) = 4069073454625864956)) AND (((((r13.k75) CONTAINS 'cHJEa') AND ((r13.k73) = 'RV1sKQ')) AND ((r13.k73) CONTAINS 'V1sK')) AND ((r13.id) = 42))) AND (((((r14.k69) > '7HBxS4') AND ((r14.k69) < '7HBxS6')) AND ((r14.k67) STARTS WITH 'Ns9JHeC')) AND (((r14.k68) > 'VSCHLw') AND ((r14.k68) < 'VSCHLy')))) AND ((n0.id) = 6)) AND (((n12.k3) >= 2392547742313983863) AND ((n12.k3) <= 2392547742313983865)))) OPTIONAL MATCH (n2 :L2{k18:true})-[r16 :T6]->(n0{id:6}), (n5 :L1)-[r17 :T1]-(n6{k34:-7583288959209556088})<-[r18 :T10]-(n7 :L6 :L4{k30:true})-[r19 :T12]-(n8{k1:true})-[r20 :T25]-(n9 :L2), (n0{id:6})-[r21 :T8]-(n2), (n10{k42:'Xld81HL'})-[r22 :T11]-(n13 :L1 :L7 :L4{k48:5967145899274200833}) WHERE ((((n9.id) = 14) AND ((r16.id) <> (r17.id))) AND (((((((((r16.k87) CONTAINS 'Kzy7') AND (((r17.id) = 17) AND ((r17.id) = 17))) AND ((((r18.k112) = 8619326266014210131) AND ((r18.id) = 21)) AND (((r18.k113) > 'BGRbx') AND ((r18.k113) < 'BGRbz')))) AND ((r19.id) = 23)) AND ((((r20.k205) ENDS WITH 'PLDOc') AND (((r20.k206) > 'HwwtS04MB') AND ((r20.k206) < 'HwwtS04MD'))) AND ((r20.k206) CONTAINS 'tS04M'))) AND ((((((r21.id) = 26) AND ((r21.id) = 26)) AND ((r21.id) = 26)) AND ((r21.id) = 26)) AND ((r21.k99) = 'cXTOVPl'))) AND (((r22.k115) ENDS WITH 'H90JT') AND (((r22.k119) >= -7056345085841727845) AND ((r22.k119) <= -7056345085841727842)))) AND (((n13.k29) > 6795446390278999290) AND ((n13.k29) < 6795446390278999293)))) RETURN DISTINCT (n7.k42) AS a2, a1 ORDER BY a2, a1 DESC
result_size=3
MATCH (n0 :L6)<-[r0 :T11]-(n1 :L4 :L1 :L7{k9:1181119789980388786}), (n2 :L2 :L5{k16:-7012417840344948119})-[r1 :T8]-(n3{id:6}), (n4 :L1 :L4{k30:false})<-[r2 :T1]-(n5 :L5{k35:'DIe4OXrE'})<-[r3 :T10]-(n6 :L6 :L4)<-[r4 :T12]-(n7 :L1)-[r5 :T25]-(n8 :L3 :L2{k12:'592RnI'}) WHERE (((('PIwMine'+'i58vZ')+((r3.k114)+(((n0.k39)+((n8.k22)+(n8.k22)))+(((n6.k39)+'3qWPXly')+((n0.k38)+'tgrQJmIrU'))))) = 'PIwMinei58vZZL9jO05w36Mf54WAUZmj0UAUZmj0UeQQoizZK3qWPXly06rIItgrQJmIrU') AND (((((((((((((((n0.id) = 4) AND (((r0.k119) = -7056345085841727844) AND ((r0.id) = 34))) AND ((n1.id) = 16)) AND ((n2.k16) = -7012417840344948119)) AND ((r1.id) = 26)) AND ((n4.id) = 12)) AND (((r2.id) = 17) AND ((r2.id) = 17))) AND (((n5.k36) >= 376371496100050020) AND ((n5.k36) <= 376371496100050022))) AND ((((r3.id) = 21) AND (((r3.k112) >= 8619326266014210129) AND ((r3.k112) <= 8619326266014210133))) AND (((r3.k113) > 'BGRbx') AND ((r3.k113) < 'BGRbz')))) AND ((n6.k32) CONTAINS 'nAgH')) AND ((((((r4.id) = 23) AND ((r4.k126) ENDS WITH 'ddChX3j')) AND ((r4.id) = 23)) AND ((r4.id) = 23)) AND ((r4.k123) = 1402329967508564604))) AND ((n7.k4) CONTAINS 'GHHE6')) AND ((((r5.k205) = 'PLDOc') AND (((r5.k205) > 'PLDNc') AND ((r5.k205) < 'PLDPc'))) AND (((r5.k201) >= -2856531495863862389) AND ((r5.k201) <= -2856531495863862386)))) AND ((n8.id) = 14))) WITH sum((toInteger((n7.k5)/-2147483644))) AS a0, type(r0) AS a1, (n2.id) AS a2 ORDER BY a0 DESC, a2 DESC, a1 SKIP 0 WHERE ((((NOT ((a1 = 'T/1') OR (a1 > 'T&1'))) OR false) OR (false = true)) OR (true = true)) UNWIND [(('0zNHuI' < '0zNH`I') OR (NOT (true = true)))] AS a3 WITH a1, toBoolean(a2) AS a4 ORDER BY a1, a4 LIMIT 1 WHERE (((a1 CONTAINS (''+a1)) OR (-1702678619 >= -8593228389263820619)) AND (NOT (NOT (a1 STARTS WITH 'T11')))) UNWIND [((NOT (a4 = true)) OR (a1 CONTAINS 'T11')), (('vdAI7QF' STARTS WITH 'vdAI7QF') AND (true AND true)), (((a4 = true) AND (a4 = true)) OR ((true = true) OR (a4 = true)))] AS a5 UNWIND [(NOT ((a4 = true) AND (a4 = true))), (NOT (NOT (a4 = true))), (((a4 = true) AND (a4 = true)) OR ('sr3nDu3' = a1))] AS a6 RETURN toInteger(avg(-1074369601)) AS a7, max('0JFKbyz') AS a8, toInteger(log10(1329129943)) AS a9 ORDER BY a7, a9, a8 DESC SKIP 0 LIMIT 1
result_size=1
MATCH (n0{id:6})<-[r0 :T20]-(n1 :L6), (n2 :L0 :L6)-[r1 :T28]-(n1)-[r2 :T23]-(n3 :L6 :L4)<-[r3 :T24]-(n4 :L5), (n5 :L5)-[r4 :T13]->(n6 :L4 :L1{k8:7042114855180338148}), (n7 :L6)<-[r5 :T0]-(n8 :L0 :L1)<-[r6 :T24]-(n9), (n10 :L4 :L1 :L7)-[r7 :T11]->(n7{k42:'Xld81HL'}), (n0)<-[r8 :T28]-(n9) WHERE (((((NOT ((NOT false) AND (((r6.k199) = true) OR ((n2.k1) = true)))) AND (((((r0.k175) = true) AND ((n5.k33) = true)) AND (((r7.k120) = true) OR ((n2.k40) = true))) OR ((n1.id) <= (r8.k219)))) AND ((n7.k40) = true)) OR (((n8.k5) = -8408587225525372772) OR (NOT (((n2.k4)+((n7.k41)+'wmlrS')) <= (((n1.k41)+'JIlk2a')+((n6.k32)+(n2.k38))))))) AND ((((((((((((((((((((n0.id) = 6) AND ((((((r0.id) = 30) AND ((r0.id) = 30)) AND ((r0.id) = 30)) AND (((r0.k173) > 'YWVHNEbq') AND ((r0.k173) < 'YWVHNEdq'))) AND ((r0.k169) = 2232831999908142577))) AND ((n1.k42) CONTAINS 'QKYz')) AND (((n2.k3) >= 2392547742313983862) AND ((n2.k3) <= 2392547742313983865))) AND ((((r2.k190) = 7526033825694392952) AND (((r2.k191) > 'jjGUbqJ') AND ((r2.k191) < 'jjGUbsJ'))) AND ((r2.k191) ENDS WITH 'GUbrJ'))) AND ((n3.id) = 13)) AND (((r3.k196) > 'mgeUewO') AND ((r3.k196) < 'mgeUewQ'))) AND (((n5.k37) > 785608621570665754) AND ((n5.k37) < 785608621570665757))) AND (((((r4.k128) >= -4279423502983938203) AND ((r4.k128) <= -4279423502983938199)) AND ((r4.k131) STARTS WITH 'uaYJWY')) AND (((r4.k127) > 5101727655859649512) AND ((r4.k127) < 5101727655859649514)))) AND ((n6.k26) ENDS WITH 'TiYbFZ9')) AND ((n7.k41) STARTS WITH 'IfJe')) AND ((r5.k57) = -2497523888505129148)) AND ((((r6.id) = 38) AND ((r6.id) = 38)) AND ((r6.id) = 38))) AND ((n9.id) = 5)) AND ((n10.k8) = -1124049135995523481)) AND ((r7.k121) = -6330868736350595616)) AND ((n0.id) = 6)) AND (((((((r8.k219) >= 1622161806245935801) AND ((r8.k219) <= 1622161806245935804)) AND ((r8.id) = 37)) AND ((r8.id) = 37)) AND ((r8.k220) STARTS WITH 'eq4WmJ')) AND ((r8.k222) = -2774331026389006873))) AND ((n9.id) = 5))) MATCH (n5)-[r9 :T13]-(n6 :L1), (n5)-[r10 :T15]->(n6 :L4{k31:true}), (n0{id:6})<-[r11 :T6]-(n11 :L2 :L5{k36:8612711047123248148}), (n2{k38:'9jQ4cJ'})-[r12 :T28]-(n1 :L6)-[r13 :T23]-(n3{k32:'f76nAgHe'})<-[r14 :T24]-(n4), (n0)-[r15 :T20]-(n1{k38:'gSqX8w'}), (n12 :L7{k48:4543459467705193670})-[r16 :T18]-(n9{id:5})-[r17 :T3]-(n5 :L5{id:1})-[r18 :T2]-(n0{id:6}) WHERE ((NOT (((((n5.k33) = true) AND ((((r12.k224) = true) OR ((r9.k129) = true)) AND (((r11.k90) = true) OR ((r0.k175) = true)))) AND (((NOT ((n3.k31) = true)) OR (((n8.k7) = true) AND true)) OR ((n3.k30) = true))) AND ((-955464245 = (n2.id)) OR ((n6.k30) = true)))) AND (((((((((((((((r9.k130) > '082ftN') AND ((r9.k130) < '082fvN')) AND ((r9.id) = 31)) AND ((r9.k131) STARTS WITH 'uaYJW')) AND ((r10.id) = 29)) AND ((((((r11.id) = 25) AND (((r11.k87) > 'Kzy7W') AND ((r11.k87) < 'Kzy7Y'))) AND (((r11.k89) > 'TDJmSbcc') AND ((r11.k89) < 'TDJmSbec'))) AND ((r11.k89) CONTAINS 'JmSb')) AND ((r11.k89) CONTAINS 'DJmSb'))) AND ((n11.k35) ENDS WITH 'yMs3i')) AND ((r13.k191) STARTS WITH 'jjGUb')) AND ((r14.id) = 33)) AND ((((((r15.k169) = 2232831999908142577) AND ((r15.k173) CONTAINS 'VHNE')) AND ((r15.id) = 30)) AND ((r15.k169) = 2232831999908142577)) AND ((r15.id) = 30))) AND (((n12.k48) > 4543459467705193668) AND ((n12.k48) < 4543459467705193672))) AND ((r16.id) = 19)) AND ((r17.k74) STARTS WITH 'Zmgw3p')) AND (((((r18.k66) >= -5778711994477049960) AND ((r18.k66) <= -5778711994477049957)) AND ((r18.id) = 36)) AND ((r18.k69) STARTS WITH '7HBx')))) UNWIND [(r12.k221)] AS a0 WITH toInteger(pi()) AS a1, split((r9.k131), (n3.k39)) AS a2, toUpper((n2.k38)) AS a3, max((r1.id)) AS a4 ORDER BY a1 DESC, a3, a4 SKIP 0 WHERE ((a3+(a3+a3)) ENDS WITH a3) MATCH (n0)<-[r19 :T6]-(n11 :L2{k16:-7012417840344948119}), (n12{id:15})-[r20 :T12]-(n0{id:6}), (n6 :L1)<-[r21 :T1]-(n4 :L5)<-[r22 :T10]-(n3), (n5{k37:785608621570665755})-[r23 :T15]->(n6 :L1{k10:'Rrj35wCT'}) WHERE (((((r22.k110) = true) OR (((((n6.k32)+(n5.k35))+((r20.k124)+(n3.k42)))+(n12.k43)) < ((n6.k32)+(((n6.k10)+(n12.k46))+((r19.k89)+(n6.k32)))))) OR (NOT ((NOT ((n4.id) = (r19.k91))) OR (((n6.k32)+(r22.k113)) <> (((n6.k10)+'ZKyKemM6P')+((n12.k46)+(n3.k38))))))) AND (((((((((((((n0.id) = 6) AND ((r19.k89) STARTS WITH 'TDJmSb')) AND ((n12.id) = 15)) AND ((r20.k124) ENDS WITH 'LbRSI')) AND (((n6.k11) >= 4991724402361332956) AND ((n6.k11) <= 4991724402361332960))) AND ((((r21.k63) > 5764713500642301135) AND ((r21.k63) < 5764713500642301139)) AND ((r21.k61) = -7825767595787592155))) AND (((n4.k34) >= -7583288959209556090) AND ((n4.k34) <= -7583288959209556087))) AND ((((r22.id) = 21) AND ((r22.id) = 21)) AND ((r22.k113) CONTAINS 'BGRb'))) AND ((n3.id) = 13)) AND (((n5.k37) > 785608621570665754) AND ((n5.k37) < 785608621570665757))) AND ((((r23.id) = 29) AND ((r23.id) = 29)) AND ((r23.id) = 29))) AND ((n6.id) = 12))) RETURN (r21.k62) AS a5
result_size=1
MATCH (n0{id:5})-[r0 :T24]-(n1 :L0 :L1{id:8})-[r1 :T0]->(n2 :L6{k39:'5w36Mf54W'}), (n3 :L7{k43:'XTIWLJZ'})-[r2 :T18]->(n0)-[r3 :T3]-(n4 :L5)-[r4 :T2]-(n5{id:6}), (n6 :L7{k8:-1124049135995523481})-[r5 :T11]-(n2 :L6) WHERE ((-518269284 = -518269284) AND (((((((((((((n0.id) = 5) AND ((r0.id) = 38)) AND ((n1.id) = 8)) AND ((r1.id) = 41)) AND ((n3.k43) CONTAINS 'TIWL')) AND ((r2.id) = 19)) AND ((((((r3.k74) > 'Zmgw3pRa') AND ((r3.k74) < 'Zmgw3pRc')) AND (((r3.k74) > 'Zmgw3pRa') AND ((r3.k74) < 'Zmgw3pRc'))) AND (((r3.k75) > 'pcHJEaXt') AND ((r3.k75) < 'pcHJEaZt'))) AND ((r3.k74) = 'Zmgw3pRb'))) AND (((n4.k35) > 'F8r1dos0') AND ((n4.k35) < 'F8r1dos2'))) AND ((r4.id) = 36)) AND ((n6.k9) = 1181119789980388786)) AND ((((r5.k121) >= -6330868736350595618) AND ((r5.k121) <= -6330868736350595614)) AND (((r5.k115) > 'UH90JS') AND ((r5.k115) < 'UH90JU')))) AND ((n2.k39) STARTS WITH '5w36Mf54'))) UNWIND [(n6.k43)] AS a0 RETURN lTrim('63wTwsA') AS a1, (r1.k58) AS a2
result_size=1
MATCH (n0 :L4 :L1 :L7)-[r0 :T3]->(n1 :L0{k3:-7464571967216274257})-[r1 :T20]-(n2 :L6{id:4}), (n3{id:6})<-[r2 :T28]-(n4{id:5}), (n4)-[r3 :T24]-(n5 :L0 :L1{id:8})-[r4 :T0]-(n2), (n3{id:6})<-[r5 :T2]-(n6 :L5)<-[r6 :T3]-(n4)-[r7 :T18]-(n7{k45:2718911057759583312}), (n6)-[r8 :T13]-(n8 :L1 :L4{k11:4991724402361332958}), (n3)<-[r9 :T8]-(n9 :L2 :L5) WHERE (((((NOT ((848445696 = (r4.k59)) OR ((((n8.k7) = true) AND ((n6.k33) = true)) AND ((n1.k2) = (n1.k2))))) OR ((n9.k37) >= (n9.k37))) OR ((('bLekQ3'+('v6OJi'+((r6.k75)+'xquE1GM5'))) >= ((((r2.k223)+(r6.k73))+('4ZFrVQEb'+(n9.k35)))+((r0.k74)+((n0.k47)+(n6.k35))))) AND (((NOT (((r2.k224) = true) AND false)) AND (true AND (((n8.k6) = true) OR true))) AND (((n5.k2)+'pcsVD6fwk') <> (((n5.k2)+'JTeEEVDaw')+('Cmma4VY4R'+(r7.k158))))))) AND ((r0.id) <> (r1.id))) AND (((((((((((((((((((((((n0.k9) > 1181119789980388784) AND ((n0.k9) < 1181119789980388788)) AND (((r0.k72) > -6775504715404395826) AND ((r0.k72) < -6775504715404395823))) AND ((n1.id) = 7)) AND ((r1.k169) = -4853415323776279845)) AND ((n3.id) = 6)) AND (((r2.k219) > 1622161806245935800) AND ((r2.k219) < 1622161806245935804))) AND ((n4.id) = 5)) AND (((((r3.id) = 38) AND ((r3.id) = 38)) AND ((r3.id) = 38)) AND (((r3.k198) > 8746241522820875850) AND ((r3.k198) < 8746241522820875853)))) AND ((n5.id) = 8)) AND (((((r4.k56) > -3233492417696465967) AND ((r4.k56) < -3233492417696465964)) AND (((r4.k57) >= -2497523888505129149) AND ((r4.k57) <= -2497523888505129146))) AND ((r4.id) = 41))) AND ((n2.k41) ENDS WITH 'fJeii')) AND ((n3.id) = 6)) AND ((((((r5.id) = 36) AND ((r5.id) = 36)) AND (((r5.k67) > 'Ns9JHeBY') AND ((r5.k67) < 'Ns9JHeDY'))) AND ((r5.k69) CONTAINS '7HBxS')) AND ((r5.k69) STARTS WITH '7HBx'))) AND ((n6.k37) = 785608621570665755)) AND (((((r7.id) = 19) AND ((r7.id) = 19)) AND ((r7.id) = 19)) AND ((r7.id) = 19))) AND ((n7.k45) = 2718911057759583312)) AND ((n6.id) = 1)) AND (((r8.k128) > -4279423502983938202) AND ((r8.k128) < -4279423502983938199))) AND ((n3.id) = 6)) AND ((((((r9.k101) CONTAINS 'YXgxh') AND (((r9.k100) >= 3540112961909550964) AND ((r9.k100) <= 3540112961909550968))) AND ((r9.id) = 26)) AND (((r9.k99) > 'cXTOVOl') AND ((r9.k99) < 'cXTOVQl'))) AND ((r9.id) = 26))) AND ((n9.id) = 0))) WITH toBoolean((n8.id)) AS a0 ORDER BY a0 LIMIT 1 WHERE ('86CX6DZm' <= ('c6BrhIEl'+'OK7fd')) WITH collect(1716792242) AS a1 WHERE (((('V5uvj' = (('1e2je40'+'T5aP8yz')+'aPHDdKTN')) AND (NOT true)) OR (((-45285692 >= -3017527092847462094) OR (false = true)) AND true)) AND (((-1595168571 = -1595168571) AND (((NOT (true = true)) OR (-1979488348 < 4560202688147806514)) AND (true = true))) AND (((true = true) AND (false = true)) OR (true = true)))) UNWIND [(('DjYGW'+'7x8G14xFQ') = ('eBKnx'+'Etn71GusO'))] AS a2 RETURN DISTINCT toBoolean(654213828) AS a3, sum(-250995286) AS a4 ORDER BY a3 DESC, a4 DESC
result_size=1
MATCH (n0 :L6{k41:'d52ku9hIJ'})-[r0 :T28]->(n1 :L6), (n2 :L6)-[r1 :T11]-(n3 :L4 :L1 :L7{k28:true}), (n4)-[r2 :T28]-(n5) WHERE ((NOT ((r1.id) = 8935462596855776259)) AND (((((((((n0.k42) STARTS WITH 'lhQKY') AND ((r0.k219) = 4018243849994837523)) AND ((n2.k39) STARTS WITH '5w36Mf54')) AND (((r1.k119) = -7056345085841727844) AND (((r1.k119) > -7056345085841727845) AND ((r1.k119) < -7056345085841727842)))) AND (((n3.k9) >= 1181119789980388784) AND ((n3.k9) <= 1181119789980388787))) AND ((n4.id) = 6)) AND (((((((r2.k220) > 'eq4WmJb') AND ((r2.k220) < 'eq4WmJd')) AND (((r2.k222) > -2774331026389006874) AND ((r2.k222) < -2774331026389006871))) AND (((r2.k222) > -2774331026389006874) AND ((r2.k222) < -2774331026389006871))) AND ((r2.id) = 37)) AND (((r2.k220) > 'eq4WmJb') AND ((r2.k220) < 'eq4WmJd')))) AND ((n5.id) = 5))) WITH r2, r0 WHERE (NOT (NOT (((((n0.k38)+(n1.k41))+((n3.k10)+(r2.k223))) <= (((n1.k4)+'faIifB')+('PTuZUETb'+(n2.k38)))) AND (NOT (((n1.k4)+(n3.k26)) = (n1.k4)))))) MATCH (n6{k44:-8266938458973302966})-[r3 :T12]->(n4{id:6}), (n7 :L5)-[r4 :T15]->(n8 :L1 :L4), (n3 :L4 :L7{k44:-8896115924327519686})-[r5 :T3]->(n9 :L0{id:7})-[r6 :T20]-(n2 :L6), (n4{id:6})<-[r7 :T6]-(n10 :L2 :L5{k33:true}), (n2 :L6{k41:'IfJeii'})-[r8 :T11]-(n3 :L7) WHERE (((r0.k224) = true) AND (((((((((((((((((n6.k48) >= 4543459467705193668) AND ((n6.k48) <= 4543459467705193671)) AND (((r3.k124) > 'K2LbRRI') AND ((r3.k124) < 'K2LbRTI'))) AND ((n4.id) = 6)) AND ((n7.id) = 1)) AND (((r4.k142) > 'vREk/p') AND ((r4.k142) < 'vREk1p'))) AND (((n3.k44) >= -8896115924327519687) AND ((n3.k44) <= -8896115924327519684))) AND (((r5.k74) = '4uzOF') AND ((r5.id) = 18))) AND ((n9.k2) CONTAINS 'lkEX')) AND (((r6.id) = 27) AND ((r6.id) = 27))) AND ((n2.k38) ENDS WITH '06rII')) AND ((n4.id) = 6)) AND ((((((r7.k89) CONTAINS 'TDJmSb') AND (((r7.k89) > 'TDJmSbcc') AND ((r7.k89) < 'TDJmSbec'))) AND (((r7.k89) > 'TDJmSbcc') AND ((r7.k89) < 'TDJmSbec'))) AND ((r7.id) = 25)) AND ((r7.k89) CONTAINS 'DJmSb'))) AND ((n10.id) = 0)) AND ((n2.k39) ENDS WITH '5w36Mf54W')) AND ((r8.k119) = -7056345085841727844))) UNWIND [((NOT ((r8.k116) = true)) AND (((r8.k118) = true) OR false)), (NOT (((n3.k27) = true) OR true)), ((n8.id) <= 2335098636274779569)] AS a0 WITH (r6.k171) AS a1, split((r5.k74), (r6.k173)) AS a2, r3, r8 ORDER BY (r3.k126) DESC, (r8.k119) DESC, a1 DESC SKIP 2 LIMIT 1 WHERE ((('wrO8pb6g'+'LdyTjJ') <> (((((r3.k124)+(r3.k124))+(r3.k126))+(((r8.k117)+(r8.k117))+a1))+(((a1+'XJLXJf')+('fNLOAL'+(r8.k115)))+((r8.k117)+((r8.k117)+'XQE6k7hvF'))))) AND ((((('ehrIs4'+(r3.k126))+(r8.k115))+(((r8.k117)+(r8.k117))+('PvphNiS'+a1))) ENDS WITH a1) OR (NOT ((NOT (((r8.k116) = true) OR ((r8.k116) = true))) OR (((r8.k115) <> 'UH90JT') AND ((r8.id) > (r3.k123))))))) WITH endNode(r8) AS a3 WHERE (NOT (false = true)) RETURN toInteger(atan(-2110876074)) AS a4, trim('h5MiBKLAm') AS a5, max(-2090800416) AS a6, right('J00lO', 1) AS a7 ORDER BY a5 DESC, a6 DESC
result_size=1
MATCH (n0{id:5})-[r0 :T28]-(n1{id:6}), (n2 :L1 :L4{k32:'Vo4tKga'})-[r1 :T1]-(n3 :L5)-[r2 :T14]-(n4 :L3 :L2), (n1{id:6})<-[r3 :T12]-(n5 :L7{k44:-8266938458973302966}), (n6 :L0 :L1)-[r4 :T12]-(n7 :L6 :L4)-[r5 :T23]-(n8 :L6{k42:'lhQKYzD'})-[r6 :T20]-(n1), (n9 :L4 :L1 :L7)-[r7 :T3]->(n10{id:7})-[r8 :T20]->(n11 :L6) WHERE ((((((((r3.k124)+(r2.k134))+((r0.k220)+(r3.k126)))+(((n2.k26)+(r4.k124))+'vmzXnb5'))+(('3kJQm1L3L'+(n11.k41))+((r2.k136)+((n9.k43)+(n9.k43))))) < (((n9.k32)+((n3.k35)+((n5.k43)+(n9.k43))))+((((n8.k42)+(n11.k42))+((n9.k32)+(n5.k46)))+(('e7bzY'+(r7.k74))+((n9.k47)+(r2.k134)))))) AND (NOT (((n11.k40) = true) AND (((((n4.k17) = true) AND ((n10.k1) = true)) OR (false AND ((n7.k27) = true))) OR (((n7.k38)+(n7.k32)) = (n9.k10)))))) AND (((((((((((((((((((((n0.id) = 5) AND ((r0.k222) = -2774331026389006873)) AND (((n2.k9) > 2767796042371578912) AND ((n2.k9) < 2767796042371578915))) AND (((r1.id) = 17) AND (((r1.k63) > 5764713500642301136) AND ((r1.k63) < 5764713500642301139)))) AND ((n3.id) = 10)) AND (((((r2.k136) > 'w6rVS') AND ((r2.k136) < 'w6rVU')) AND (((r2.k138) >= -7202624143682116272) AND ((r2.k138) <= -7202624143682116269))) AND ((r2.id) = 32))) AND ((n4.k15) = -2446511175260932910)) AND ((n1.id) = 6)) AND (((((((r3.k123) > 6082356648555420689) AND ((r3.k123) < 6082356648555420692)) AND ((r3.id) = 22)) AND ((r3.k126) = 'y1mN32d')) AND ((r3.k126) = 'y1mN32d')) AND (((r3.k124) > 'K2LbRSH') AND ((r3.k124) < 'K2LbRSJ')))) AND (((n5.k46) > 'RbujIo') AND ((n5.k46) < 'RbujKo'))) AND ((n6.k0) = 5920646469914511856)) AND ((((r4.id) = 23) AND ((r4.id) = 23)) AND ((r4.id) = 23))) AND (((n7.k26) > 'Qs1ATL') AND ((n7.k26) < 'Qs1AVL'))) AND ((((((r5.k190) = 7526033825694392952) AND (((r5.k192) > 5322921643877952844) AND ((r5.k192) < 5322921643877952847))) AND (((r5.k188) > 'K69cLNm') AND ((r5.k188) < 'K69cLNo'))) AND ((r5.id) = 40)) AND ((r5.k191) = 'jjGUbrJ'))) AND ((n8.k42) CONTAINS 'lhQK')) AND ((((r6.k173) = 'YWVHNEcq') AND (((r6.k171) > 'bhdt7DNO') AND ((r6.k171) < 'bhdt7DNQ'))) AND ((r6.k173) CONTAINS 'YWVH'))) AND ((n1.id) = 6)) AND ((n9.k29) = 6795446390278999292)) AND (((r7.k74) STARTS WITH '4uz') AND (((r7.k75) > 'SOjoE') AND ((r7.k75) < 'SOjqE')))) AND ((n10.id) = 7))) OPTIONAL MATCH (n1)<-[r9 :T12]-(n5 :L7{id:15}), (n12 :L2 :L5)-[r10 :T8]-(n1), (n1{id:6})-[r11 :T6]-(n12 :L5{k36:8612711047123248148}) WHERE (((((((n11.k42)+(r2.k135))+(((n5.k46)+(r2.k135))+((r11.k87)+(r8.k173))))+((n11.k39)+(('szvsFUQXf'+(n4.k24))+(n11.k39))))+((n8.k42)+((((r2.k135)+'J7wN5d')+(n3.k35))+(((r10.k97)+(n5.k46))+((r7.k76)+(r6.k171)))))) <> ('dKi6Uxx'+((((r6.k171)+(n5.k46))+(n10.k2))+'OLP46v'))) AND ((((((((((r9.id) = 22) AND (((r9.k123) > 6082356648555420688) AND ((r9.k123) < 6082356648555420691))) AND (((r9.k124) > 'K2LbRRI') AND ((r9.k124) < 'K2LbRTI'))) AND ((r9.id) = 22)) AND ((r9.id) = 22)) AND ((n12.k16) = -7012417840344948119)) AND ((r10.k97) CONTAINS 's1v2r')) AND ((((((r11.k87) STARTS WITH 'Kzy7') AND (((r11.k91) >= 864591430261021654) AND ((r11.k91) <= 864591430261021657))) AND (((r11.k87) > 'Kzy6X') AND ((r11.k87) < 'Kzy8X'))) AND ((r11.k87) STARTS WITH 'Kzy7')) AND (((r11.k89) > 'TDJmSbdb') AND ((r11.k89) < 'TDJmSbdd')))) AND (((n12.k13) >= -4602100562286318762) AND ((n12.k13) <= -4602100562286318760)))) WITH DISTINCT toBoolean((r6.k169)) AS a0, type(r5) AS a1, n5 ORDER BY (n5.k44), a1 DESC, a0 DESC SKIP 0 WHERE (((((a0 = true) AND (NOT (false = true))) AND ((((a0 = true) OR true) AND ((a0 = true) AND (a0 = true))) AND (((a0 = true) AND (a0 = true)) AND ((n5.k43) STARTS WITH 'XTIWLJZ')))) AND (NOT (((n5.k48) <= (n5.k45)) OR (('FjKp0'+(n5.k43)) <= 'FjKp0XTIWLHZ')))) OR (NOT (('VdFpvC5PX' CONTAINS 'VdFpvC5PX') OR (a0 = true)))) WITH DISTINCT n5, a1, sum(1) AS a2, collect(-1629910913) AS a3 ORDER BY (n5.k44) DESC, (n5.k46), (n5.id) DESC, a1 DESC, a2 DESC LIMIT 1 WHERE (('2mW2m'+(n5.k43)) STARTS WITH '2mW2mXTI') UNWIND [1476613937] AS a4 OPTIONAL MATCH (n1{id:6})<-[r12 :T6]-(n12{k35:'yMs3i'}), (n13 :L5{k36:466367946567531309})-[r13 :T2]->(n1), (n8)-[r14 :T28]->(n14 :L0 :L6{k38:'9jQ4cJ'}), (n12 :L2{k36:8612711047123248148})-[r15 :T8]->(n1) WHERE (((((r13.k68)+(n14.k2))+(((n13.k35)+(((r15.k97)+(n14.k41))+('mHHwCS2'+(n14.k38))))+(n12.k12))) <> ((((r12.k87)+'c8F9RwK')+(((a1+(r12.k87))+'yhy9j')+'gPR0aTDlO'))+('DBvvZ1'+'RF7CbyTL'))) AND (((((((((((n1.id) = 6) AND ((r12.id) = 25)) AND ((n13.k35) STARTS WITH 'F8r1do')) AND (((((r13.k71) > 2820036865457788492) AND ((r13.k71) < 2820036865457788495)) AND ((r13.k71) = 2820036865457788493)) AND ((r13.k68) CONTAINS 'VSCH'))) AND ((n1.id) = 6)) AND ((n8.id) = 9)) AND ((r14.id) = 35)) AND ((n12.id) = 0)) AND (((r15.k97) > 'Dies1v2rk') AND ((r15.k97) < 'Dies1v2rm'))) AND ((n1.id) = 6))) RETURN (r14.k224) AS a5, a1, (n5.k45) AS a6
result_size=1
MATCH (n0 :L6)-[r0 :T11]-(n1 :L4 :L1 :L7{k6:true}), (n2 :L3 :L2)-[r1 :T25]-(n3 :L0 :L1)-[r2 :T12]->(n4 :L6 :L4{k40:true})-[r3 :T10]->(n5 :L5{id:10})-[r4 :T1]-(n6 :L1 :L4{k9:2767796042371578913}), (n7)-[r5 :T2]-(n8{k33:true}), (n6 :L1{k8:7042114855180338148})-[r6 :T13]-(n8 :L5{k36:466367946567531309})-[r7 :T3]-(n9), (n1 :L4 :L7)-[r8 :T3]-(n10 :L0{k3:-7464571967216274257})-[r9 :T20]-(n0{k41:'IfJeii'}) WHERE (((((((((n1.k32)+'rFNqrT')+((n4.k26)+(n1.k43))) > 'rE3Gseoi6rFNqrTQs1AULv6jJg6AGH') AND (((n1.k6) = true) AND (NOT (NOT ((n0.k40) = true))))) AND (((n0.k40) = true) OR (NOT (((n2.k20) = true) OR ((((n2.k20) = true) OR ((n6.k6) = true)) AND (((r0.k118) = true) OR ((n6.k30) = true))))))) AND ((r0.id) <> (r1.id))) AND ((r0.id) <> (r2.id))) AND ((((((((((((((((((((((((n0.k42) > 'Xld81GL') AND ((n0.k42) < 'Xld81IL')) AND ((((r0.k119) >= -7056345085841727845) AND ((r0.k119) <= -7056345085841727842)) AND ((r0.k115) = 'UH90JT'))) AND (((n1.k9) > 1181119789980388785) AND ((n1.k9) < 1181119789980388787))) AND ((n2.k22) STARTS WITH 'AUZmj0')) AND (((r1.k206) > 'HwwtS04MB') AND ((r1.k206) < 'HwwtS04MD'))) AND (((n3.k3) > 125373113888663037) AND ((n3.k3) < 125373113888663040))) AND (((((r2.k124) > 'WkjQu') AND ((r2.k124) < 'WkjQw')) AND ((r2.k126) ENDS WITH 'ChX3j')) AND ((r2.k124) ENDS WITH 'WkjQv'))) AND ((n4.id) = 13)) AND (((((((r3.k112) > 8619326266014210130) AND ((r3.k112) < 8619326266014210133)) AND ((r3.k112) = 8619326266014210131)) AND ((r3.id) = 21)) AND ((r3.id) = 21)) AND ((r3.id) = 21))) AND (((n5.k36) >= 376371496100050020) AND ((n5.k36) <= 376371496100050023))) AND ((r4.k61) = -7825767595787592155)) AND ((n7.id) = 6)) AND (((((((r5.k66) > -5778711994477049960) AND ((r5.k66) < -5778711994477049957)) AND ((r5.k68) STARTS WITH 'VSCH')) AND (((r5.k67) > 'Ns9JHeBY') AND ((r5.k67) < 'Ns9JHeDY'))) AND ((r5.k67) CONTAINS 's9JHeC')) AND ((r5.k67) CONTAINS 'JHeC'))) AND ((n8.id) = 1)) AND (((n6.k26) > 'TiYbFZ8') AND ((n6.k26) < 'TiYbFZ:'))) AND (((r6.k131) CONTAINS 'uaYJW') AND (((r6.k128) > -4279423502983938202) AND ((r6.k128) < -4279423502983938200)))) AND ((n8.id) = 1)) AND ((r7.k74) STARTS WITH 'Zmgw3p')) AND ((n1.k47) STARTS WITH 'UD0')) AND (((r8.id) = 18) AND ((r8.k72) = -6775504715404395824))) AND ((n10.id) = 7)) AND ((r9.id) = 27))) MATCH (n7{id:6})<-[r10 :T2]-(n8), (n8)-[r11 :T15]-(n6 :L1 :L4), (n11 :L2 :L5{k37:-406503534336382114})-[r12 :T6]->(n7), (n2{k16:-2716617476983529533})-[r13 :T25]->(n3{k5:-8408587225525372772})-[r14 :T12]-(n4 :L6{k41:'JCH7swa'})-[r15 :T10]->(n5)-[r16 :T1]-(n6 :L4{k10:'Rrj35wCT'}), (n0{k41:'IfJeii'})-[r17 :T11]-(n1 :L7{k9:1181119789980388786}) WHERE ((((r4.k61) < (n6.k11)) OR ((((NOT (((n6.k31) = true) AND ((n1.k31) = true))) OR ((((n5.k33) = true) AND ((n5.k33) = true)) AND ((n1.k10) CONTAINS (n1.k10)))) OR ((NOT ((n6.id) <= (r8.id))) OR (NOT (((n2.k21) = true) AND true)))) OR ((((r6.k129) = true) AND (((n10.k5) = (n10.k5)) AND ((n6.k6) = true))) OR ((NOT ((n1.k48) = (n1.k48))) OR (((r5.k68) CONTAINS (r5.k68)) OR (((n6.k31) = true) OR ((r15.k109) = true))))))) AND (((((((((((n7.id) = 6) AND ((((((r10.k66) = -5778711994477049958) AND ((r10.k69) ENDS WITH '7HBxS5')) AND ((r10.k68) CONTAINS 'SCHL')) AND (((r10.k71) > 2820036865457788491) AND ((r10.k71) < 2820036865457788495))) AND (((r10.k66) > -5778711994477049959) AND ((r10.k66) < -5778711994477049957)))) AND ((((r11.id) = 29) AND ((r11.id) = 29)) AND ((r11.id) = 29))) AND (((n11.k12) > '6mzAZuv9') AND ((n11.k12) < '6mzAZux9'))) AND (((r12.k87) > 'Kzy7W') AND ((r12.k87) < 'Kzy7Y'))) AND ((r13.id) = 20)) AND (((((r14.k123) >= 1402329967508564602) AND ((r14.k123) <= 1402329967508564605)) AND ((r14.id) = 23)) AND (((r14.k123) >= 1402329967508564602) AND ((r14.k123) <= 1402329967508564606)))) AND ((((((r15.id) = 21) AND (((r15.k112) > 8619326266014210129) AND ((r15.k112) < 8619326266014210132))) AND ((r15.k114) CONTAINS 'L9jO')) AND ((r15.id) = 21)) AND (((r15.k114) > 'ZL9jN0') AND ((r15.k114) < 'ZL9jP0')))) AND ((r16.id) = 17)) AND (((r17.k115) STARTS WITH 'UH90') AND ((r17.k117) CONTAINS 'HyNM')))) WITH max((toInteger((n6.k8)/2147483647))) AS a0, endNode(r17) AS a1 ORDER BY a0 DESC LIMIT 1 WHERE (((a1.k39) = '5w36Mf54W') AND ((((a1.id) = 7962965988479023737) OR ((((a1.k38)+(a1.k38))+((a1.k38)+(a1.k38))) STARTS WITH (a1.k38))) OR (((((a1.k41)+'7iBHUuSwN')+((a1.k38)+'UijSg3wI')) <= (((a1.k39)+(a1.k42))+((a1.k38)+(a1.k42)))) OR (NOT (a0 <= a0))))) UNWIND [a0, (a1.id)] AS a2 WITH DISTINCT toBoolean((a1.id)) AS a3, (a1.k40) AS a4 ORDER BY a4, a3 LIMIT 1 WHERE (((('eoSnXyC7'+(('hdSXvyP'+'BZv2DdJq')+('rdgfboR'+'sKrfQ7FHq'))) <> ((('zDRLjV'+'4LWkwz')+('Ct2pKv'+'yqNnk'))+(('ILBIOc7Q'+'BSoe67')+'SJJUEr'))) OR (a3 = true)) AND (a3 = true)) RETURN toBoolean(653210962) AS a5, toBoolean(-449044665) AS a6
